customer_id,customer_name,age,city,email,account_type,account_balance,credit_score
1,Pooja Pawar,46,Satara,poojapawar670587@gmail.com,Salary,17204.78,596
2,Priya Sharma,23,Aurangabad,priyasharma116839@gmail.com,Savings,38886.74,706
3,Neha Khan,24,Aurangabad,nehakhan26325@gmail.com,Savings,31382.22,574
4,Simran Khan,31,Thane,simrankhan777672@gmail.com,Current,2261.68,740
5,Amit Verma,67,Aurangabad,amitverma288489@gmail.com,Salary,29066.72,763
6,Ayesha Pawar,57,Thane,ayeshapawar256887@gmail.com,Current,12749.17,571
7,Akash Sharma,48,Solapur,akashsharma234153@gmail.com,Savings,7779.99,606
8,Kavya Shaikh,31,Thane,kavyashaikh146416@gmail.com,Savings,32316.84,769
9,Ayesha Khan,22,Nagpur,ayeshakhan772346@gmail.com,Current,23754.84,719
10,Sahil Jadhav,60,Thane,sahiljadhav107573@gmail.com,Current,4526.68,731
11,Sneha Singh,63,Thane,snehasingh709670@gmail.com,Current,19713.81,594
12,Kavya Shaikh,45,Aurangabad,kavyashaikh776746@gmail.com,Salary,48089.21,689
13,Rahul Joshi,26,Satara,rahuljoshi935618@gmail.com,Current,15243.74,799
14,Sneha Pawar,37,Ahmednagar,snehapawar571958@gmail.com,Savings,17947.46,801
15,Ananya Shaikh,20,Kolhapur,ananyashaikh91261@gmail.com,Current,8487.52,678
16,Kavya Joshi,27,Kolhapur,kavyajoshi619276@gmail.com,Salary,12067.44,764
17,Kavya Joshi,36,Pune,kavyajoshi442517@gmail.com,Salary,24884.1,571
18,Vijay Pawar,57,Solapur,vijaypawar33426@gmail.com,Savings,,806
19,Simran Patil,28,Nagpur,simranpatil31344@gmail.com,Savings,26598.6,731
20,Mohit Shaikh,64,Satara,mohitshaikh98346@gmail.com,Salary,20413.18,690
21,Aditya Singh,63,Pune,adityasingh229358@gmail.com,,36028.43,711
22,Ayesha Jadhav,42,Nagpur,ayeshajadhav244062@gmail.com,Salary,6189.07,836
23,Kavya Khan,58,Ahmednagar,kavyakhan530003@gmail.com,Savings,47313.66,704
24,Sneha Sharma,25,Nagpur,snehasharma631362@gmail.com,Salary,31375.17,840
25,Simran Pawar,21,Aurangabad,simranpawar27924@gmail.com,Salary,37209.81,783
26,Amit Verma,58,Thane,amitverma588608@gmail.com,Savings,14252.45,586
27,Pooja Jadhav,42,Solapur,poojajadhav208596@gmail.com,Savings,19499.35,754
28,Simran Pawar,49,Aurangabad,simranpawar750900@gmail.com,Current,20881.1,590
29,Kavya Jadhav,59,Pune,kavyajadhav681553@gmail.com,Savings,22970.51,709
30,Priya Singh,44,Thane,priyasingh735492@gmail.com,Savings,33030.63,706
31,Kavya Khan,38,Thane,kavyakhan571512@gmail.com,Savings,35871.78,826
32,Ananya Patil,41,Solapur,ananyapatil439998@gmail.com,Salary,6019.74,611
33,Pooja Verma,19,Satara,poojaverma231248@gmail.com,Savings,34285.07,730
34,Aditya Jadhav,53,Kolhapur,adityajadhav471129@gmail.com,Salary,42328.62,625
35,Kavya Pawar,38,Ahmednagar,kavyapawar617989@gmail.com,Savings,43278.55,673
36,Riya Joshi,64,Thane,riyajoshi291804@gmail.com,Salary,38055.65,818
37,Ananya Pawar,70,Aurangabad,ananyapawar848849@gmail.com,Salary,32233.12,601
38,Aditya Singh,25,Nagpur,adityasingh911627@gmail.com,Salary,19561.95,822
39,Neha Joshi,55,Nashik,nehajoshi6914@gmail.com,Savings,35616.51,734
40,Pooja Sharma,62,Ahmednagar,poojasharma795767@gmail.com,Salary,20894.47,626
41,Ananya Jadhav,34,,ananyajadhav845062@gmail.com,Current,2940.75,626
42,Aditya Gupta,41,Satara,adityagupta167514@gmail.com,Savings,40514.86,551
43,Sahil Jadhav,32,Satara,sahiljadhav732152@gmail.com,Savings,12052.88,599
44,Karan Khan,56,Satara,karankhan443243@gmail.com,Savings,1402.49,688
45,Ananya Joshi,28,Pune,ananyajoshi356878@gmail.com,Salary,18809.12,713
46,Mohit Sharma,49,Pune,mohitsharma291469@gmail.com,Savings,22287.11,613
47,Isha Patil,53,Kolhapur,ishapatil163132@gmail.com,Salary,10361.18,625
48,Aditya Shaikh,27,Thane,adityashaikh225872@gmail.com,Current,35403.68,620
49,Sahil Verma,66,Kolhapur,sahilverma800681@gmail.com,Salary,22991.22,847
50,Isha Singh,35,Satara,ishasingh353044@gmail.com,Salary,46620.88,728
51,Amit Verma,41,Thane,amitverma107275@gmail.com,Salary,9693.6,760
52,Kavya Jadhav,50,Solapur,kavyajadhav97351@gmail.com,Current,29595.28,753
53,Ananya Joshi,20,Thane,ananyajoshi398482@gmail.com,Salary,32598.35,603
54,Sneha Jadhav,42,Mumbai,snehajadhav101514@gmail.com,Salary,46713.03,638
55,Rahul Joshi,53,Thane,rahuljoshi376517@gmail.com,Current,37670.77,603
56,Aditya Verma,38,Kolhapur,adityaverma888762@gmail.com,Savings,18286.92,590
57,Simran Pawar,28,Thane,simranpawar360763@gmail.com,,26175.18,590
58,Simran Sharma,50,Mumbai,simransharma633152@gmail.com,Savings,-13926.43,714
59,Pooja Sharma,22,Pune,poojasharma277470@gmail.com,Current,24637.09,748
60,Sneha Gupta,61,Nashik,snehagupta846435@gmail.com,Salary,27848.25,550
61,Akash Singh,41,Nashik,akashsingh45661@gmail.com,Savings,15397.4,640
62,Kavya Pawar,32,Mumbai,kavyapawar765279@gmail.com,Salary,14107.06,588
63,Karan Sharma,21,Aurangabad,karansharma481841@gmail.com,,27432.83,838
64,Vijay Jadhav,46,Aurangabad,vijayjadhav562375@gmail.com,Savings,37899.03,781
65,Kavya Verma,59,Aurangabad,kavyaverma130989@gmail.com,Salary,32356.45,644
66,Arjun Sharma,58,Mumbai,arjunsharma967196@gmail.com,Savings,46837.28,705
67,Aditya Joshi,35,Ahmednagar,adityajoshi397022@gmail.com,Current,17586.67,556
68,Ananya Pawar,51,Aurangabad,ananyapawar82727@gmail.com,Salary,38538.39,666
69,Priya Khan,34,Nagpur,priyakhan578956@gmail.com,Current,45610.51,720
70,Neha Khan,36,Solapur,nehakhan307519@gmail.com,Salary,25127.73,746
71,Riya Jadhav,52,Thane,riyajadhav869793@gmail.com,Salary,49939.25,608
72,Rohan Patil,57,Kolhapur,rohanpatil659276@gmail.com,Salary,46162.8,678
73,Aditya Pawar,63,Mumbai,adityapawar648664@gmail.com,Savings,16036.52,585
74,Simran Pawar,50,Aurangabad,simranpawar928563@gmail.com,Salary,8003.8,658
75,Ayesha Shaikh,31,Satara,ayeshashaikh903665@gmail.com,Current,49249.51,797
76,Rahul Sharma,47,Kolhapur,rahulsharma379301@gmail.com,Salary,2496.06,815
77,Amit Singh,22,Ahmednagar,amitsingh605497@gmail.com,Salary,46872.14,803
78,Sneha Joshi,36,Ahmednagar,snehajoshi201729@gmail.com,Current,17909.28,844
79,Pooja Pawar,24,Nagpur,poojapawar738897@gmail.com,Salary,3958.1,799
80,Sneha Sharma,27,Solapur,snehasharma73033@gmail.com,Savings,48187.06,570
81,Isha Sharma,57,Solapur,ishasharma48150@gmail.com,Current,28989.13,762
82,Isha Joshi,45,Mumbai,ishajoshi693484@gmail.com,Salary,9180.7,830
83,Isha Joshi,64,Thane,ishajoshi239068@gmail.com,Savings,25166.99,721
84,Aditya Khan,53,Kolhapur,adityakhan810720@gmail.com,Current,27757.29,760
85,Isha Khan,53,Ahmednagar,ishakhan303545@gmail.com,Savings,26141.24,657
86,Rahul Shaikh,30,Aurangabad,rahulshaikh83767@gmail.com,Current,18737.85,750
87,Ayesha Singh,54,Thane,ayeshasingh896965@gmail.com,Savings,17850.42,654
88,Sahil Verma,65,Solapur,sahilverma244198@gmail.com,Savings,45350.4,570
89,Neha Patil,49,Solapur,nehapatil908673@gmail.com,Savings,26504.82,775
90,Sneha Shaikh,56,Pune,snehashaikh106007@gmail.com,Current,25441.99,762
91,Pooja Shaikh,63,Kolhapur,poojashaikh398691@gmail.com,Savings,14339.99,734
92,Akash Jadhav,43,Mumbai,akashjadhav291576@gmail.com,Salary,,607
93,Isha Khan,31,Aurangabad,ishakhan475535@gmail.com,Salary,25062.37,729
94,Isha Gupta,70,Nagpur,ishagupta666663@gmail.com,Current,38475.05,626
95,Karan Shaikh,22,Nagpur,karanshaikh874728@gmail.com,Salary,22405.56,790
96,Simran Patil,34,Satara,simranpatil382654@gmail.com,Savings,23466.63,795
97,Priya Khan,66,Kolhapur,priyakhan170655@gmail.com,Savings,40802.52,831
98,Priya Patil,62,Pune,priyapatil388262@gmail.com,Current,42907.28,784
99,Amit Jadhav,44,Aurangabad,amitjadhav372628@gmail.com,Current,19986.86,771
100,Mohit Pawar,38,Solapur,mohitpawar219784@gmail.com,Salary,22398.05,832
101,Arjun Shaikh,62,Satara,arjunshaikh702829@gmail.com,Salary,2159.82,576
102,Vijay Singh,33,Solapur,vijaysingh280046@gmail.com,Savings,42966.92,666
103,Sahil Khan,32,Pune,sahilkhan736011@gmail.com,Salary,15729.81,690
104,Karan Khan,38,Satara,karankhan982253@gmail.com,Savings,48814.9,792
105,Mohit Sharma,48,Nagpur,mohitsharma716851@gmail.com,Current,4727.63,790
106,Rohan Khan,62,Nagpur,rohankhan679614@gmail.com,Current,48964.72,847
107,Kavya Patil,44,Mumbai,kavyapatil74970@gmail.com,Current,9282.55,795
108,Ayesha Patil,32,Mumbai,ayeshapatil638820@gmail.com,Current,15509.06,702
109,Rahul Jadhav,51,Kolhapur,rahuljadhav665922@gmail.com,Salary,44804.91,618
110,Isha Jadhav,48,Ahmednagar,ishajadhav179551@gmail.com,Savings,37682.56,811
111,Isha Khan,31,Thane,ishakhan560186@gmail.com,Savings,,780
112,Neha Khan,68,Ahmednagar,nehakhan764644@gmail.com,Savings,43160.41,566
113,Rohan Patil,38,Kolhapur,rohanpatil256802@gmail.com,Current,8117.89,667
114,Mohit Gupta,57,Mumbai,mohitgupta171439@gmail.com,Savings,40570.24,687
115,Mohit Shaikh,39,Ahmednagar,mohitshaikh484814@gmail.com,Savings,,583
116,Simran Jadhav,20,Pune,simranjadhav397987@gmail.com,Savings,10475.45,578
117,Isha Patil,45,,ishapatil283160@gmail.com,Savings,22775.75,681
118,Arjun Patil,62,Aurangabad,arjunpatil970442@gmail.com,Savings,28708.97,780
119,Ayesha Jadhav,21,Satara,ayeshajadhav671188@gmail.com,Current,47114.48,611
120,Simran Khan,38,Mumbai,simrankhan721690@gmail.com,Savings,33985.27,699
121,Sahil Pawar,55,Thane,sahilpawar584104@gmail.com,Savings,28503.93,570
122,Mohit Jadhav,32,Nagpur,mohitjadhav230383@gmail.com,Current,2558.12,774
123,Vijay Khan,24,Aurangabad,vijaykhan717970@gmail.com,Current,30348.58,716
124,,34,Nashik,,Salary,39669.09,675
125,Neha Khan,24,Ahmednagar,nehakhan340135@gmail.com,Current,11137.96,802
126,Riya Joshi,21,Solapur,riyajoshi883894@gmail.com,Current,44054.89,752
127,Sneha Sharma,33,Nashik,snehasharma805735@gmail.com,Salary,29046.19,556
128,Akash Patil,19,Ahmednagar,akashpatil813794@gmail.com,Current,12049.74,556
129,Karan Pawar,39,Aurangabad,karanpawar58755@gmail.com,Current,27436.37,691
130,Arjun Gupta,35,Solapur,arjungupta240274@gmail.com,Salary,21276.08,633
131,Akash Joshi,57,Ahmednagar,akashjoshi861822@gmail.com,Savings,47608.32,840
132,Sahil Patil,52,Nashik,sahilpatil33759@gmail.com,Current,3594.99,
133,Priya Gupta,33,Satara,priyagupta844251@gmail.com,Salary,30863.44,619
134,Akash Shaikh,29,Kolhapur,akashshaikh330876@gmail.com,Current,25391.84,584
135,Amit Gupta,59,Satara,amitgupta420751@gmail.com,Salary,8070.53,722
136,Riya Sharma,25,Thane,riyasharma280846@gmail.com,Salary,13587.75,796
137,Akash Singh,42,Satara,akashsingh69503@gmail.com,Savings,26374.75,793
138,Neha Verma,39,Solapur,nehaverma221331@gmail.com,Current,12042.55,766
139,Pooja Singh,37,Mumbai,poojasingh957592@gmail.com,Current,47797.47,799
140,Riya Pawar,49,Thane,riyapawar988812@gmail.com,Current,3360.46,720
141,Arjun Joshi,,Nashik,arjunjoshi594831@gmail.com,Savings,27196.9,
142,Karan Pawar,34,Mumbai,karanpawar919038@gmail.com,Savings,11356.14,733
143,Rahul Pawar,40,Kolhapur,rahulpawar752887@gmail.com,Current,36493.83,736
144,Simran Verma,42,Solapur,simranverma330063@gmail.com,Salary,47468.89,809
145,Karan Sharma,58,Thane,karansharma223055@gmail.com,SAVINGS,20006.75,
146,Riya Singh,51,Nashik,riyasingh687377@gmail.com,Current,46610.52,690
147,Ananya Gupta,55,Solapur,ananyagupta523581@gmail.com,Savings,15818.43,734
148,Vijay Khan,33,Kolhapur,vijaykhan414950@gmail.com,Current,18053.44,841
149,Isha Verma,29,Aurangabad,ishaverma927757@gmail.com,Current,18866.05,552
150,Rohan Khan,45,Nashik,rohankhan959072@gmail.com,Current,2428.37,822
151,Vijay Sharma,61,Ahmednagar,vijaysharma674179@gmail.com,Savings,48134.77,730
152,Aditya Pawar,45,Thane,adityapawar481241@gmail.com,Current,43395.62,626
153,Simran Singh,69,Ahmednagar,simransingh149911@gmail.com,Salary,41265.01,710
154,Vijay Sharma,53,Ahmednagar,vijaysharma277846@gmail.com,Savings,28470.51,586
155,Ananya Sharma,18,Mumbai,ananyasharma146513@gmail.com,Savings,15592.4,579
156,Simran Gupta,67,Nagpur,simrangupta258707@gmail.com,Savings,680.98,582
157,Akash Khan,41,Aurangabad,akashkhan781277@gmail.com,Savings,44748.81,558
158,Akash Sharma,22,Kolhapur,akashsharma588737@gmail.com,Savings,8940.77,617
159,Rohan Sharma,50,Solapur,rohansharma565258@gmail.com,Current,47918.61,731
160,Simran Pawar,43,Thane,simranpawar275604@gmail.com,Salary,48008.7,643
161,Amit Sharma,58,Nashik,amitsharma783400@gmail.com,Current,2799.25,707
162,Ananya Verma,40,Pune,ananyaverma613082@gmail.com,Salary,6714.59,586
163,Pooja Singh,39,Solapur,poojasingh449345@gmail.com,Current,16683.31,577
164,Riya Verma,50,Kolhapur,riyaverma941535@gmail.com,,43920.55,835
165,Amit Pawar,33,Thane,amitpawar611978@gmail.com,Savings,13301.47,608
166,Ananya Singh,49,Pune,ananyasingh418901@gmail.com,Salary,20813.54,730
167,Riya Jadhav,57,Kolhapur,riyajadhav379680@gmail.com,Current,19130.81,610
168,Ananya Shaikh,62,Thane,ananyashaikh230074@gmail.com,Salary,980.16,752
169,Aditya Pawar,66,Satara,adityapawar145151@gmail.com,Savings,25144.03,628
170,Karan Joshi,35,Kolhapur,karanjoshi534377@gmail.com,Current,45192.4,598
171,Simran Jadhav,22,Nashik,simranjadhav517588@gmail.com,Salary,29715.83,609
172,Riya Jadhav,36,Nashik,riyajadhav95425@gmail.com,Salary,37819.16,792
173,Ananya Joshi,32,Ahmednagar,ananyajoshi792595@gmail.com,Savings,45029.92,741
174,Riya Gupta,28,Satara,riyagupta49505@gmail.com,Current,27751.44,694
175,Amit Jadhav,67,Aurangabad,amitjadhav903031@gmail.com,Salary,19714.02,656
176,Vijay Sharma,39,Nashik,vijaysharma115075@gmail.com,Savings,36440.79,575
177,Kavya Gupta,61,Satara,kavyagupta160365@gmail.com,Savings,34506.77,828
178,Neha Joshi,30,Satara,nehajoshi658024@gmail.com,Current,33244.79,762
179,Akash Singh,34,Solapur,akashsingh167853@gmail.com,Savings,,681
180,Pooja Singh,63,Satara,poojasingh830655@gmail.com,Savings,20613.04,713
181,Sahil Shaikh,68,Mumbai,sahilshaikh713636@gmail.com,Salary,30451.93,750
182,Ayesha Shaikh,23,Solapur,ayeshashaikh442766@gmail.com,Current,5084.87,768
183,Rahul Khan,42,Pune,rahulkhan625480@gmail.com,Savings,12989.72,685
184,Amit Sharma,44,Thane,amitsharma66713@gmail.com,Salary,27244.14,576
185,Vijay Joshi,32,Aurangabad,vijayjoshi403557@gmail.com,Salary,23285.83,746
186,Kavya Khan,53,Aurangabad,kavyakhan400256@gmail.com,Current,41178.35,
187,Amit Singh,68,Kolhapur,amitsingh624934@gmail.com,Current,10862.58,798
188,Priya Sharma,41,Thane,priyasharma490885@gmail.com,Savings,23934.56,632
189,Aditya Patil,29,Solapur,adityapatil554916@gmail.com,Savings,49045.62,843
190,Vijay Khan,,Pune,vijaykhan263726@gmail.com,Current,20885.71,562
191,Pooja Jadhav,18,Pune,poojajadhav580199@gmail.com,Savings,27149.48,739
192,Priya Gupta,63,Ahmednagar,priyagupta902692@gmail.com,Savings,25544.41,799
193,Ayesha Pawar,20,Nagpur,ayeshapawar988310@gmail.com,Current,47054.01,694
194,Arjun Shaikh,22,Solapur,arjunshaikh12138@gmail.com,Savings,15557.53,563
195,Simran Verma,32,Satara,simranverma713428@gmail.com,Savings,16031.9,672
196,Kavya Khan,49,Aurangabad,kavyakhan755831@gmail.com,Savings,26307.64,724
197,Isha Patil,24,Aurangabad,ishapatil120216@gmail.com,Current,39978.38,827
198,Ayesha Patil,18,Aurangabad,ayeshapatil714925@gmail.com,Savings,22473.57,645
199,Riya Jadhav,20,Nashik,riyajadhav927867@gmail.com,Savings,33351.06,556
200,Rahul Sharma,50,Thane,rahulsharma563154@gmail.com,Salary,815.76,844
201,Aditya Shaikh,52,Thane,adityashaikh787452@gmail.com,Current,,581
202,Vijay Pawar,38,Aurangabad,vijaypawar279886@gmail.com,Savings,46688.17,603
203,Mohit Singh,45,Ahmednagar,mohitsingh806034@gmail.com,Savings,5310.14,592
204,Sahil Khan,18,Ahmednagar,sahilkhan672197@gmail.com,Current,11127.23,788
205,Isha Verma,35,Aurangabad,ishaverma356799@gmail.com,Current,30164.43,608
206,Riya Verma,60,Nashik,riyaverma117070@gmail.com,Salary,14407.4,776
207,Aditya Verma,68,Satara,adityaverma307857@gmail.com,Salary,39904.6,760
208,Kavya Sharma,47,Satara,kavyasharma455984@gmail.com,Savings,49369.18,840
209,Kavya Jadhav,65,Kolhapur,kavyajadhav165940@gmail.com,Salary,9399.81,591
210,Rohan Jadhav,67,,rohanjadhav475863@gmail.com,Salary,4383.51,798
211,Neha Gupta,60,Satara,nehagupta3502@gmail.com,Savings,30583.15,723
212,Amit Patil,24,Satara,amitpatil757268@gmail.com,Savings,30037.19,850
213,Kavya Gupta,42,Satara,kavyagupta918498@gmail.com,Savings,,646
214,Pooja Gupta,46,Satara,poojagupta754739@gmail.com,Savings,,580
215,Simran Gupta,36,Nashik,simrangupta276283@gmail.com,,46801.09,826
216,,23,Satara,,Savings,30671.05,566
217,Ayesha Sharma,53,Aurangabad,ayeshasharma525002@gmail.com,Savings,4463.06,814
218,Simran Pawar,35,Thane,simranpawar799075@gmail.com,Salary,41380.64,550
219,Kavya Singh,68,Solapur,kavyasingh187430@gmail.com,Current,12822.46,785
220,Akash Singh,,Solapur,akashsingh532442@gmail.com,Savings,27451.33,585
221,Arjun Pawar,48,Ahmednagar,arjunpawar957059@gmail.com,Salary,22255.2,572
222,Sahil Patil,30,Aurangabad,sahilpatil111679@gmail.com,Savings,42650.24,642
223,Simran Gupta,21,Pune,simrangupta912904@gmail.com,Current,13126.56,560
224,Sneha Sharma,36,Solapur,snehasharma655774@gmail.com,Salary,2110.01,777
225,Karan Khan,44,Thane,karankhan313042@gmail.com,Salary,10957.3,567
226,Ayesha Jadhav,51,Nagpur,ayeshajadhav882654@gmail.com,Salary,31148.43,762
227,Amit Verma,49,Ahmednagar,amitverma670087@gmail.com,Savings,36152.54,590
228,Kavya Jadhav,68,Satara,kavyajadhav532423@gmail.com,Current,20437.48,573
229,Pooja Singh,46,Pune,poojasingh638651@gmail.com,Current,35515.44,727
230,Pooja Sharma,50,Kolhapur,poojasharma208673@gmail.com,Salary,25472.39,820
231,Sahil Sharma,39,Pune,sahilsharma160363@gmail.com,Current,8730.86,833
232,Ananya Gupta,59,Solapur,ananyagupta392177@gmail.com,Salary,15013.64,679
233,Karan Joshi,62,Ahmednagar,karanjoshi799650@gmail.com,Savings,28689.54,676
234,Ayesha Sharma,59,Pune,ayeshasharma169496@gmail.com,Current,4940.11,551
235,Simran Joshi,70,Mumbai,simranjoshi565679@gmail.com,Salary,4022.13,
236,Rohan Khan,25,Kolhapur,rohankhan999916@gmail.com,Salary,37057.29,767
237,Pooja Khan,29,Satara,poojakhan816549@gmail.com,Savings,30889.1,629
238,Sahil Joshi,34,Solapur,sahiljoshi967342@gmail.com,Salary,24896.3,583
239,Amit Joshi,34,Nashik,amitjoshi556216@gmail.com,Current,32551.58,562
240,,43,Thane,,Savings,17441.8,707
241,Arjun Pawar,25,Satara,arjunpawar963210@gmail.com,Savings,42800.29,653
242,Ayesha Singh,32,Satara,ayeshasingh699@gmail.com,Current,20853.57,554
243,Sneha Verma,47,Mumbai,snehaverma628138@gmail.com,Current,43222.76,618
244,Pooja Jadhav,64,Kolhapur,poojajadhav340002@gmail.com,Savings,5896.06,599
245,Amit Shaikh,21,Satara,amitshaikh512440@gmail.com,Savings,24867.26,782
246,Karan Shaikh,22,Aurangabad,karanshaikh20522@gmail.com,Current,38360.96,726
247,Rohan Pawar,40,Solapur,rohanpawar117401@gmail.com,Salary,36279.82,763
248,Simran Shaikh,38,Aurangabad,simranshaikh974330@gmail.com,Current,35477.47,838
249,Kavya Khan,46,Aurangabad,kavyakhan380712@gmail.com,salary,,769
250,Sahil Verma,50,Kolhapur,sahilverma921506@gmail.com,Current,19163.79,561
251,Pooja Gupta,21,Ahmednagar,poojagupta872164@gmail.com,Salary,19366.39,663
252,Ayesha Gupta,65,Thane,ayeshagupta846064@gmail.com,Savings,38158.1,553
253,Isha Patil,51,Nagpur,ishapatil322551@gmail.com,Salary,46254.62,727
254,Sneha Patil,42,Kolhapur,snehapatil251183@gmail.com,Salary,29288.07,692
255,Rohan Verma,31,Pune,rohanverma60838@gmail.com,Current,11620.32,833
256,Kavya Patil,53,Solapur,kavyapatil252672@gmail.com,Salary,9245.6,803
257,Riya Pawar,25,Solapur,riyapawar920759@gmail.com,Savings,23226.18,658
258,Riya Jadhav,57,Kolhapur,riyajadhav595016@gmail.com,Salary,11142.52,820
259,Amit Verma,23,Mumbai,amitverma993048@gmail.com,Salary,20447.12,824
260,Ayesha Jadhav,25,Satara,ayeshajadhav82682@gmail.com,Savings,16601.56,703
261,Neha Shaikh,45,Nashik,nehashaikh89914@gmail.com,Savings,22486.63,719
262,Neha Patil,20,Pune,nehapatil767560@gmail.com,Salary,47396.74,624
263,Pooja Gupta,52,Mumbai,poojagupta509697@gmail.com,Current,45246.19,613
264,Isha Gupta,34,Kolhapur,ishagupta855762@gmail.com,Savings,1079.47,822
265,Ananya Verma,61,Pune,ananyaverma72674@gmail.com,Current,33092.71,629
266,Priya Gupta,26,Nashik,priyagupta797649@gmail.com,Savings,39181.59,757
267,Rahul Joshi,52,Satara,rahuljoshi558682@gmail.com,Salary,41746.1,650
268,Priya Khan,32,Nashik,priyakhan803135@gmail.com,Current,42498.5,751
269,Rahul Singh,31,Solapur,rahulsingh131969@gmail.com,Salary,2986.98,664
270,Simran Shaikh,42,Solapur,simranshaikh134728@gmail.com,Savings,39135.23,737
271,Rahul Verma,48,Aurangabad,rahulverma691898@gmail.com,Current,3934.94,729
272,Isha Pawar,66,Pune,ishapawar498469@gmail.com,Savings,26077.92,602
273,Pooja Gupta,33,Thane,poojagupta992942@gmail.com,Current,17139.85,606
274,Vijay Pawar,51,Satara,vijaypawar576610@gmail.com,Current,44433.48,707
275,Akash Gupta,55,Mumbai,akashgupta173248@gmail.com,Savings,1396.44,702
276,Karan Joshi,66,Pune,karanjoshi278032@gmail.com,Savings,43256.72,781
277,Vijay Khan,22,Nashik,vijaykhan553406@gmail.com,Savings,48574.41,764
278,Simran Gupta,34,Pune,simrangupta914912@gmail.com,Current,5653.32,575
279,Ayesha Singh,64,Pune,ayeshasingh636159@gmail.com,Salary,9499.34,757
280,Ayesha Joshi,64,Solapur,ayeshajoshi443792@gmail.com,Current,14898.11,811
281,Isha Sharma,36,Pune,ishasharma222186@gmail.com,Current,37813.02,625
282,Kavya Patil,31,Nashik,kavyapatil974136@gmail.com,Salary,44416.14,577
283,Rohan Sharma,28,Aurangabad,rohansharma565592@gmail.com,Savings,26186.88,564
284,Simran Khan,56,Ahmednagar,simrankhan792052@gmail.com,Salary,37533.26,
285,Sneha Pawar,51,Satara,snehapawar765488@gmail.com,Savings,2706.17,582
286,Vijay Pawar,68,Nashik,vijaypawar723478@gmail.com,Savings,4779.56,613
287,Riya Shaikh,30,Solapur,riyashaikh211022@gmail.com,Current,40229.89,596
288,Arjun Jadhav,25,Aurangabad,arjunjadhav747681@gmail.com,Savings,42686.21,812
289,Rahul Sharma,49,Ahmednagar,rahulsharma326958@gmail.com,Salary,47212.29,826
290,Mohit Verma,48,Solapur,mohitverma418473@gmail.com,Savings,36567.76,814
291,Aditya Pawar,47,Solapur,adityapawar704414@gmail.com,Savings,40735.31,693
292,Priya Pawar,32,Nagpur,priyapawar681546@gmail.com,Current,12467.1,657
293,Neha Jadhav,23,Thane,nehajadhav391659@gmail.com,Salary,47076.87,632
294,Akash Joshi,19,Nagpur,akashjoshi459481@gmail.com,Current,18210.66,614
295,Riya Gupta,60,Solapur,riyagupta943413@gmail.com,Salary,21306.18,600
296,Kavya Gupta,33,Nashik,kavyagupta542817@gmail.com,,17037.85,754
297,Vijay Shaikh,32,Nashik,vijayshaikh473517@gmail.com,Current,22195.34,817
298,Ayesha Gupta,42,Satara,ayeshagupta126982@gmail.com,Current,18928.83,558
299,Rohan Pawar,32,Aurangabad,rohanpawar260047@gmail.com,Savings,30370.1,618
300,Arjun Singh,70,Ahmednagar,arjunsingh235712@gmail.com,Savings,34066.39,798
301,,43,Thane,,Salary,6791.45,586
302,Mohit Pawar,46,Ahmednagar,mohitpawar67236@gmail.com,Current,29474.46,573
303,Aditya Verma,47,Pune,adityaverma354608@gmail.com,Current,39610.71,735
304,Aditya Sharma,45,Thane,adityasharma22156@gmail.com,Savings,3829.1,814
305,,26,Satara,,Current,11825.28,790
306,Pooja Joshi,65,Nashik,poojajoshi616986@gmail.com,Savings,3321.56,656
307,Mohit Joshi,22,Thane,mohitjoshi580928@gmail.com,Current,12772.41,751
308,Neha Joshi,25,Kolhapur,nehajoshi241392@gmail.com,Current,40450.99,641
309,Karan Khan,50,Nagpur,karankhan617124@gmail.com,Current,47164.28,740
310,Akash Gupta,23,Ahmednagar,akashgupta231014@gmail.com,Salary,32135.2,615
311,Arjun Jadhav,,Nashik,arjunjadhav7640@gmail.com,Savings,33712.58,780
312,Pooja Singh,24,Mumbai,poojasingh74541@gmail.com,Savings,32419.73,670
313,Priya Patil,68,Solapur,priyapatil742325@gmail.com,Salary,25149.33,663
314,Ayesha Verma,55,Mumbai,ayeshaverma661859@gmail.com,Savings,13979.34,673
315,Aditya Singh,18,Ahmednagar,adityasingh61833@gmail.com,Current,24483.4,804
316,Riya Jadhav,61,Mumbai,riyajadhav240162@gmail.com,Current,25401.59,654
317,Vijay Patil,51,Aurangabad,vijaypatil70774@gmail.com,Current,25832.62,725
318,Pooja Jadhav,62,Satara,poojajadhav949501@gmail.com,salary,29489.3,765
319,Kavya Shaikh,42,Nashik,kavyashaikh33038@gmail.com,Savings,13342.47,680
320,Ayesha Khan,46,Pune,ayeshakhan901493@gmail.com,Current,39857.16,782
321,Sneha Sharma,26,Aurangabad,snehasharma346579@gmail.com,Savings,10929.77,670
322,Rohan Singh,69,Mumbai,rohansingh74399@gmail.com,Savings,25156.93,576
323,Simran Jadhav,44,Mumbai,simranjadhav539231@gmail.com,Current,20850.39,606
324,Ananya Khan,62,Mumbai,ananyakhan249665@gmail.com,Savings,21511.97,846
325,Akash Gupta,53,Pune,akashgupta292104@gmail.com,Current,13779.95,602
326,Akash Khan,51,Nashik,akashkhan701574@gmail.com,Salary,10263.31,702
327,Karan Gupta,63,Thane,karangupta509093@gmail.com,Current,13961.48,816
328,Rahul Sharma,23,Satara,rahulsharma224743@gmail.com,Salary,6590.96,557
329,Aditya Singh,67,Pune,adityasingh565527@gmail.com,Savings,21554.72,830
330,Ayesha Patil,,Kolhapur,ayeshapatil138839@gmail.com,Savings,3209.21,813
331,Karan Sharma,60,Nagpur,karansharma758590@gmail.com,Current,2289.9,770
332,Vijay Shaikh,59,Thane,vijayshaikh981057@gmail.com,Savings,17464.84,724
333,Aditya Joshi,34,Aurangabad,adityajoshi925345@gmail.com,Current,33260.38,717
334,Rahul Gupta,24,Aurangabad,rahulgupta598882@gmail.com,Salary,32880.99,704
335,Ananya Shaikh,43,Pune,ananyashaikh604301@gmail.com,Salary,46202.4,778
336,Rahul Pawar,28,Nagpur,rahulpawar495731@gmail.com,Current,15973.29,577
337,Riya Gupta,47,Satara,riyagupta254901@gmail.com,Savings,37746.43,
338,Sahil Pawar,38,Ahmednagar,sahilpawar822833@gmail.com,Savings,26601.36,624
339,Sahil Singh,37,Kolhapur,sahilsingh496048@gmail.com,Salary,47335.31,612
340,Kavya Jadhav,47,Mumbai,kavyajadhav846821@gmail.com,Current,37206.78,570
341,Aditya Pawar,61,Satara,adityapawar426933@gmail.com,Salary,13315.5,601
342,Arjun Gupta,19,Ahmednagar,arjungupta199759@gmail.com,Current,4737.09,834
343,Rohan Verma,65,Aurangabad,rohanverma99007@gmail.com,Savings,3846.37,807
344,Priya Joshi,50,Satara,priyajoshi101739@gmail.com,Salary,12008.81,694
345,Sahil Gupta,55,Nashik,sahilgupta691093@gmail.com,Current,34231.62,630
346,Ayesha Gupta,44,Kolhapur,ayeshagupta452089@gmail.com,Savings,3846.75,552
347,Kavya Pawar,34,Thane,kavyapawar371607@gmail.com,Current,41033.21,721
348,Riya Singh,27,Nagpur,riyasingh444254@gmail.com,Savings,-26102.78,706
349,Simran Joshi,50,Nashik,simranjoshi431171@gmail.com,Salary,23951.3,642
350,Ananya Shaikh,54,Thane,ananyashaikh489810@gmail.com,Salary,8281.44,697
351,Isha Jadhav,41,Satara,ishajadhav905898@gmail.com,Salary,46716.17,665
352,Vijay Singh,56,Mumbai,vijaysingh764591@gmail.com,Current,40545.86,831
353,Amit Singh,46,Ahmednagar,amitsingh56902@gmail.com,Savings,37654.68,728
354,Vijay Pawar,69,Kolhapur,vijaypawar706173@gmail.com,Salary,2562.77,573
355,Pooja Singh,53,Thane,poojasingh685297@gmail.com,Salary,37294.24,682
356,Rahul Gupta,36,Pune,rahulgupta677668@gmail.com,Savings,17271.42,0
357,Simran Singh,26,Nagpur,simransingh103298@gmail.com,Savings,43916.94,698
358,Neha Jadhav,65,Solapur,nehajadhav63656@gmail.com,Salary,8262.07,720
359,Arjun Gupta,28,Pune,arjungupta422279@gmail.com,,32628.84,796
360,Ananya Shaikh,21,Thane,ananyashaikh763687@gmail.com,Current,44008.58,828
361,Pooja Pawar,67,Mumbai,poojapawar355884@gmail.com,Savings,1610.06,610
362,Riya Sharma,35,Thane,riyasharma839582@gmail.com,Savings,47755.03,622
363,Isha Jadhav,39,Mumbai,ishajadhav903629@gmail.com,Savings,37572.93,800
364,Akash Sharma,55,Mumbai,akashsharma114676@gmail.com,Savings,8543.51,796
365,Ayesha Jadhav,65,Kolhapur,ayeshajadhav260835@gmail.com,Salary,2940.03,629
366,Neha Joshi,66,Nashik,nehajoshi200996@gmail.com,Current,12869.89,817
367,Pooja Sharma,49,Ahmednagar,poojasharma199548@gmail.com,Salary,24519.67,800
368,Amit Singh,35,Solapur,amitsingh562436@gmail.com,Current,29031.5,739
369,Mohit Gupta,29,Nagpur,mohitgupta470505@gmail.com,Salary,19389.64,780
370,Simran Khan,41,Solapur,simrankhan147091@gmail.com,Savings,13377.55,714
371,Ayesha Jadhav,27,Thane,ayeshajadhav442474@gmail.com,Current,5543.57,793
372,Isha Khan,35,Pune,ishakhan192501@gmail.com,Savings,14669.54,613
373,Karan Joshi,54,Thane,karanjoshi292175@gmail.com,Savings,47004.26,825
374,Mohit Pawar,31,Ahmednagar,mohitpawar485200@gmail.com,Current,47803.79,617
375,Amit Pawar,23,Nashik,amitpawar262041@gmail.com,Savings,11905.39,588
376,Ayesha Shaikh,41,Pune,ayeshashaikh917064@gmail.com,Savings,15534.03,789
377,Aditya Khan,64,Ahmednagar,adityakhan968214@gmail.com,Current,28276.37,634
378,Rahul Singh,70,Nashik,rahulsingh79146@gmail.com,Current,14211.84,841
379,Karan Gupta,37,Aurangabad,karangupta464756@gmail.com,Savings,43669.26,565
380,Riya Pawar,18,Satara,riyapawar847372@gmail.com,Savings,5237.77,574
381,Ananya Shaikh,,Ahmednagar,ananyashaikh903289@gmail.com,Current,28298.37,798
382,Mohit Singh,36,Kolhapur,mohitsingh897646@gmail.com,Savings,49079.38,662
383,Rohan Verma,44,Mumbai,rohanverma577157@gmail.com,Current,24699.95,579
384,Sneha Gupta,68,Pune,snehagupta102764@gmail.com,Salary,35583.19,839
385,Simran Sharma,39,Mumbai,simransharma53145@gmail.com,Salary,6696.57,638
386,Riya Sharma,63,Mumbai,riyasharma683923@gmail.com,Current,45252.72,605
387,Arjun Joshi,47,Pune,arjunjoshi566947@gmail.com,Current,22145.0,737
388,Arjun Pawar,42,Thane,arjunpawar876738@gmail.com,Current,6372.75,821
389,Mohit Gupta,45,Nashik,mohitgupta15574@gmail.com,Salary,8909.24,822
390,Mohit Joshi,30,Thane,mohitjoshi97893@gmail.com,Savings,32414.25,689
391,Simran Khan,59,Mumbai,simrankhan971466@gmail.com,Salary,20614.73,591
392,Vijay Khan,65,Solapur,vijaykhan790270@gmail.com,Savings,33313.2,559
393,Kavya Gupta,25,Satara,kavyagupta890021@gmail.com,Current,49212.48,724
394,Neha Shaikh,64,Ahmednagar,nehashaikh247961@gmail.com,Salary,31006.26,627
395,Arjun Pawar,20,Mumbai,arjunpawar174489@gmail.com,Current,12757.52,702
396,Simran Shaikh,23,Solapur,simranshaikh426256@gmail.com,Current,24521.4,835
397,Rohan Pawar,39,Aurangabad,rohanpawar509331@gmail.com,Current,12330.15,562
398,Riya Khan,25,Nagpur,riyakhan504840@gmail.com,Salary,36278.59,713
399,Arjun Khan,52,Thane,arjunkhan224230@gmail.com,Current,30550.55,573
400,Ananya Singh,19,Aurangabad,ananyasingh906751@gmail.com,Salary,9500.15,787
401,Priya Sharma,63,Pune,priyasharma420621@gmail.com,Savings,10360.96,641
402,Amit Joshi,63,Aurangabad,amitjoshi946379@gmail.com,Savings,12446.57,778
403,Rahul Jadhav,25,Kolhapur,rahuljadhav61583@gmail.com,Current,16005.6,697
404,Rahul Joshi,61,Nashik,rahuljoshi172734@gmail.com,Savings,-12169.51,787
405,Akash Sharma,20,Aurangabad,akashsharma397482@gmail.com,Current,1154.81,611
406,Ayesha Jadhav,53,Satara,ayeshajadhav2360@gmail.com,Current,47263.29,
407,Ananya Gupta,62,Mumbai,ananyagupta409486@gmail.com,Savings,42034.6,748
408,Riya Khan,41,,riyakhan278185@gmail.com,Savings,41225.81,708
409,Rahul Patil,63,Thane,rahulpatil971624@gmail.com,Salary,3915.81,675
410,Karan Khan,62,Thane,karankhan822257@gmail.com,Savings,6245.48,567
411,Ayesha Gupta,63,Satara,ayeshagupta823367@gmail.com,Current,,777
412,Pooja Gupta,37,Ahmednagar,poojagupta477210@gmail.com,Salary,22370.33,744
413,Simran Sharma,42,Satara,simransharma299205@gmail.com,Savings,47263.5,697
414,Aditya Singh,54,Nagpur,adityasingh443655@gmail.com,Salary,6074.04,726
415,Rahul Khan,,Satara,rahulkhan730529@gmail.com,Savings,2005.93,768
416,Sneha Pawar,63,Ahmednagar,snehapawar766090@gmail.com,Salary,,735
417,Ananya Gupta,23,Nagpur,ananyagupta821514@gmail.com,Current,26156.8,604
418,Priya Khan,58,Nagpur,priyakhan582865@gmail.com,Salary,45168.06,662
419,Rahul Jadhav,67,Thane,rahuljadhav694122@gmail.com,Savings,7432.08,568
420,Riya Joshi,38,Pune,riyajoshi753405@gmail.com,Savings,43003.41,825
421,Ayesha Pawar,19,Ahmednagar,ayeshapawar510411@gmail.com,Salary,19102.77,579
422,Vijay Jadhav,39,Ahmednagar,vijayjadhav162416@gmail.com,Salary,19299.02,841
423,Rahul Gupta,25,Solapur,rahulgupta199222@gmail.com,Current,37796.12,850
424,Pooja Patil,,Pune,poojapatil311220@gmail.com,Savings,34093.0,756
425,Karan Patil,66,Satara,karanpatil228375@gmail.com,Salary,7041.88,788
426,Isha Shaikh,46,Ahmednagar,ishashaikh61424@gmail.com,Salary,24098.84,698
427,Vijay Joshi,32,Pune,vijayjoshi607414@gmail.com,Salary,10004.61,843
428,Neha Pawar,47,Satara,nehapawar771576@gmail.com,Savings,35058.31,751
429,Sahil Patil,29,Nashik,sahilpatil568632@gmail.com,Savings,6743.6,796
430,Rohan Shaikh,41,Nagpur,rohanshaikh64018@gmail.com,Savings,23655.75,726
431,Akash Verma,23,Mumbai,akashverma784409@gmail.com,Salary,33786.12,593
432,Neha Khan,41,Nashik,nehakhan328938@gmail.com,Current,15946.86,669
433,Kavya Singh,70,Ahmednagar,kavyasingh60042@gmail.com,Salary,45313.95,758
434,Amit Jadhav,20,Ahmednagar,amitjadhav52678@gmail.com,Savings,44549.82,722
435,Simran Patil,54,Thane,simranpatil612654@gmail.com,Current,32084.95,692
436,Rahul Jadhav,44,Pune,rahuljadhav500048@gmail.com,Savings,,620
437,Vijay Verma,19,Solapur,vijayverma527376@gmail.com,Current,47488.47,566
438,Rohan Singh,31,Solapur,rohansingh964147@gmail.com,Current,30583.12,550
439,Rohan Pawar,55,Aurangabad,rohanpawar894241@gmail.com,Current,43170.25,775
440,Amit Khan,65,Thane,amitkhan557026@gmail.com,Current,11413.07,779
441,,52,Kolhapur,,Savings,10278.82,649
442,Mohit Sharma,26,Ahmednagar,mohitsharma165180@gmail.com,Current,23600.35,649
443,Ananya Verma,53,Mumbai,ananyaverma59742@gmail.com,Savings,39254.46,764
444,Pooja Pawar,19,Nashik,poojapawar532596@gmail.com,Savings,25376.52,685
445,Neha Khan,58,Kolhapur,nehakhan84102@gmail.com,Salary,26462.79,769
446,Ananya Sharma,36,Mumbai,ananyasharma892797@gmail.com,Salary,41180.22,749
447,Amit Jadhav,24,Satara,amitjadhav194951@gmail.com,Savings,13015.2,733
448,Priya Joshi,52,Pune,priyajoshi71949@gmail.com,Savings,9610.03,708
449,Pooja Jadhav,48,Aurangabad,poojajadhav624039@gmail.com,Salary,26391.22,670
450,Ayesha Khan,56,Solapur,ayeshakhan71362@gmail.com,Salary,48666.33,711
451,Isha Sharma,32,Satara,ishasharma708111@gmail.com,Savings,45254.95,839
452,Amit Shaikh,54,Ahmednagar,amitshaikh903782@gmail.com,Salary,502.61,750
453,Neha Joshi,42,,nehajoshi246729@gmail.com,Salary,40929.77,
454,Kavya Khan,39,Ahmednagar,kavyakhan423489@gmail.com,Savings,20938.69,690
455,Isha Khan,39,Nagpur,ishakhan125810@gmail.com,Salary,42072.29,689
456,Ayesha Pawar,68,Thane,ayeshapawar987435@gmail.com,Salary,32001.68,672
457,Aditya Shaikh,44,Pune,adityashaikh933633@gmail.com,Savings,1101.75,734
458,Karan Verma,56,Nagpur,karanverma597447@gmail.com,Savings,,751
459,Sahil Gupta,34,Mumbai,sahilgupta258275@gmail.com,Current,32052.14,767
460,Mohit Verma,67,Kolhapur,mohitverma607140@gmail.com,Current,38677.11,818
461,Vijay Patil,21,Thane,vijaypatil623498@gmail.com,Savings,570.7,663
462,Pooja Shaikh,65,Satara,poojashaikh41772@gmail.com,Current,34493.72,655
463,Sneha Patil,22,Solapur,snehapatil649568@gmail.com,Current,14044.25,645
464,Karan Singh,34,Nashik,karansingh86065@gmail.com,Current,36928.97,700
465,Simran Khan,33,Thane,simrankhan439689@gmail.com,Savings,19282.96,842
466,Sahil Singh,22,Solapur,sahilsingh689405@gmail.com,Current,15520.63,671
467,Ananya Singh,46,Nagpur,ananyasingh612124@gmail.com,Current,22882.6,621
468,Sahil Patil,44,Thane,sahilpatil592783@gmail.com,Current,16112.33,787
469,Karan Singh,65,Kolhapur,karansingh548277@gmail.com,Current,35131.46,637
470,Sneha Singh,38,Nashik,snehasingh331837@gmail.com,Salary,31563.5,758
471,Pooja Verma,64,Ahmednagar,poojaverma980210@gmail.com,Current,33416.09,732
472,Isha Singh,59,Nashik,ishasingh273532@gmail.com,Savings,31936.5,820
473,,20,Pune,,Salary,15048.59,581
474,Amit Joshi,33,Kolhapur,amitjoshi214281@gmail.com,Salary,7063.76,570
475,Priya Sharma,29,Nagpur,priyasharma702358@gmail.com,Current,43985.64,810
476,Rahul Patil,61,Thane,rahulpatil751081@gmail.com,Salary,22728.94,754
477,Isha Khan,53,Mumbai,ishakhan329545@gmail.com,Savings,45334.06,565
478,Sneha Jadhav,37,Kolhapur,snehajadhav250380@gmail.com,Savings,37329.7,556
479,Ananya Gupta,65,Aurangabad,ananyagupta278617@gmail.com,Current,45999.88,819
480,Pooja Patil,68,Solapur,poojapatil415111@gmail.com,Savings,3109.08,847
481,Priya Pawar,,Mumbai,priyapawar137335@gmail.com,Savings,3603.07,841
482,Karan Gupta,58,Solapur,karangupta704418@gmail.com,Current,30133.0,829
483,Ayesha Patil,,Satara,ayeshapatil676956@gmail.com,Current,48158.15,643
484,Neha Jadhav,43,Satara,nehajadhav314669@gmail.com,Salary,8794.38,592
485,Neha Pawar,43,Aurangabad,nehapawar479534@gmail.com,Current,2309.17,797
486,Akash Joshi,54,Nashik,akashjoshi331635@gmail.com,Current,41481.46,823
487,Riya Jadhav,55,Nashik,riyajadhav974246@gmail.com,Savings,24550.85,602
488,Arjun Joshi,41,Nashik,arjunjoshi788487@gmail.com,Savings,31102.99,789
489,Akash Shaikh,27,Satara,akashshaikh981288@gmail.com,Current,2009.73,836
490,Riya Singh,51,Nashik,riyasingh76166@gmail.com,Salary,1580.24,591
491,Isha Khan,39,Ahmednagar,ishakhan9867@gmail.com,Salary,,726
492,Amit Gupta,48,Aurangabad,amitgupta480647@gmail.com,Salary,2391.0,642
493,Ananya Verma,53,Aurangabad,ananyaverma651432@gmail.com,Current,40934.64,799
494,Sahil Jadhav,66,Ahmednagar,sahiljadhav590441@gmail.com,Salary,11931.38,672
495,Aditya Joshi,32,Aurangabad,adityajoshi104937@gmail.com,Current,17704.44,605
496,Neha Verma,51,Nagpur,nehaverma76919@gmail.com,Savings,21562.1,608
497,Sneha Jadhav,59,Pune,snehajadhav563850@gmail.com,Savings,9587.01,565
498,Simran Pawar,40,Nagpur,simranpawar223608@gmail.com,Savings,15319.78,604
499,Amit Shaikh,21,Ahmednagar,amitshaikh530558@gmail.com,Savings,15584.87,
500,Isha Patil,28,Ahmednagar,ishapatil278182@gmail.com,Salary,33192.59,834
501,Riya Khan,21,Satara,riyakhan138990@gmail.com,Savings,18905.55,836
502,Sahil Gupta,22,Mumbai,sahilgupta978693@gmail.com,Salary,17859.78,754
503,Isha Pawar,62,Thane,ishapawar366062@gmail.com,Savings,29495.44,799
504,Rahul Singh,47,Nashik,rahulsingh923753@gmail.com,Salary,10213.4,658
505,Arjun Verma,49,Solapur,arjunverma72232@gmail.com,Current,38032.05,688
506,Priya Pawar,48,,priyapawar922081@gmail.com,Current,38968.0,761
507,Isha Pawar,70,Aurangabad,ishapawar256250@gmail.com,Salary,22884.2,831
508,Karan Gupta,49,Ahmednagar,karangupta387577@gmail.com,Savings,-35699.57,649
509,Aditya Jadhav,27,Thane,adityajadhav298930@gmail.com,Current,16498.22,661
510,Sneha Verma,23,Nashik,snehaverma165509@gmail.com,Salary,44807.43,634
511,Arjun Gupta,23,Kolhapur,arjungupta459569@gmail.com,Current,37534.36,799
512,Aditya Jadhav,32,Thane,adityajadhav874344@gmail.com,Savings,48666.4,700
513,Kavya Gupta,63,Satara,kavyagupta569705@gmail.com,Salary,2496.3,563
514,Pooja Shaikh,25,Solapur,poojashaikh737815@gmail.com,Salary,17173.62,837
515,Rahul Jadhav,44,Thane,rahuljadhav317312@gmail.com,Salary,17949.84,656
516,Priya Gupta,58,Mumbai,priyagupta641490@gmail.com,,25063.35,744
517,Aditya Khan,47,Pune,adityakhan846405@gmail.com,Savings,4705.75,724
518,Rahul Gupta,23,Pune,rahulgupta685843@gmail.com,Salary,19171.11,687
519,Kavya Patil,,,kavyapatil554734@gmail.com,Current,34770.85,675
520,Arjun Gupta,36,Nashik,arjungupta8303@gmail.com,Savings,30959.1,752
521,Isha Joshi,38,Ahmednagar,ishajoshi700405@gmail.com,Salary,11359.56,835
522,Sneha Sharma,67,Solapur,snehasharma856895@gmail.com,Salary,40190.29,751
523,Karan Sharma,48,Nashik,karansharma581642@gmail.com,Savings,49832.53,811
524,Pooja Pawar,41,Kolhapur,poojapawar314021@gmail.com,Current,39923.01,607
525,Karan Sharma,65,Satara,karansharma977117@gmail.com,Salary,33140.78,831
526,Aditya Patil,48,Thane,adityapatil695713@gmail.com,Savings,11326.12,814
527,Neha Shaikh,38,Mumbai,nehashaikh108718@gmail.com,Current,34007.89,663
528,Vijay Verma,48,Pune,vijayverma984639@gmail.com,Salary,36155.78,829
529,Riya Shaikh,34,Pune,riyashaikh920882@gmail.com,Savings,18120.29,770
530,Arjun Joshi,26,Solapur,arjunjoshi140914@gmail.com,Current,31919.2,806
531,Priya Jadhav,54,Kolhapur,priyajadhav277412@gmail.com,Salary,5517.86,583
532,Sahil Singh,32,Thane,sahilsingh121135@gmail.com,Savings,5135.95,657
533,Rahul Patil,25,Mumbai,rahulpatil933031@gmail.com,Savings,4431.18,569
534,Simran Joshi,32,Pune,simranjoshi112335@gmail.com,Savings,21979.36,613
535,Vijay Joshi,21,Nagpur,vijayjoshi778580@gmail.com,Current,27856.23,590
536,Priya Patil,28,Aurangabad,priyapatil580197@gmail.com,Current,,827
537,Ayesha Verma,42,Nagpur,ayeshaverma163098@gmail.com,Salary,34519.82,645
538,Aditya Shaikh,64,Solapur,adityashaikh285677@gmail.com,Salary,7371.81,663
539,Karan Jadhav,28,Aurangabad,karanjadhav295542@gmail.com,Savings,34114.89,676
540,Neha Khan,27,Satara,nehakhan634310@gmail.com,Current,16553.2,695
541,Simran Verma,54,Solapur,simranverma220961@gmail.com,Current,38725.12,648
542,Neha Patil,53,Kolhapur,nehapatil752570@gmail.com,Current,45168.54,741
543,Aditya Patil,55,Nashik,adityapatil359636@gmail.com,Savings,10979.77,799
544,Isha Sharma,59,Aurangabad,ishasharma213587@gmail.com,Savings,41954.05,779
545,Ayesha Shaikh,56,Aurangabad,ayeshashaikh720992@gmail.com,Current,27705.75,844
546,Sneha Khan,42,Nashik,snehakhan665146@gmail.com,Salary,21252.42,702
547,Rahul Joshi,22,Kolhapur,rahuljoshi894443@gmail.com,Current,5721.32,556
548,Priya Patil,60,Kolhapur,priyapatil276907@gmail.com,,47205.53,801
549,Neha Pawar,47,Nagpur,nehapawar530059@gmail.com,Salary,28882.81,610
550,Ayesha Joshi,70,Ahmednagar,ayeshajoshi512362@gmail.com,Savings,4697.12,761
551,Neha Singh,70,Kolhapur,nehasingh263419@gmail.com,Savings,,623
552,Ananya Pawar,64,Thane,ananyapawar949414@gmail.com,Salary,16203.82,838
553,Riya Joshi,20,Satara,riyajoshi952373@gmail.com,Savings,14098.94,601
554,Rahul Joshi,29,Mumbai,rahuljoshi887304@gmail.com,Savings,31802.98,632
555,Sneha Joshi,31,Ahmednagar,snehajoshi53366@gmail.com,Current,16785.45,850
556,Kavya Sharma,33,Ahmednagar,kavyasharma96881@gmail.com,Savings,31346.41,735
557,Simran Sharma,37,Thane,simransharma665195@gmail.com,Current,25479.04,831
558,Ananya Verma,70,Solapur,ananyaverma444251@gmail.com,Current,3169.61,781
559,Amit Joshi,62,Kolhapur,amitjoshi869734@gmail.com,Salary,47384.0,803
560,Sneha Shaikh,34,Thane,snehashaikh290220@gmail.com,Salary,,610
561,Riya Singh,46,Satara,riyasingh46328@gmail.com,Current,47870.14,640
562,Vijay Gupta,51,Aurangabad,vijaygupta3817@gmail.com,Salary,46711.93,785
563,Ayesha Gupta,40,Kolhapur,ayeshagupta349859@gmail.com,Savings,48357.89,695
564,Kavya Singh,59,Nagpur,kavyasingh808677@gmail.com,Savings,26082.9,748
565,Aditya Patil,27,Nashik,adityapatil137274@gmail.com,Savings,36085.17,684
566,Riya Patil,38,Nagpur,riyapatil668161@gmail.com,Current,43592.76,836
567,Rohan Verma,58,Nagpur,rohanverma274780@gmail.com,Current,37878.36,570
568,Sahil Jadhav,68,Kolhapur,sahiljadhav169530@gmail.com,Salary,35574.18,603
569,Aditya Patil,62,Solapur,adityapatil777336@gmail.com,Savings,41497.51,757
570,Aditya Jadhav,56,Satara,adityajadhav463398@gmail.com,Current,14599.32,675
571,Amit Singh,38,Nashik,amitsingh578578@gmail.com,Current,37555.38,575
572,Vijay Joshi,56,Pune,vijayjoshi740045@gmail.com,Current,39272.08,595
573,Aditya Singh,33,Satara,adityasingh448562@gmail.com,Current,17737.07,555
574,Sneha Gupta,54,Mumbai,snehagupta588253@gmail.com,Salary,41461.6,734
575,Sahil Pawar,37,Kolhapur,sahilpawar10239@gmail.com,Savings,33545.62,659
576,Kavya Patil,38,Ahmednagar,kavyapatil117408@gmail.com,Salary,33286.74,572
577,Amit Pawar,33,Ahmednagar,amitpawar78998@gmail.com,Salary,38670.46,624
578,Akash Sharma,59,Aurangabad,akashsharma991057@gmail.com,Savings,1661.2,796
579,Sahil Jadhav,48,Thane,sahiljadhav926104@gmail.com,Salary,20473.84,678
580,Vijay Singh,22,Solapur,vijaysingh724686@gmail.com,Salary,40850.61,776
581,Sahil Shaikh,52,Kolhapur,sahilshaikh947937@gmail.com,Savings,47063.22,819
582,Rahul Patil,39,Solapur,rahulpatil156394@gmail.com,Savings,763.01,634
583,Arjun Shaikh,29,Ahmednagar,arjunshaikh572192@gmail.com,Salary,18985.13,
584,Isha Patil,33,Aurangabad,ishapatil37878@gmail.com,Current,5057.22,709
585,Mohit Singh,29,Ahmednagar,mohitsingh875236@gmail.com,Savings,43733.58,587
586,Rohan Sharma,44,Pune,rohansharma387251@gmail.com,Salary,27750.77,685
587,Priya Khan,39,Kolhapur,priyakhan610905@gmail.com,Current,9497.12,717
588,Kavya Gupta,31,Ahmednagar,kavyagupta579464@gmail.com,Savings,19609.14,781
589,Sahil Khan,24,Mumbai,sahilkhan155387@gmail.com,Savings,23846.18,617
590,Sneha Sharma,70,Aurangabad,snehasharma450764@gmail.com,Current,15659.25,730
591,Arjun Khan,28,Mumbai,arjunkhan133736@gmail.com,Savings,5931.83,582
592,Sahil Singh,22,Aurangabad,sahilsingh43960@gmail.com,Salary,4894.19,804
593,Mohit Joshi,36,Ahmednagar,mohitjoshi323332@gmail.com,Current,44979.65,655
594,Rahul Jadhav,18,,rahuljadhav382464@gmail.com,Current,42526.36,818
595,Ayesha Patil,59,Nashik,ayeshapatil942750@gmail.com,Savings,28050.08,628
596,Riya Jadhav,40,Satara,riyajadhav978513@gmail.com,Current,36484.78,579
597,Karan Pawar,38,Pune,karanpawar834894@gmail.com,Savings,,774
598,Sahil Patil,23,Satara,sahilpatil902612@gmail.com,Savings,19039.36,753
599,Priya Gupta,34,Mumbai,priyagupta41932@gmail.com,Salary,49240.17,817
600,Neha Singh,29,Nagpur,nehasingh942690@gmail.com,Savings,33748.51,642
601,Neha Sharma,70,Mumbai,nehasharma375290@gmail.com,,31479.44,811
602,Isha Shaikh,58,Ahmednagar,ishashaikh220381@gmail.com,Savings,11933.24,554
603,Rohan Joshi,55,Mumbai,rohanjoshi715298@gmail.com,Current,11120.33,652
604,Mohit Joshi,25,Kolhapur,mohitjoshi261750@gmail.com,Salary,18256.06,736
605,Simran Verma,18,Thane,simranverma699430@gmail.com,Salary,9377.94,627
606,Isha Khan,58,Solapur,ishakhan107886@gmail.com,Savings,23698.23,651
607,Vijay Gupta,,Ahmednagar,vijaygupta370958@gmail.com,Salary,16956.25,823
608,Aditya Patil,25,Nashik,adityapatil818111@gmail.com,Current,9925.28,713
609,Aditya Khan,46,Solapur,adityakhan587180@gmail.com,Salary,9856.17,673
610,Simran Verma,52,Thane,simranverma927182@gmail.com,Salary,47037.96,655
611,Ananya Khan,21,Mumbai,ananyakhan917302@gmail.com,,8997.9,794
612,Kavya Joshi,44,Aurangabad,kavyajoshi426217@gmail.com,Current,37023.8,828
613,Pooja Joshi,27,Pune,poojajoshi650910@gmail.com,Current,11494.11,682
614,Arjun Verma,54,Ahmednagar,arjunverma785984@gmail.com,Savings,47383.55,641
615,Ananya Sharma,39,Kolhapur,ananyasharma162160@gmail.com,Savings,42791.21,590
616,Arjun Singh,66,Kolhapur,arjunsingh970833@gmail.com,Savings,35311.66,683
617,Mohit Khan,39,Ahmednagar,mohitkhan975150@gmail.com,Salary,7727.89,789
618,Amit Joshi,45,Solapur,amitjoshi248337@gmail.com,Current,13203.78,638
619,Ananya Verma,40,Thane,ananyaverma906704@gmail.com,Savings,,804
620,Vijay Gupta,29,Nashik,vijaygupta170495@gmail.com,Salary,3325.74,835
621,Ananya Pawar,56,Ahmednagar,ananyapawar838842@gmail.com,Salary,4948.81,666
622,,59,Satara,,Savings,6815.1,614
623,Akash Verma,57,Thane,akashverma850255@gmail.com,Savings,48208.01,609
624,Kavya Jadhav,22,Satara,kavyajadhav185752@gmail.com,Current,13300.03,761
625,Ananya Singh,21,Ahmednagar,ananyasingh924331@gmail.com,Salary,9502.88,621
626,Rahul Khan,50,Pune,rahulkhan432422@gmail.com,Savings,3855.85,795
627,Mohit Patil,42,Ahmednagar,mohitpatil26090@gmail.com,Salary,23217.1,627
628,Arjun Pawar,56,Aurangabad,arjunpawar188173@gmail.com,Current,17652.6,724
629,Sneha Singh,38,Nagpur,snehasingh772443@gmail.com,Current,31952.38,767
630,Ananya Verma,48,Ahmednagar,ananyaverma969495@gmail.com,Salary,34291.54,833
631,Rohan Patil,62,Pune,rohanpatil348421@gmail.com,Savings,32830.9,
632,Karan Gupta,20,Nagpur,karangupta820491@gmail.com,Current,41170.2,801
633,Ayesha Khan,62,Pune,ayeshakhan976131@gmail.com,Savings,1506.86,680
634,Priya Joshi,50,Nashik,priyajoshi431812@gmail.com,Current,22002.53,793
635,Kavya Shaikh,21,Kolhapur,kavyashaikh841304@gmail.com,Savings,22977.33,640
636,Vijay Joshi,19,Satara,vijayjoshi702548@gmail.com,Savings,14802.09,654
637,Sahil Joshi,50,Pune,sahiljoshi906136@gmail.com,Savings,34140.53,832
638,Rahul Sharma,66,Solapur,rahulsharma770863@gmail.com,Savings,23977.8,652
639,Rahul Sharma,18,Nashik,rahulsharma850232@gmail.com,Savings,21886.9,625
640,Mohit Sharma,27,Nagpur,mohitsharma260322@gmail.com,Salary,26588.03,744
641,Kavya Singh,20,Nagpur,kavyasingh279866@gmail.com,Salary,37167.31,731
642,Pooja Joshi,69,Mumbai,poojajoshi167031@gmail.com,Current,20617.21,765
643,Amit Jadhav,46,Ahmednagar,amitjadhav825722@gmail.com,Current,18571.78,574
644,Akash Singh,49,Solapur,akashsingh735443@gmail.com,Salary,8431.01,737
645,Riya Sharma,22,Mumbai,riyasharma113446@gmail.com,Savings,15929.93,
646,Pooja Shaikh,49,Kolhapur,poojashaikh401224@gmail.com,Savings,47329.8,732
647,Pooja Gupta,33,Kolhapur,poojagupta914633@gmail.com,Current,20988.93,800
648,Pooja Pawar,32,Mumbai,poojapawar40705@gmail.com,Savings,10709.27,621
649,Kavya Verma,20,Ahmednagar,kavyaverma900400@gmail.com,Savings,19468.78,674
650,Riya Joshi,22,Thane,riyajoshi493654@gmail.com,Salary,38302.0,804
651,Sahil Sharma,31,Ahmednagar,sahilsharma233338@gmail.com,Savings,20742.76,663
652,Ananya Jadhav,35,Thane,ananyajadhav209367@gmail.com,Current,28747.33,830
653,Isha Sharma,63,Pune,ishasharma856353@gmail.com,Salary,40888.56,566
654,Simran Verma,30,Aurangabad,simranverma963166@gmail.com,Salary,23401.98,691
655,Pooja Joshi,70,Pune,poojajoshi482762@gmail.com,Savings,10888.09,749
656,Pooja Singh,,Mumbai,poojasingh366743@gmail.com,Salary,19317.05,735
657,Ayesha Singh,63,Thane,ayeshasingh320115@gmail.com,Salary,11303.35,592
658,Kavya Shaikh,40,Nashik,kavyashaikh860494@gmail.com,Savings,3058.39,598
659,Aditya Gupta,40,Mumbai,adityagupta834080@gmail.com,Savings,26164.88,756
660,Ananya Jadhav,54,Pune,ananyajadhav913748@gmail.com,Current,12063.35,816
661,Pooja Singh,48,Satara,poojasingh238751@gmail.com,Current,25673.74,563
662,Kavya Khan,68,Nagpur,kavyakhan233852@gmail.com,Current,49286.25,568
663,Sahil Verma,65,Kolhapur,sahilverma24913@gmail.com,Current,22883.4,696
664,Akash Gupta,65,Thane,akashgupta692194@gmail.com,Savings,20150.19,605
665,Rahul Shaikh,67,Solapur,rahulshaikh202611@gmail.com,Salary,23287.13,707
666,Ayesha Verma,37,Satara,ayeshaverma417921@gmail.com,Current,43430.2,711
667,Ananya Jadhav,34,Nagpur,ananyajadhav344307@gmail.com,Current,38612.92,
668,Priya Singh,65,Kolhapur,priyasingh292236@gmail.com,Salary,31380.41,561
669,Priya Patil,42,Pune,priyapatil906439@gmail.com,Salary,8768.01,641
670,Simran Jadhav,31,Kolhapur,simranjadhav72892@gmail.com,Salary,23158.89,656
671,Akash Joshi,50,Thane,akashjoshi810991@gmail.com,Savings,3473.56,603
672,Kavya Verma,56,Nashik,kavyaverma292783@gmail.com,Savings,27946.66,678
673,Simran Singh,23,Satara,simransingh368303@gmail.com,Current,3297.47,775
674,Rahul Jadhav,29,Mumbai,rahuljadhav672742@gmail.com,,12551.38,767
675,Sahil Shaikh,29,Mumbai,sahilshaikh534250@gmail.com,Salary,20864.43,735
676,Ananya Pawar,29,Nagpur,ananyapawar419193@gmail.com,Salary,16714.2,621
677,Akash Khan,22,,akashkhan712626@gmail.com,Current,20233.42,691
678,Riya Jadhav,38,Mumbai,riyajadhav884742@gmail.com,Current,21811.09,738
679,Riya Patil,41,Nashik,riyapatil562362@gmail.com,Current,28087.63,805
680,Sneha Khan,34,Aurangabad,snehakhan347335@gmail.com,Savings,24619.15,771
681,Karan Joshi,21,Thane,karanjoshi984961@gmail.com,Savings,41211.97,656
682,,40,Aurangabad,,Savings,30254.59,719
683,Vijay Sharma,31,Thane,vijaysharma29041@gmail.com,Salary,24849.95,679
684,Isha Verma,65,Solapur,ishaverma121044@gmail.com,Current,42342.99,551
685,Amit Singh,34,Satara,amitsingh919741@gmail.com,Savings,45062.17,836
686,Vijay Khan,64,Ahmednagar,vijaykhan274003@gmail.com,Salary,14562.87,680
687,Pooja Joshi,47,Satara,poojajoshi187341@gmail.com,Salary,,826
688,Neha Verma,38,Pune,nehaverma608892@gmail.com,Current,22154.57,750
689,Vijay Jadhav,45,Kolhapur,vijayjadhav278461@gmail.com,Salary,32076.92,725
690,Rohan Khan,68,Thane,rohankhan40215@gmail.com,Savings,15178.21,709
691,Pooja Jadhav,34,Kolhapur,poojajadhav113768@gmail.com,Current,15811.24,578
692,Priya Sharma,21,Ahmednagar,priyasharma625650@gmail.com,Salary,799.32,821
693,Ananya Joshi,46,Aurangabad,ananyajoshi455773@gmail.com,Savings,44761.55,625
694,Karan Khan,51,Satara,karankhan362579@gmail.com,Salary,38577.13,723
695,Amit Verma,20,Kolhapur,amitverma764034@gmail.com,Salary,2155.15,576
696,Ayesha Khan,58,Pune,ayeshakhan824729@gmail.com,Salary,11492.53,649
697,Ananya Singh,25,Kolhapur,ananyasingh329014@gmail.com,Salary,42986.13,819
698,Isha Singh,27,Solapur,ishasingh457692@gmail.com,Salary,22266.71,724
699,Amit Joshi,51,Pune,amitjoshi635756@gmail.com,Savings,30507.12,774
700,Riya Jadhav,40,Solapur,riyajadhav536365@gmail.com,,37758.72,751
701,Vijay Verma,22,Solapur,vijayverma121363@gmail.com,Salary,,577
702,Neha Shaikh,18,Nagpur,nehashaikh404006@gmail.com,Savings,11680.9,622
703,Ananya Khan,65,Pune,ananyakhan943299@gmail.com,Current,43120.29,777
704,Pooja Gupta,19,Solapur,poojagupta604696@gmail.com,Current,31075.26,740
705,Ananya Sharma,39,Nashik,ananyasharma199412@gmail.com,Salary,9005.39,701
706,Ayesha Gupta,46,Nashik,ayeshagupta267195@gmail.com,Salary,38941.26,697
707,Sneha Khan,40,Thane,snehakhan46642@gmail.com,Current,31316.86,568
708,Rahul Gupta,34,Nashik,rahulgupta743315@gmail.com,Current,32045.82,736
709,Akash Jadhav,34,Kolhapur,akashjadhav457339@gmail.com,Savings,3833.79,810
710,Isha Pawar,47,Thane,ishapawar1873@gmail.com,Savings,17312.86,718
711,Mohit Sharma,68,Nashik,mohitsharma545275@gmail.com,Salary,22889.56,836
712,Karan Khan,55,Solapur,karankhan970635@gmail.com,Salary,4598.45,801
713,Sneha Shaikh,48,Satara,snehashaikh845787@gmail.com,Current,43630.14,555
714,Amit Singh,66,Thane,amitsingh564707@gmail.com,Savings,15578.08,782
715,Mohit Verma,45,Ahmednagar,mohitverma720321@gmail.com,Current,14619.31,807
716,Ananya Verma,63,Thane,ananyaverma754477@gmail.com,Current,8653.36,836
717,Rahul Joshi,62,Kolhapur,rahuljoshi986037@gmail.com,Savings,49628.48,637
718,Priya Pawar,60,Solapur,priyapawar778091@gmail.com,Current,15407.89,741
719,Sneha Sharma,45,Aurangabad,snehasharma772940@gmail.com,Savings,23437.39,597
720,Priya Patil,65,Aurangabad,priyapatil703304@gmail.com,Salary,20624.7,705
721,Akash Jadhav,48,Kolhapur,akashjadhav206706@gmail.com,Current,26726.25,760
722,Ayesha Pawar,39,Pune,ayeshapawar382013@gmail.com,Salary,18427.63,595
723,Aditya Singh,37,Mumbai,adityasingh452348@gmail.com,Current,5104.27,815
724,Mohit Singh,51,Nashik,mohitsingh73472@gmail.com,Savings,46365.16,773
725,Aditya Gupta,45,Satara,adityagupta995067@gmail.com,Savings,49777.07,578
726,Riya Shaikh,69,Solapur,riyashaikh696603@gmail.com,Salary,27632.64,681
727,Pooja Sharma,70,Ahmednagar,poojasharma965598@gmail.com,Current,25970.76,723
728,Arjun Joshi,48,Ahmednagar,arjunjoshi346339@gmail.com,Current,501.52,597
729,Isha Sharma,24,Kolhapur,ishasharma653525@gmail.com,Savings,40351.17,747
730,Pooja Verma,21,Nashik,poojaverma329264@gmail.com,Current,16146.7,818
731,Sneha Khan,63,Nagpur,snehakhan695712@gmail.com,Current,9718.94,734
732,Vijay Verma,36,,vijayverma889308@gmail.com,Savings,2398.97,808
733,Sahil Pawar,44,Satara,sahilpawar130779@gmail.com,Savings,37528.87,673
734,Akash Joshi,56,Satara,akashjoshi754817@gmail.com,Salary,,619
735,Isha Verma,29,Ahmednagar,ishaverma943867@gmail.com,Salary,3259.12,656
736,Mohit Shaikh,29,Satara,mohitshaikh315010@gmail.com,Current,16901.35,709
737,Riya Gupta,18,Pune,riyagupta531856@gmail.com,Current,27989.94,748
738,Arjun Gupta,61,Aurangabad,arjungupta324408@gmail.com,Current,14097.56,610
739,Simran Singh,24,Solapur,simransingh699387@gmail.com,Current,,780
740,Akash Khan,21,Pune,akashkhan428331@gmail.com,Salary,16803.88,727
741,Aditya Pawar,25,Kolhapur,adityapawar342127@gmail.com,Savings,30917.11,787
742,Arjun Patil,23,Satara,arjunpatil422047@gmail.com,Current,12502.05,621
743,Karan Shaikh,28,Satara,karanshaikh731176@gmail.com,Current,26242.85,709
744,Pooja Patil,39,Pune,poojapatil310116@gmail.com,Savings,37557.19,658
745,,53,Satara,,,29594.0,838
746,Amit Joshi,40,Nashik,amitjoshi581443@gmail.com,Salary,33970.11,624
747,Isha Singh,60,Mumbai,ishasingh133570@gmail.com,Savings,26205.46,623
748,Pooja Khan,52,Satara,poojakhan201258@gmail.com,Savings,44574.38,800
749,Mohit Sharma,60,Solapur,mohitsharma440969@gmail.com,Salary,39295.33,761
750,Sneha Shaikh,44,Nashik,snehashaikh697329@gmail.com,Savings,8637.27,599
751,Simran Shaikh,20,Thane,simranshaikh986142@gmail.com,Savings,11976.82,559
752,Priya Jadhav,56,Nagpur,priyajadhav397662@gmail.com,Current,45661.07,744
753,Rahul Gupta,59,Kolhapur,rahulgupta710319@gmail.com,Current,48234.52,551
754,Rahul Joshi,59,Nashik,rahuljoshi784575@gmail.com,Current,34502.22,629
755,Arjun Gupta,49,Nashik,arjungupta946760@gmail.com,Savings,6211.92,633
756,Amit Singh,43,Ahmednagar,amitsingh182580@gmail.com,Current,39253.94,623
757,,22,Kolhapur,,Current,,651
758,Priya Joshi,42,Thane,priyajoshi645514@gmail.com,Current,6880.55,685
759,Amit Joshi,58,,amitjoshi596850@gmail.com,Savings,27228.74,745
760,Karan Jadhav,61,Mumbai,karanjadhav315668@gmail.com,Savings,24092.24,839
761,Arjun Singh,61,Satara,arjunsingh425900@gmail.com,Salary,39681.34,669
762,Priya Sharma,52,Solapur,priyasharma574653@gmail.com,Savings,36854.24,586
763,Ananya Khan,42,Kolhapur,ananyakhan874324@gmail.com,Current,41357.25,616
764,Amit Verma,56,Aurangabad,amitverma525@gmail.com,Savings,15846.37,708
765,Karan Jadhav,25,Thane,karanjadhav318735@gmail.com,Current,-34978.97,617
766,Riya Gupta,48,Ahmednagar,riyagupta300950@gmail.com,Salary,,663
767,Mohit Singh,56,Ahmednagar,mohitsingh220492@gmail.com,Current,37505.92,677
768,Sneha Sharma,43,Pune,snehasharma450870@gmail.com,Current,30668.04,819
769,Rohan Sharma,70,Mumbai,rohansharma824027@gmail.com,Savings,11274.32,595
770,Aditya Gupta,48,Kolhapur,adityagupta608258@gmail.com,Salary,4943.01,809
771,Karan Joshi,55,Mumbai,karanjoshi636230@gmail.com,Savings,33862.39,624
772,Rahul Patil,69,Nagpur,rahulpatil686608@gmail.com,,36405.17,782
773,Mohit Joshi,45,Nagpur,mohitjoshi338002@gmail.com,Savings,1242.41,847
774,Ananya Pawar,63,Kolhapur,ananyapawar487675@gmail.com,Savings,34184.03,691
775,Sneha Verma,44,Kolhapur,snehaverma463346@gmail.com,Savings,4320.71,749
776,Vijay Patil,44,Kolhapur,vijaypatil463738@gmail.com,Savings,22641.04,627
777,Sneha Pawar,37,Nagpur,snehapawar708546@gmail.com,Savings,16155.06,734
778,Aditya Khan,67,Pune,adityakhan224182@gmail.com,Salary,39551.37,802
779,Aditya Pawar,49,Aurangabad,adityapawar536104@gmail.com,Savings,44510.52,639
780,Ayesha Khan,36,Kolhapur,ayeshakhan496271@gmail.com,Current,7454.56,691
781,Neha Sharma,55,Kolhapur,nehasharma832391@gmail.com,Salary,35097.27,587
782,Arjun Khan,64,Satara,arjunkhan945056@gmail.com,Current,21800.23,682
783,Kavya Sharma,42,Aurangabad,kavyasharma834792@gmail.com,Current,28246.14,662
784,Karan Shaikh,23,Nashik,karanshaikh771811@gmail.com,Current,30084.68,627
785,Mohit Gupta,52,Ahmednagar,mohitgupta178034@gmail.com,Current,38975.68,576
786,Ayesha Shaikh,53,Satara,ayeshashaikh690955@gmail.com,Current,13846.42,620
787,Kavya Gupta,68,Nagpur,kavyagupta89014@gmail.com,Current,23136.71,843
788,Akash Joshi,20,Nashik,akashjoshi297671@gmail.com,Salary,11724.32,642
789,Amit Joshi,37,Satara,amitjoshi540590@gmail.com,Current,32549.35,812
790,Aditya Shaikh,37,Thane,adityashaikh696201@gmail.com,Salary,21374.35,574
791,Karan Jadhav,24,Aurangabad,karanjadhav663786@gmail.com,Salary,16667.46,684
792,Riya Gupta,53,Nagpur,riyagupta649442@gmail.com,Savings,7342.35,825
793,Karan Patil,32,Mumbai,karanpatil351570@gmail.com,Savings,20819.58,573
794,Pooja Joshi,35,Satara,poojajoshi98023@gmail.com,Current,21810.77,579
795,Amit Singh,50,Thane,amitsingh858279@gmail.com,Savings,4255.16,819
796,Pooja Khan,47,Solapur,poojakhan998343@gmail.com,Salary,,583
797,Ananya Pawar,67,Nagpur,ananyapawar787725@gmail.com,Current,40708.9,658
798,Simran Gupta,46,Nashik,simrangupta246377@gmail.com,Savings,39184.61,590
799,Aditya Gupta,37,Satara,adityagupta705577@gmail.com,Current,3820.22,578
800,Riya Sharma,28,Pune,riyasharma325598@gmail.com,Salary,2516.03,840
801,Neha Joshi,65,Solapur,nehajoshi235652@gmail.com,Savings,32148.41,568
802,Simran Jadhav,31,Nashik,simranjadhav845842@gmail.com,Savings,14111.2,656
803,Amit Singh,66,Kolhapur,amitsingh208902@gmail.com,Savings,28688.81,667
804,Rahul Shaikh,48,Satara,rahulshaikh154611@gmail.com,Savings,14483.27,678
805,Riya Gupta,,Kolhapur,riyagupta25711@gmail.com,Savings,10235.87,846
806,Aditya Singh,29,Pune,adityasingh48558@gmail.com,Savings,40287.54,849
807,Riya Khan,57,Thane,riyakhan256836@gmail.com,Salary,24041.54,766
808,Rahul Verma,57,Kolhapur,rahulverma498316@gmail.com,Savings,33662.03,772
809,Mohit Sharma,66,Pune,mohitsharma641067@gmail.com,Savings,9111.03,790
810,Rohan Patil,66,Satara,rohanpatil891114@gmail.com,Salary,18634.54,587
811,Kavya Pawar,44,Pune,kavyapawar805919@gmail.com,Salary,28744.61,639
812,Sneha Verma,23,Ahmednagar,snehaverma76465@gmail.com,Current,7059.84,782
813,Sneha Singh,41,Ahmednagar,snehasingh477638@gmail.com,Current,25616.38,821
814,Rahul Singh,22,Pune,rahulsingh434672@gmail.com,Savings,19940.0,825
815,Mohit Joshi,19,Satara,mohitjoshi929281@gmail.com,Current,11997.3,806
816,Amit Gupta,,Aurangabad,amitgupta660456@gmail.com,Salary,34987.79,729
817,Vijay Khan,48,Nagpur,vijaykhan603734@gmail.com,Current,3968.33,737
818,Amit Khan,35,Kolhapur,amitkhan203980@gmail.com,Current,13372.12,718
819,Aditya Gupta,37,Kolhapur,adityagupta753340@gmail.com,Current,8654.17,797
820,Isha Pawar,37,Satara,ishapawar730280@gmail.com,Current,28109.72,674
821,Simran Patil,67,Mumbai,simranpatil402730@gmail.com,Current,47389.58,756
822,Arjun Verma,69,Nashik,arjunverma518492@gmail.com,Current,2707.07,555
823,Rohan Jadhav,55,Thane,rohanjadhav419166@gmail.com,Current,25133.16,839
824,Amit Joshi,26,Satara,amitjoshi255936@gmail.com,Salary,24447.74,610
825,Arjun Patil,20,Solapur,arjunpatil154839@gmail.com,Savings,43549.08,567
826,Simran Gupta,28,Nashik,simrangupta688026@gmail.com,Salary,35561.33,742
827,Kavya Patil,55,Kolhapur,kavyapatil721124@gmail.com,Savings,31469.05,844
828,Arjun Sharma,52,Pune,arjunsharma5914@gmail.com,Current,8093.78,746
829,Pooja Khan,21,Aurangabad,poojakhan936121@gmail.com,Current,48589.9,643
830,Arjun Pawar,25,Nashik,arjunpawar787543@gmail.com,Salary,41026.71,688
831,Ananya Singh,42,Nagpur,ananyasingh902337@gmail.com,Salary,45872.92,766
832,Kavya Singh,21,Kolhapur,kavyasingh807551@gmail.com,Savings,46634.46,749
833,Priya Khan,36,Satara,priyakhan928577@gmail.com,Savings,9032.95,711
834,Kavya Gupta,27,Aurangabad,kavyagupta111864@gmail.com,Salary,2304.79,817
835,Pooja Singh,29,Aurangabad,poojasingh816332@gmail.com,Savings,1446.23,732
836,Priya Joshi,63,Kolhapur,priyajoshi445898@gmail.com,Savings,35042.03,634
837,Rohan Pawar,19,Aurangabad,rohanpawar229571@gmail.com,Savings,29078.42,575
838,Neha Joshi,62,Kolhapur,nehajoshi184530@gmail.com,Salary,17448.22,
839,Pooja Gupta,70,Mumbai,poojagupta843270@gmail.com,Salary,40727.49,848
840,,55,Solapur,,Current,31586.88,660
841,Rahul Joshi,34,Solapur,rahuljoshi729816@gmail.com,Savings,49660.61,791
842,Rohan Jadhav,32,Thane,rohanjadhav543218@gmail.com,Current,21515.92,743
843,Akash Singh,60,Nagpur,akashsingh487215@gmail.com,Salary,46855.48,681
844,Sahil Jadhav,41,Aurangabad,sahiljadhav52757@gmail.com,Salary,48167.14,816
845,Pooja Singh,24,Nagpur,poojasingh584582@gmail.com,Salary,26395.81,838
846,Sneha Jadhav,23,Kolhapur,snehajadhav261403@gmail.com,Savings,27626.52,585
847,ABC123,47,Satara,abc123962137@gmail.com,Salary,947.4,725
848,Riya Jadhav,18,Kolhapur,riyajadhav889645@gmail.com,Salary,24843.14,551
849,Vijay Patil,31,Mumbai,vijaypatil127353@gmail.com,Current,12243.85,762
850,Neha Gupta,40,Pune,nehagupta478734@gmail.com,Current,46859.29,716
851,Pooja Jadhav,25,Satara,poojajadhav139916@gmail.com,Savings,46345.68,716
852,Simran Sharma,35,Satara,simransharma840446@gmail.com,Current,35213.32,702
853,Ananya Pawar,57,Aurangabad,ananyapawar487313@gmail.com,Savings,38806.27,584
854,Sneha Khan,42,Mumbai,snehakhan700105@gmail.com,Salary,12355.51,718
855,Amit Sharma,45,Kolhapur,amitsharma557032@gmail.com,Current,42736.74,
856,Aditya Joshi,58,Pune,adityajoshi586175@gmail.com,Salary,12963.8,674
857,Rohan Khan,35,Mumbai,rohankhan624477@gmail.com,Current,49226.92,550
858,Rohan Gupta,24,Solapur,rohangupta332811@gmail.com,Current,46041.06,841
859,Arjun Verma,44,Solapur,arjunverma996288@gmail.com,Savings,,616
860,Rohan Khan,33,Nagpur,rohankhan792037@gmail.com,Savings,45622.14,819
861,Mohit Khan,64,Aurangabad,mohitkhan934827@gmail.com,Current,24044.45,849
862,Sahil Sharma,24,Thane,sahilsharma464171@gmail.com,Salary,8350.79,668
863,Mohit Joshi,38,Nagpur,mohitjoshi642512@gmail.com,Current,24993.51,597
864,Akash Verma,43,Aurangabad,akashverma854696@gmail.com,Savings,4875.56,733
865,Akash Khan,,Mumbai,akashkhan754313@gmail.com,Current,41287.06,801
866,Isha Singh,67,Kolhapur,ishasingh935451@gmail.com,Savings,23479.34,826
867,Karan Jadhav,19,Pune,karanjadhav529398@gmail.com,Savings,26214.82,686
868,Pooja Verma,54,Satara,poojaverma447570@gmail.com,Current,15934.59,553
869,Ananya Jadhav,32,Satara,ananyajadhav871014@gmail.com,Savings,38208.25,699
870,Pooja Jadhav,39,Pune,poojajadhav951006@gmail.com,Savings,37083.08,832
871,Ananya Khan,57,Nagpur,ananyakhan574585@gmail.com,Savings,25731.4,673
872,Neha Verma,60,Satara,nehaverma467674@gmail.com,Salary,23546.64,612
873,Vijay Jadhav,25,Ahmednagar,vijayjadhav940890@gmail.com,Current,12068.51,595
874,Kavya Gupta,37,Solapur,kavyagupta166989@gmail.com,Salary,7350.54,789
875,Rahul Gupta,62,Aurangabad,rahulgupta779879@gmail.com,Savings,20204.92,550
876,Sneha Khan,37,Nagpur,snehakhan903442@gmail.com,Salary,49471.81,738
877,Vijay Shaikh,19,Mumbai,vijayshaikh497832@gmail.com,Salary,33624.74,595
878,Karan Shaikh,51,Kolhapur,karanshaikh472032@gmail.com,Current,27398.05,646
879,Arjun Patil,51,Kolhapur,arjunpatil271882@gmail.com,Salary,38297.96,741
880,Priya Sharma,51,Aurangabad,priyasharma788395@gmail.com,Current,20373.57,745
881,Ananya Gupta,58,Solapur,ananyagupta259349@gmail.com,Savings,25366.9,672
882,Kavya Gupta,40,Satara,kavyagupta880760@gmail.com,Salary,3075.12,753
883,Vijay Jadhav,59,Nashik,vijayjadhav668736@gmail.com,Current,1219.95,576
884,Ananya Patil,36,Satara,ananyapatil290882@gmail.com,Current,2348.7,745
885,Pooja Patil,65,Satara,poojapatil803113@gmail.com,Salary,30003.88,663
886,Aditya Gupta,45,Solapur,adityagupta815551@gmail.com,Savings,27099.73,719
887,Sneha Pawar,42,Aurangabad,snehapawar546722@gmail.com,Savings,35631.28,
888,Mohit Khan,44,Solapur,mohitkhan508236@gmail.com,Current,29748.61,565
889,Rohan Singh,40,Nagpur,rohansingh657293@gmail.com,Current,35272.26,775
890,Neha Gupta,55,Solapur,nehagupta250967@gmail.com,Current,37714.59,564
891,Mohit Patil,35,Thane,mohitpatil288036@gmail.com,Salary,32050.89,599
892,Ananya Khan,38,Solapur,ananyakhan461339@gmail.com,Savings,4310.02,552
893,,59,Nashik,,Savings,1809.1,656
894,Isha Pawar,,Solapur,ishapawar81347@gmail.com,Savings,34950.03,840
895,Sneha Sharma,42,Ahmednagar,snehasharma748306@gmail.com,Savings,48095.45,702
896,Riya Verma,56,Ahmednagar,riyaverma299707@gmail.com,Savings,23481.02,638
897,Sahil Verma,68,Mumbai,sahilverma245984@gmail.com,Current,48967.02,804
898,Isha Pawar,70,Solapur,ishapawar285013@gmail.com,Salary,46450.84,763
899,Rahul Gupta,43,Aurangabad,rahulgupta352261@gmail.com,Savings,42630.41,623
900,Sneha Patil,62,Nashik,snehapatil335339@gmail.com,Salary,11609.58,730
901,Karan Jadhav,51,Nashik,karanjadhav936506@gmail.com,Savings,3991.44,601
902,Arjun Gupta,22,Ahmednagar,arjungupta566490@gmail.com,Savings,23259.66,667
903,Rohan Joshi,25,Aurangabad,rohanjoshi84591@gmail.com,Salary,48493.47,595
904,Sneha Joshi,61,Pune,snehajoshi145195@gmail.com,Savings,32995.03,599
905,Pooja Jadhav,23,Aurangabad,poojajadhav158257@gmail.com,Current,35449.17,724
906,Isha Singh,48,Solapur,ishasingh242595@gmail.com,Salary,13348.77,606
907,Ayesha Shaikh,40,Thane,ayeshashaikh401741@gmail.com,,2865.13,761
908,Neha Jadhav,52,Satara,nehajadhav727759@gmail.com,Salary,43818.24,701
909,Amit Joshi,55,Thane,amitjoshi160327@gmail.com,Current,32377.33,820
910,Ananya Shaikh,28,Ahmednagar,ananyashaikh740834@gmail.com,Salary,34434.8,756
911,Rahul Khan,47,Ahmednagar,rahulkhan224445@gmail.com,Salary,22423.8,784
912,Akash Joshi,68,Kolhapur,akashjoshi67448@gmail.com,Current,48006.45,
913,Sahil Joshi,50,Thane,sahiljoshi435120@gmail.com,Savings,28446.84,762
914,Sahil Pawar,19,Nashik,sahilpawar427498@gmail.com,Savings,,581
915,Akash Shaikh,43,Solapur,akashshaikh347054@gmail.com,Salary,39995.95,661
916,Karan Joshi,44,Nagpur,karanjoshi569069@gmail.com,Current,17491.79,771
917,Akash Patil,60,Aurangabad,akashpatil488657@gmail.com,Savings,48198.23,703
918,Vijay Gupta,23,Pune,vijaygupta436070@gmail.com,Current,16514.14,601
919,Sneha Singh,27,Aurangabad,snehasingh65390@gmail.com,Current,2017.27,676
920,Simran Patil,68,Satara,simranpatil216981@gmail.com,Salary,4387.47,581
921,Akash Pawar,69,Aurangabad,akashpawar873449@gmail.com,Salary,7465.08,616
922,Karan Joshi,57,Ahmednagar,karanjoshi440652@gmail.com,Current,22862.05,783
923,Sneha Singh,43,Aurangabad,snehasingh408496@gmail.com,Salary,25715.89,559
924,Ananya Gupta,54,Mumbai,ananyagupta948891@gmail.com,Salary,13267.75,837
925,Mohit Joshi,70,Nagpur,mohitjoshi807289@gmail.com,Savings,40691.59,620
926,Priya Shaikh,22,Nashik,priyashaikh612551@gmail.com,Current,42186.34,757
927,Akash Shaikh,53,Satara,akashshaikh992117@gmail.com,Current,8421.07,718
928,Isha Pawar,48,Kolhapur,ishapawar729408@gmail.com,Savings,35374.74,775
929,Amit Shaikh,40,Solapur,amitshaikh20580@gmail.com,Salary,24853.59,801
930,Rohan Joshi,64,Solapur,rohanjoshi898448@gmail.com,Current,42480.56,733
931,Karan Joshi,67,Nashik,karanjoshi923535@gmail.com,Savings,20051.62,630
932,Vijay Singh,36,Ahmednagar,vijaysingh802884@gmail.com,Salary,16164.31,741
933,Akash Joshi,46,Thane,akashjoshi603755@gmail.com,Current,49324.93,725
934,Rohan Khan,49,Pune,rohankhan398958@gmail.com,Salary,37791.47,776
935,Isha Khan,54,Pune,ishakhan500249@gmail.com,Salary,24784.88,658
936,Isha Joshi,53,Ahmednagar,ishajoshi6282@gmail.com,Savings,18120.08,725
937,Simran Khan,47,Nashik,simrankhan988636@gmail.com,Savings,28253.82,
938,Pooja Shaikh,24,Nashik,poojashaikh368945@gmail.com,Savings,19106.09,
939,Priya Singh,51,,priyasingh313218@gmail.com,Current,17018.02,583
940,Arjun Gupta,,Pune,arjungupta790175@gmail.com,Current,21049.29,631
941,Vijay Sharma,68,Satara,vijaysharma409030@gmail.com,Current,3970.28,556
942,Amit Joshi,25,Kolhapur,amitjoshi895005@gmail.com,Savings,46878.48,749
943,Isha Jadhav,49,Nagpur,ishajadhav935053@gmail.com,Salary,18012.21,690
944,Amit Patil,62,Kolhapur,amitpatil999844@gmail.com,Current,33597.17,674
945,Arjun Patil,39,Pune,arjunpatil876425@gmail.com,Current,9256.22,627
946,Rohan Verma,65,Kolhapur,rohanverma439475@gmail.com,Salary,18211.3,822
947,Vijay Jadhav,36,Thane,vijayjadhav564465@gmail.com,Savings,32635.26,827
948,Vijay Jadhav,61,Nashik,vijayjadhav783926@gmail.com,Savings,43798.94,612
949,Neha Jadhav,49,Solapur,nehajadhav770419@gmail.com,Current,28236.7,762
950,Sahil Patil,49,Thane,sahilpatil572761@gmail.com,Salary,14764.85,848
951,Priya Sharma,29,Ahmednagar,priyasharma838822@gmail.com,Salary,27967.48,583
952,Rohan Patil,48,Aurangabad,rohanpatil632656@gmail.com,Savings,8243.48,559
953,Kavya Jadhav,53,Satara,kavyajadhav941523@gmail.com,Current,43991.31,633
954,Karan Jadhav,39,Nagpur,karanjadhav231351@gmail.com,Current,2734.95,634
955,Ananya Gupta,39,Nashik,ananyagupta512045@gmail.com,Savings,26228.29,775
956,Akash Joshi,36,Ahmednagar,akashjoshi230180@gmail.com,Salary,27270.4,731
957,Rohan Verma,,Pune,rohanverma286293@gmail.com,,24219.02,564
958,Isha Gupta,58,Ahmednagar,ishagupta457107@gmail.com,Current,25847.87,721
959,Sneha Gupta,53,Satara,snehagupta509332@gmail.com,Salary,42320.48,
960,Rahul Patil,68,Kolhapur,rahulpatil30534@gmail.com,Savings,16305.71,733
961,Mohit Joshi,32,Pune,mohitjoshi407846@gmail.com,Savings,30228.82,622
962,Sneha Sharma,35,Aurangabad,snehasharma352557@gmail.com,Current,12794.74,837
963,Akash Jadhav,21,Satara,akashjadhav701464@gmail.com,Salary,47901.49,562
964,Neha Jadhav,43,Nashik,nehajadhav712231@gmail.com,Savings,23235.07,679
965,Isha Sharma,28,Ahmednagar,ishasharma837012@gmail.com,Current,28073.3,668
966,Pooja Verma,58,Solapur,poojaverma424056@gmail.com,Current,13949.75,685
967,Neha Joshi,66,Nashik,nehajoshi759459@gmail.com,Savings,24110.2,786
968,Sneha Singh,51,Mumbai,snehasingh173161@gmail.com,Savings,32872.06,742
969,Priya Singh,21,Kolhapur,priyasingh881434@gmail.com,Current,29139.4,717
970,Simran Gupta,34,Solapur,simrangupta490194@gmail.com,Current,30163.64,651
971,Riya Singh,40,Solapur,riyasingh964309@gmail.com,Salary,43081.41,692
972,Rohan Sharma,68,Nagpur,rohansharma133927@gmail.com,Savings,45583.44,762
973,Ayesha Singh,51,Pune,ayeshasingh652583@gmail.com,Salary,43467.94,754
974,Sahil Joshi,22,Pune,sahiljoshi560169@gmail.com,Savings,26930.86,777
975,Riya Joshi,60,Pune,riyajoshi28376@gmail.com,Savings,26248.43,637
976,Amit Sharma,28,Pune,amitsharma951083@gmail.com,Current,25810.94,824
977,Rahul Jadhav,68,Nagpur,rahuljadhav413260@gmail.com,Savings,36245.37,830
978,Amit Verma,67,Mumbai,amitverma620744@gmail.com,Salary,45796.46,621
979,Rahul Verma,39,Aurangabad,rahulverma591907@gmail.com,Current,20471.9,618
980,Amit Gupta,56,Aurangabad,amitgupta695305@gmail.com,Savings,45353.18,786
981,Pooja Pawar,52,Nagpur,poojapawar28518@gmail.com,Current,27371.92,775
982,Kavya Singh,64,Nashik,kavyasingh88125@gmail.com,Savings,20833.64,826
983,Ayesha Joshi,45,Mumbai,ayeshajoshi674071@gmail.com,Salary,27179.01,584
984,Ayesha Singh,60,Mumbai,ayeshasingh449533@gmail.com,Salary,21968.89,621
985,Sneha Joshi,50,Satara,snehajoshi142391@gmail.com,Salary,8056.43,573
986,Neha Joshi,48,Ahmednagar,nehajoshi909059@gmail.com,Savings,2430.26,788
987,Mohit Sharma,32,Solapur,mohitsharma484225@gmail.com,Current,13530.42,847
988,Rohan Pawar,63,Aurangabad,rohanpawar190656@gmail.com,Salary,44668.08,695
989,Kavya Shaikh,,Thane,kavyashaikh52827@gmail.com,Savings,21974.84,630
990,Simran Singh,46,Aurangabad,simransingh272893@gmail.com,Salary,26110.85,733
991,Rahul Jadhav,59,Pune,rahuljadhav397619@gmail.com,Current,40882.32,100
992,Pooja Gupta,52,Pune,poojagupta343354@gmail.com,Salary,28489.52,753
993,Simran Verma,48,Nagpur,simranverma222041@gmail.com,Savings,35291.19,744
994,Rahul Sharma,34,Satara,rahulsharma476886@gmail.com,Salary,13277.35,747
995,Sahil Gupta,53,Kolhapur,sahilgupta342822@gmail.com,Current,37544.28,684
996,Amit Shaikh,21,Satara,amitshaikh353994@gmail.com,Salary,20310.11,576
997,Sneha Joshi,70,Thane,snehajoshi798307@gmail.com,Current,1298.15,783
998,Akash Sharma,19,Pune,akashsharma922469@gmail.com,Salary,18043.68,612
999,Priya Shaikh,,Mumbai,priyashaikh397642@gmail.com,Savings,17044.46,836
1000,Isha Khan,,Nagpur,ishakhan291873@gmail.com,Salary,22639.56,807
1001,Akash Joshi,22,Satara,akashjoshi788639@gmail.com,Current,7784.43,555
1002,Priya Jadhav,53,Thane,priyajadhav997509@gmail.com,Savings,27999.15,564
1003,Aditya Pawar,30,Nagpur,adityapawar872435@gmail.com,Savings,31164.15,690
1004,Rohan Joshi,48,Mumbai,rohanjoshi442142@gmail.com,Current,21351.36,612
1005,Sahil Verma,49,Satara,sahilverma264625@gmail.com,Current,42841.85,827
1006,Akash Joshi,49,Kolhapur,akashjoshi875567@gmail.com,Savings,34553.47,695
1007,Ayesha Patil,39,Nashik,ayeshapatil85984@gmail.com,Savings,-6922.38,716
1008,Ananya Patil,25,Satara,ananyapatil493252@gmail.com,Salary,14303.88,655
1009,Mohit Gupta,21,Thane,mohitgupta20424@gmail.com,Current,20523.7,773
1010,Akash Verma,18,Nashik,akashverma785508@gmail.com,Current,34118.32,651
1011,Riya Patil,70,Nagpur,riyapatil565721@gmail.com,Current,43369.3,593
1012,Sahil Verma,31,Mumbai,sahilverma54715@gmail.com,Savings,15706.91,650
1013,Ayesha Gupta,38,Satara,ayeshagupta998260@gmail.com,Current,19008.72,806
1014,Aditya Jadhav,69,Satara,adityajadhav367060@gmail.com,Salary,6939.14,802
1015,Isha Shaikh,57,Kolhapur,ishashaikh235213@gmail.com,Current,36440.47,809
1016,Sahil Sharma,41,Satara,sahilsharma681825@gmail.com,Savings,27346.23,666
1017,Pooja Patil,37,Nagpur,poojapatil72051@gmail.com,Salary,24627.36,603
1018,Sahil Patil,58,Satara,sahilpatil819282@gmail.com,Savings,8858.33,674
1019,Sahil Verma,70,Solapur,sahilverma683514@gmail.com,Salary,4804.78,713
1020,Mohit Singh,29,Ahmednagar,mohitsingh42313@gmail.com,Savings,19523.78,578
1021,Akash Singh,61,Solapur,akashsingh790970@gmail.com,Salary,44123.35,569
1022,Amit Verma,51,Thane,amitverma32637@gmail.com,Savings,8290.08,689
1023,Vijay Sharma,61,Ahmednagar,vijaysharma995840@gmail.com,Current,43958.85,833
1024,Ayesha Sharma,61,Nagpur,ayeshasharma259395@gmail.com,Savings,26620.68,663
1025,Karan Shaikh,44,Mumbai,karanshaikh209144@gmail.com,Current,36558.58,796
1026,Ananya Patil,20,Aurangabad,ananyapatil880095@gmail.com,Savings,2933.3,843
1027,Rohan Jadhav,40,Pune,rohanjadhav21469@gmail.com,Salary,,841
1028,Neha Sharma,47,Kolhapur,nehasharma651617@gmail.com,Current,4621.17,849
1029,Ayesha Gupta,69,Solapur,ayeshagupta159884@gmail.com,Salary,6678.51,777
1030,Rohan Singh,24,Nagpur,rohansingh250232@gmail.com,Savings,14095.69,669
1031,Akash Jadhav,25,Satara,akashjadhav132452@gmail.com,Current,48303.52,631
1032,Aditya Patil,31,Nashik,adityapatil496664@gmail.com,Savings,9776.7,815
1033,Priya Sharma,36,Mumbai,priyasharma702078@gmail.com,Salary,35348.85,735
1034,Pooja Khan,36,Kolhapur,poojakhan120046@gmail.com,Salary,12295.1,587
1035,Priya Khan,61,Solapur,priyakhan591464@gmail.com,Salary,34976.41,610
1036,Riya Singh,60,Satara,riyasingh993895@gmail.com,Savings,41389.38,557
1037,Rohan Gupta,47,Pune,rohangupta228652@gmail.com,Current,29845.0,726
1038,Isha Singh,46,Thane,ishasingh487723@gmail.com,Savings,7390.1,799
1039,Simran Singh,67,Satara,simransingh733542@gmail.com,Savings,31222.07,724
1040,Riya Gupta,47,Ahmednagar,riyagupta268790@gmail.com,Savings,48161.13,672
1041,Aditya Pawar,62,Ahmednagar,adityapawar804250@gmail.com,Savings,12258.16,
1042,Kavya Shaikh,50,Thane,kavyashaikh386914@gmail.com,Salary,27401.94,782
1043,Ananya Shaikh,50,Solapur,ananyashaikh176039@gmail.com,Savings,30583.65,744
1044,Ananya Sharma,27,Thane,ananyasharma635424@gmail.com,Current,22440.6,831
1045,Amit Sharma,58,Pune,amitsharma636845@gmail.com,Salary,758.86,834
1046,Riya Gupta,20,Nagpur,riyagupta784356@gmail.com,Current,7047.17,827
1047,Neha Jadhav,26,Nagpur,nehajadhav753352@gmail.com,Current,21238.58,716
1048,Vijay Patil,61,Pune,vijaypatil120196@gmail.com,Current,,709
1049,Sneha Singh,21,Mumbai,snehasingh815673@gmail.com,Salary,34170.59,653
1050,Kavya Pawar,68,Nashik,kavyapawar859199@gmail.com,Savings,39127.31,552
1051,Rahul Gupta,43,Satara,rahulgupta171820@gmail.com,Savings,18643.92,815
1052,Vijay Khan,54,Thane,vijaykhan326247@gmail.com,Salary,37930.76,801
1053,Kavya Khan,55,Satara,kavyakhan113449@gmail.com,Salary,26311.04,691
1054,Riya Verma,21,Ahmednagar,riyaverma606894@gmail.com,Salary,36813.18,552
1055,Rohan Patil,37,Nashik,rohanpatil27025@gmail.com,Current,35021.61,570
1056,Rahul Patil,37,Thane,rahulpatil974108@gmail.com,Current,49502.04,645
1057,Kavya Pawar,54,Ahmednagar,kavyapawar327210@gmail.com,Current,20117.08,721
1058,Akash Shaikh,23,Nagpur,akashshaikh603866@gmail.com,Savings,32683.61,588
1059,Sneha Shaikh,64,Pune,snehashaikh710350@gmail.com,Current,43056.66,634
1060,Ananya Joshi,,,ananyajoshi952234@gmail.com,Savings,36659.74,607
1061,Riya Sharma,28,Aurangabad,riyasharma393637@gmail.com,Current,13341.2,672
1062,Rohan Singh,24,Mumbai,rohansingh416022@gmail.com,Current,46504.54,797
1063,Pooja Joshi,52,Nashik,poojajoshi987303@gmail.com,Current,5742.23,694
1064,Simran Jadhav,35,Ahmednagar,simranjadhav749847@gmail.com,Salary,26800.34,
1065,Vijay Sharma,55,Aurangabad,vijaysharma208063@gmail.com,Current,44890.13,778
1066,Simran Khan,28,Thane,simrankhan79788@gmail.com,Current,21925.14,823
1067,Rahul Joshi,57,Pune,rahuljoshi620959@gmail.com,Savings,4699.38,791
1068,Riya Pawar,54,Aurangabad,riyapawar724261@gmail.com,Salary,9801.04,581
1069,Kavya Patil,64,Ahmednagar,kavyapatil871017@gmail.com,Savings,24186.68,839
1070,Amit Shaikh,30,Satara,amitshaikh657811@gmail.com,Savings,1392.42,836
1071,Amit Pawar,24,Ahmednagar,amitpawar254746@gmail.com,Current,1518.91,692
1072,Ananya Verma,59,Solapur,ananyaverma106951@gmail.com,Current,41137.74,682
1073,Akash Sharma,41,Aurangabad,akashsharma731159@gmail.com,Salary,46630.3,664
1074,Kavya Khan,42,Solapur,kavyakhan810104@gmail.com,Savings,14439.71,749
1075,Arjun Sharma,55,Aurangabad,arjunsharma316332@gmail.com,Current Account,20275.78,738
1076,Isha Jadhav,59,Nagpur,ishajadhav891697@gmail.com,Savings,28282.66,602
1077,Rohan Singh,61,Satara,rohansingh717597@gmail.com,Current,34652.55,686
1078,Mohit Gupta,29,Aurangabad,mohitgupta629677@gmail.com,Current,12073.5,688
1079,Sahil Pawar,40,Kolhapur,sahilpawar844757@gmail.com,Salary,,599
1080,Priya Khan,70,Solapur,priyakhan127035@gmail.com,Current,19414.73,832
1081,Ananya Gupta,44,Solapur,ananyagupta835004@gmail.com,Salary,45515.85,
1082,Isha Verma,45,Thane,ishaverma593523@gmail.com,Salary,7850.94,672
1083,Sahil Sharma,47,Nashik,sahilsharma820752@gmail.com,Current,41217.91,552
1084,Karan Sharma,39,Solapur,karansharma43164@gmail.com,Savings,16171.5,755
1085,Vijay Patil,36,Satara,vijaypatil364169@gmail.com,Savings,11232.09,682
1086,Vijay Shaikh,69,Nagpur,vijayshaikh558723@gmail.com,Salary,24153.96,625
1087,Ayesha Khan,70,Solapur,ayeshakhan449286@gmail.com,Salary,25592.05,698
1088,Rahul Joshi,35,Nashik,rahuljoshi693755@gmail.com,Salary,45378.43,749
1089,Sneha Singh,59,Thane,snehasingh388671@gmail.com,Salary,42372.27,572
1090,Kavya Patil,62,Aurangabad,kavyapatil72406@gmail.com,Savings,16571.13,749
1091,Simran Pawar,67,Ahmednagar,simranpawar530638@gmail.com,Salary,3326.35,597
1092,Amit Shaikh,34,Aurangabad,amitshaikh679098@gmail.com,Savings,25663.34,588
1093,Riya Jadhav,49,Mumbai,riyajadhav357906@gmail.com,Savings,40230.04,662
1094,Isha Jadhav,55,Nagpur,ishajadhav13366@gmail.com,Current,6720.1,751
1095,Vijay Singh,21,Thane,vijaysingh890944@gmail.com,Current,10665.52,561
1096,Priya Pawar,37,Satara,priyapawar440563@gmail.com,Current,1456.7,783
1097,Neha Gupta,39,Pune,nehagupta862376@gmail.com,Salary,19988.71,835
1098,Simran Jadhav,35,Satara,simranjadhav514113@gmail.com,Savings,35007.53,795
1099,Amit Shaikh,57,Ahmednagar,amitshaikh110765@gmail.com,Savings,26144.32,701
1100,Arjun Jadhav,51,Pune,arjunjadhav454682@gmail.com,Savings,34859.76,837
1101,Ayesha Sharma,69,Solapur,ayeshasharma379881@gmail.com,Salary,21290.12,584
1102,Pooja Jadhav,51,Mumbai,poojajadhav666559@gmail.com,Salary,41764.54,563
1103,Simran Pawar,36,Mumbai,simranpawar934984@gmail.com,Savings,34685.14,772
1104,Sahil Pawar,51,Nashik,sahilpawar869062@gmail.com,Salary,37743.5,620
1105,Priya Joshi,66,Satara,priyajoshi482171@gmail.com,Current,1616.92,850
1106,Rahul Patil,41,Kolhapur,rahulpatil741766@gmail.com,Current,,720
1107,Ayesha Joshi,44,Pune,ayeshajoshi160522@gmail.com,Current,19179.1,729
1108,Akash Patil,56,Nashik,akashpatil456741@gmail.com,Current,47067.89,583
1109,Sneha Shaikh,45,Solapur,snehashaikh184792@gmail.com,Savings,3151.99,749
1110,Simran Patil,55,Nagpur,simranpatil769540@gmail.com,Salary,27718.36,596
1111,,69,Nashik,,Current,4845.43,678
1112,Priya Sharma,58,Pune,priyasharma547191@gmail.com,Savings,2925.68,598
1113,Aditya Singh,69,Ahmednagar,adityasingh682154@gmail.com,Salary,17414.4,676
1114,Aditya Sharma,43,Aurangabad,adityasharma283301@gmail.com,Salary,28843.49,774
1115,Sneha Sharma,18,Kolhapur,snehasharma645930@gmail.com,Current,49338.81,632
1116,Neha Singh,59,Nagpur,nehasingh847558@gmail.com,Savings,44818.74,808
1117,Ananya Singh,53,Kolhapur,ananyasingh964389@gmail.com,Current,38040.22,584
1118,Arjun Patil,28,Solapur,arjunpatil564415@gmail.com,Savings,41975.63,589
1119,Rahul Singh,54,Kolhapur,rahulsingh812370@gmail.com,Current,40686.34,727
1120,Neha Khan,59,Satara,nehakhan507083@gmail.com,Salary,10193.54,786
1121,Ananya Jadhav,50,Nagpur,ananyajadhav487555@gmail.com,Current,16495.37,678
1122,Vijay Verma,22,Aurangabad,vijayverma456832@gmail.com,Salary,28428.91,620
1123,Mohit Patil,32,Solapur,mohitpatil865945@gmail.com,Salary,18025.84,850
1124,Kavya Verma,40,Mumbai,kavyaverma766636@gmail.com,Salary,5574.44,829
1125,Kavya Gupta,,Mumbai,kavyagupta621354@gmail.com,Salary,13625.69,705
1126,Aditya Singh,42,Nashik,adityasingh281533@gmail.com,Savings,23635.21,774
1127,Kavya Patil,62,Kolhapur,kavyapatil338060@gmail.com,Savings,13795.38,672
1128,Amit Shaikh,69,Nashik,amitshaikh893185@gmail.com,Salary,26862.64,752
1129,Simran Khan,28,Pune,simrankhan257520@gmail.com,Salary,44530.32,616
1130,Amit Jadhav,35,Pune,amitjadhav871184@gmail.com,Salary,14224.01,609
1131,Rahul Joshi,57,Satara,rahuljoshi980122@gmail.com,Current,46355.01,817
1132,Rahul Shaikh,19,Ahmednagar,rahulshaikh90972@gmail.com,Salary,33798.13,819
1133,Arjun Joshi,23,Nagpur,arjunjoshi292577@gmail.com,Current,42224.96,583
1134,Mohit Khan,69,Solapur,mohitkhan924557@gmail.com,Salary,38536.07,602
1135,Arjun Pawar,55,Solapur,arjunpawar472800@gmail.com,Current,34030.28,556
1136,Rahul Verma,66,Satara,rahulverma255809@gmail.com,Savings,43331.27,728
1137,Karan Patil,34,Nagpur,karanpatil787031@gmail.com,Savings,17295.27,777
1138,Isha Joshi,34,Nashik,ishajoshi487382@gmail.com,Salary,6938.86,604
1139,Arjun Verma,45,Nashik,arjunverma597630@gmail.com,Salary,6884.33,564
1140,Kavya Patil,64,Mumbai,kavyapatil640079@gmail.com,Savings,40534.76,792
1141,Priya Pawar,66,Kolhapur,priyapawar700746@gmail.com,Current,45594.37,584
1142,Priya Verma,41,Nashik,priyaverma397499@gmail.com,Salary,26999.18,728
1143,Kavya Shaikh,36,Thane,kavyashaikh352837@gmail.com,Salary,8334.85,705
1144,Aditya Singh,58,Nagpur,adityasingh30194@gmail.com,Savings,29001.15,713
1145,Ananya Verma,52,Nashik,ananyaverma518417@gmail.com,Salary,42602.59,583
1146,Arjun Singh,50,Nagpur,arjunsingh892388@gmail.com,Salary,45584.99,577
1147,Karan Jadhav,58,Nagpur,karanjadhav340902@gmail.com,Current,4540.6,728
1148,Sneha Gupta,18,Aurangabad,snehagupta190772@gmail.com,Salary,9193.33,553
1149,Karan Gupta,19,Pune,karangupta511333@gmail.com,Salary,16483.28,587
1150,Akash Sharma,45,Mumbai,akashsharma222523@gmail.com,Savings,38845.54,638
1151,Isha Gupta,64,Thane,ishagupta372160@gmail.com,Savings,9807.04,755
1152,Akash Shaikh,51,Kolhapur,akashshaikh836687@gmail.com,saving,19484.57,734
1153,Rohan Gupta,48,Nagpur,rohangupta271002@gmail.com,Current,4890.69,556
1154,Sahil Joshi,68,Pune,sahiljoshi356971@gmail.com,Savings,39482.89,731
1155,Pooja Verma,34,Aurangabad,poojaverma293343@gmail.com,Savings,3397.5,778
1156,Kavya Verma,44,Satara,kavyaverma923182@gmail.com,Savings,38931.67,675
1157,Sneha Verma,42,Satara,snehaverma625213@gmail.com,Salary,,833
1158,,25,Mumbai,,Savings,35944.41,704
1159,Isha Gupta,62,Satara,ishagupta735344@gmail.com,Savings,17258.09,758
1160,Vijay Joshi,33,Nagpur,vijayjoshi922959@gmail.com,Savings,20026.34,752
1161,Rahul Gupta,34,Nashik,rahulgupta289788@gmail.com,Salary,24942.39,799
1162,Akash Khan,45,Mumbai,akashkhan582889@gmail.com,Current,46008.98,822
1163,Ananya Pawar,53,Aurangabad,ananyapawar10744@gmail.com,Savings,6263.94,757
1164,Sneha Singh,42,Thane,snehasingh541822@gmail.com,Current,28180.74,754
1165,Ananya Gupta,32,Solapur,ananyagupta994215@gmail.com,Current,19733.24,660
1166,Rohan Verma,45,Nashik,rohanverma200437@gmail.com,Savings,43412.71,802
1167,Isha Patil,58,Mumbai,ishapatil89871@gmail.com,Salary,13646.08,631
1168,Isha Khan,64,Pune,ishakhan253180@gmail.com,Salary,29129.57,838
1169,Rahul Khan,,Nagpur,rahulkhan755153@gmail.com,Savings,27288.27,780
1170,Amit Shaikh,61,Thane,amitshaikh426270@gmail.com,Savings,39553.98,718
1171,Amit Sharma,49,Satara,amitsharma512411@gmail.com,Salary,28994.85,
1172,Akash Joshi,49,,akashjoshi582244@gmail.com,Salary,24624.57,716
1173,Priya Joshi,24,Thane,priyajoshi795093@gmail.com,Salary,34027.74,569
1174,Pooja Shaikh,27,Nagpur,poojashaikh252097@gmail.com,Savings,8569.28,567
1175,Akash Singh,66,Solapur,akashsingh724256@gmail.com,Current,11522.24,815
1176,Karan Shaikh,68,Satara,karanshaikh499319@gmail.com,Salary,39265.71,844
1177,Arjun Singh,51,Nashik,arjunsingh677378@gmail.com,Current,3031.88,554
1178,Rohan Gupta,37,Nagpur,rohangupta746520@gmail.com,Current,46696.25,752
1179,Ayesha Sharma,35,Ahmednagar,ayeshasharma514763@gmail.com,Salary,1709.11,801
1180,Simran Pawar,62,Kolhapur,simranpawar470045@gmail.com,Current,29860.74,581
1181,Ananya Singh,52,Satara,ananyasingh831550@gmail.com,Salary,35863.28,607
1182,Akash Singh,20,Nashik,akashsingh18180@gmail.com,Current,10464.75,552
1183,Rohan Singh,52,Ahmednagar,rohansingh97673@gmail.com,Current,44307.37,710
1184,Karan Khan,69,Mumbai,karankhan308628@gmail.com,Salary,25454.07,832
1185,Sneha Patil,61,Thane,snehapatil232460@gmail.com,Current,38811.8,708
1186,Rohan Jadhav,40,Aurangabad,rohanjadhav424145@gmail.com,Savings,10133.69,838
1187,Karan Singh,27,Nashik,karansingh725491@gmail.com,Salary,14915.55,
1188,Ananya Singh,58,Nashik,ananyasingh255223@gmail.com,Salary,40649.82,658
1189,Vijay Verma,30,Nagpur,vijayverma321180@gmail.com,Salary,43418.61,589
1190,Neha Pawar,59,Mumbai,nehapawar696312@gmail.com,Current,18801.65,684
1191,Akash Joshi,33,Nagpur,akashjoshi609905@gmail.com,Savings,4604.19,789
1192,Rohan Joshi,41,Nashik,rohanjoshi387045@gmail.com,Current,41101.72,767
1193,Priya Jadhav,30,Thane,priyajadhav496349@gmail.com,Savings,48952.39,627
1194,Ananya Singh,58,Aurangabad,ananyasingh580458@gmail.com,Salary,6105.17,654
1195,Vijay Gupta,67,Nagpur,vijaygupta556811@gmail.com,Current,1131.88,765
1196,Pooja Jadhav,53,Thane,poojajadhav360555@gmail.com,Savings,32784.45,797
1197,Kavya Verma,45,Pune,kavyaverma446273@gmail.com,Salary,18096.55,794
1198,Akash Joshi,47,Aurangabad,akashjoshi782269@gmail.com,Current,28566.74,821
1199,Vijay Joshi,25,Nashik,vijayjoshi577224@gmail.com,Salary,13493.91,668
1200,Akash Shaikh,64,Solapur,akashshaikh346959@gmail.com,Savings,48547.1,738
1201,Simran Sharma,32,Thane,simransharma369000@gmail.com,Salary,18547.02,596
1202,Sahil Sharma,59,Thane,sahilsharma737096@gmail.com,,34061.12,781
1203,Arjun Joshi,57,Pune,arjunjoshi475886@gmail.com,Current,,551
1204,Amit Verma,22,Pune,amitverma284176@gmail.com,Savings,45394.88,601
1205,Riya Jadhav,35,Mumbai,riyajadhav321617@gmail.com,Salary,22612.51,776
1206,Sneha Khan,28,Aurangabad,snehakhan263715@gmail.com,Salary,6887.17,
1207,Simran Patil,39,Thane,simranpatil241836@gmail.com,Salary,16385.98,601
1208,Riya Jadhav,,Nashik,riyajadhav126616@gmail.com,Savings,14799.52,777
1209,Sahil Pawar,26,Nashik,sahilpawar756421@gmail.com,Savings,41236.88,571
1210,Isha Verma,60,Kolhapur,ishaverma202039@gmail.com,Salary,4465.6,
1211,Rohan Pawar,51,Solapur,rohanpawar330976@gmail.com,Current,10249.01,850
1212,Amit Patil,48,Aurangabad,amitpatil125462@gmail.com,Salary,21776.22,694
1213,Rohan Patil,28,Kolhapur,rohanpatil779067@gmail.com,Savings,41923.9,713
1214,Pooja Jadhav,44,Pune,poojajadhav561994@gmail.com,Current,9633.61,701
1215,Aditya Jadhav,23,Pune,adityajadhav997167@gmail.com,Savings,48811.71,706
1216,Sneha Khan,64,Nashik,snehakhan799313@gmail.com,Current,19329.45,672
1217,Neha Singh,29,Nagpur,nehasingh723788@gmail.com,Savings,,741
1218,Aditya Sharma,,Satara,adityasharma194243@gmail.com,Salary,43986.39,723
1219,Karan Patil,67,Pune,karanpatil200945@gmail.com,Salary,12031.26,718
1220,,63,Solapur,,Savings,13765.6,647
1221,Priya Shaikh,66,Satara,priyashaikh226995@gmail.com,Salary,13854.64,829
1222,Priya Jadhav,44,Nashik,priyajadhav774583@gmail.com,Current,33117.01,770
1223,Ayesha Pawar,49,Ahmednagar,ayeshapawar507819@gmail.com,Salary,25384.16,598
1224,Rahul Joshi,31,Satara,rahuljoshi290030@gmail.com,Salary,5136.81,760
1225,Karan Jadhav,31,Mumbai,karanjadhav759882@gmail.com,Current,22989.64,727
1226,Amit Gupta,22,Pune,amitgupta618326@gmail.com,Savings,18760.86,725
1227,Akash Shaikh,52,Aurangabad,akashshaikh797235@gmail.com,Current,19631.05,800
1228,Kavya Verma,27,Pune,kavyaverma550221@gmail.com,Current,46032.69,832
1229,Pooja Sharma,49,Aurangabad,poojasharma625880@gmail.com,Savings,39202.82,644
1230,Vijay Khan,38,Pune,vijaykhan296845@gmail.com,Salary,48431.22,805
1231,Amit Sharma,43,Ahmednagar,amitsharma105509@gmail.com,Savings,23581.87,694
1232,Isha Gupta,22,Solapur,ishagupta873174@gmail.com,Salary,33918.25,815
1233,Vijay Sharma,28,Nagpur,vijaysharma203647@gmail.com,Salary,39227.81,753
1234,Ayesha Verma,,Nashik,ayeshaverma310736@gmail.com,Savings,15909.42,600
1235,Riya Jadhav,38,Satara,riyajadhav238633@gmail.com,Current,22803.38,664
1236,Rahul Joshi,28,Satara,rahuljoshi378511@gmail.com,Current,8565.09,738
1237,Amit Shaikh,64,Nagpur,amitshaikh188258@gmail.com,Salary,26902.1,696
1238,Vijay Pawar,38,Kolhapur,vijaypawar317050@gmail.com,Current,11451.05,745
1239,Riya Verma,43,Satara,riyaverma14935@gmail.com,Savings,46269.68,770
1240,Amit Gupta,31,Satara,amitgupta742511@gmail.com,Savings,27808.0,776
1241,Ayesha Gupta,31,Ahmednagar,ayeshagupta560181@gmail.com,Current,9266.8,763
1242,Aditya Pawar,23,Nashik,adityapawar132831@gmail.com,Salary,48220.92,817
1243,Karan Singh,22,Aurangabad,karansingh287736@gmail.com,Current,4915.64,707
1244,Rohan Shaikh,63,Mumbai,rohanshaikh47826@gmail.com,Current,46655.04,660
1245,Vijay Verma,39,Pune,vijayverma57274@gmail.com,Salary,13204.5,822
1246,Ayesha Joshi,52,Solapur,ayeshajoshi580338@gmail.com,Savings,15834.19,557
1247,Neha Singh,250,Satara,nehasingh306427@gmail.com,Salary,13808.38,788
1248,Kavya Sharma,35,Thane,kavyasharma731395@gmail.com,Salary,44046.86,701
1249,Kavya Verma,42,Satara,kavyaverma990049@gmail.com,Current,12035.9,746
1250,Pooja Sharma,62,Nashik,poojasharma132513@gmail.com,Current,22060.94,552
1251,Rohan Sharma,,Solapur,rohansharma668954@gmail.com,Savings,45815.76,771
1252,Kavya Jadhav,44,Thane,kavyajadhav910747@gmail.com,Savings,9832.57,732
1253,Neha Singh,,Ahmednagar,nehasingh789459@gmail.com,Salary,6258.3,792
1254,Priya Jadhav,28,Satara,priyajadhav514823@gmail.com,Savings,27511.4,619
1255,Karan Joshi,18,Kolhapur,karanjoshi107670@gmail.com,Current,23697.79,630
1256,Aditya Gupta,51,Mumbai,adityagupta915212@gmail.com,Savings,46422.81,701
1257,Rahul Verma,26,Nashik,rahulverma12961@gmail.com,Savings,48292.17,740
1258,Akash Jadhav,48,Nashik,akashjadhav602049@gmail.com,Current,23303.45,576
1259,Rohan Patil,46,Ahmednagar,rohanpatil298251@gmail.com,Salary,16942.21,635
1260,Aditya Pawar,40,Satara,adityapawar492298@gmail.com,Savings,33788.44,682
1261,Priya Shaikh,58,Kolhapur,priyashaikh502068@gmail.com,Savings,8357.31,620
1262,Simran Shaikh,66,Pune,simranshaikh461965@gmail.com,Current,10446.02,766
1263,Amit Verma,21,Thane,amitverma357356@gmail.com,Current,22169.75,842
1264,Isha Verma,52,Satara,ishaverma193419@gmail.com,Salary,9039.76,663
1265,Karan Khan,57,Ahmednagar,karankhan53972@gmail.com,Current,14729.06,556
1266,Karan Singh,18,Solapur,karansingh264842@gmail.com,Savings,38058.67,807
1267,Vijay Gupta,19,Pune,vijaygupta986876@gmail.com,Salary,24697.42,
1268,Sahil Joshi,26,Pune,sahiljoshi903682@gmail.com,Current,11376.06,650
1269,Simran Singh,29,Pune,simransingh501035@gmail.com,Current,37743.17,562
1270,Aditya Patil,48,Aurangabad,adityapatil119729@gmail.com,Savings,26113.8,642
1271,Karan Pawar,30,Ahmednagar,karanpawar862150@gmail.com,Current,21738.16,579
1272,Pooja Shaikh,49,Kolhapur,poojashaikh68617@gmail.com,Salary,37450.58,564
1273,Rohan Singh,19,Ahmednagar,rohansingh420272@gmail.com,Current,31387.3,661
1274,Kavya Singh,55,Pune,kavyasingh515733@gmail.com,Savings,25732.47,800
1275,Vijay Gupta,56,Kolhapur,vijaygupta77780@gmail.com,Current,13055.05,812
1276,Amit Jadhav,35,Ahmednagar,amitjadhav605150@gmail.com,,4309.11,616
1277,Ayesha Verma,55,Pune,ayeshaverma660121@gmail.com,Savings,36782.77,565
1278,Ayesha Singh,32,Solapur,ayeshasingh719896@gmail.com,Current,33260.15,833
1279,Pooja Patil,67,Ahmednagar,poojapatil56313@gmail.com,Current,19499.64,819
1280,Ayesha Joshi,50,Solapur,ayeshajoshi159197@gmail.com,Current,20835.0,585
1281,Aditya Singh,43,Solapur,adityasingh156545@gmail.com,Current,27451.67,656
1282,Priya Jadhav,19,Mumbai,priyajadhav850644@gmail.com,Current,40962.64,789
1283,Kavya Patil,46,Mumbai,kavyapatil590280@gmail.com,Salary,35609.45,719
1284,Sahil Verma,46,Solapur,sahilverma995330@gmail.com,Current,27136.45,814
1285,Mohit Pawar,18,Solapur,mohitpawar318694@gmail.com,Salary,29199.17,736
1286,Karan Joshi,45,Thane,karanjoshi89418@gmail.com,Savings,4273.77,557
1287,Arjun Jadhav,62,Kolhapur,arjunjadhav260347@gmail.com,Current,38844.58,655
1288,Arjun Gupta,62,Kolhapur,arjungupta124305@gmail.com,Current,6487.43,707
1289,Ananya Joshi,,,ananyajoshi585281@gmail.com,Savings,,799
1290,Kavya Joshi,25,Aurangabad,kavyajoshi801677@gmail.com,Savings,27978.57,714
1291,Rahul Gupta,32,Nagpur,rahulgupta436490@gmail.com,Savings,41508.4,837
1292,Aditya Verma,52,Nagpur,adityaverma635870@gmail.com,Current,1613.94,572
1293,Pooja Shaikh,50,Nagpur,poojashaikh625184@gmail.com,Current,1447.65,673
1294,Ayesha Sharma,49,Kolhapur,ayeshasharma829251@gmail.com,Salary,2315.2,658
1295,Aditya Verma,22,Solapur,adityaverma648558@gmail.com,Current,10890.12,807
1296,Vijay Sharma,42,Ahmednagar,vijaysharma236750@gmail.com,Savings,10530.11,790
1297,Simran Sharma,43,Ahmednagar,simransharma813473@gmail.com,Current,11888.95,644
1298,Rohan Shaikh,44,Pune,rohanshaikh548057@gmail.com,Current,44757.03,555
1299,Rahul Gupta,47,Nagpur,rahulgupta398955@gmail.com,Salary,14986.13,652
1300,Neha Patil,60,,nehapatil472498@gmail.com,Savings,25034.37,695
1301,Sneha Pawar,70,Kolhapur,snehapawar952735@gmail.com,Savings,48095.8,729
1302,Simran Jadhav,56,Nashik,simranjadhav464326@gmail.com,Savings,11676.36,659
1303,Riya Patil,55,Solapur,riyapatil311897@gmail.com,Salary,25192.63,662
1304,Rahul Joshi,65,Kolhapur,rahuljoshi902050@gmail.com,Savings,48571.0,832
1305,Akash Pawar,37,Kolhapur,akashpawar617213@gmail.com,Current,997.32,819
1306,Arjun Sharma,18,Nashik,arjunsharma449760@gmail.com,Salary,27405.32,798
1307,Kavya Joshi,48,Thane,kavyajoshi320314@gmail.com,Savings,14253.43,730
1308,Karan Khan,35,Mumbai,karankhan596351@gmail.com,,2742.5,720
1309,Arjun Patil,51,Aurangabad,arjunpatil651294@gmail.com,Salary,21529.69,810
1310,Aditya Pawar,23,Kolhapur,adityapawar63256@gmail.com,Current,22111.97,576
1311,Riya Gupta,57,Aurangabad,riyagupta639344@gmail.com,Savings,6749.98,656
1312,Rohan Joshi,57,Pune,rohanjoshi776139@gmail.com,Current,41059.39,708
1313,Rahul Pawar,34,Ahmednagar,rahulpawar104153@gmail.com,Savings,3035.55,789
1314,Kavya Sharma,44,Aurangabad,kavyasharma993720@gmail.com,Current,8704.45,759
1315,Rohan Patil,67,Thane,rohanpatil799887@gmail.com,Current,5147.99,680
1316,Sahil Shaikh,62,Aurangabad,sahilshaikh217981@gmail.com,Current,42999.85,695
1317,Sahil Sharma,57,Satara,sahilsharma656000@gmail.com,Savings,10180.55,586
1318,Neha Pawar,,Ahmednagar,nehapawar221375@gmail.com,Salary,32265.21,642
1319,Mohit Joshi,45,Nashik,mohitjoshi277601@gmail.com,Salary,49460.71,759
1320,Amit Gupta,,Nagpur,amitgupta692609@gmail.com,Savings,7865.25,723
1321,Vijay Verma,39,Kolhapur,vijayverma85231@gmail.com,Salary,10750.05,777
1322,Aditya Khan,34,Solapur,adityakhan164786@gmail.com,Savings,49883.78,608
1323,Aditya Patil,45,Aurangabad,adityapatil251616@gmail.com,Salary,37324.6,812
1324,Ananya Gupta,23,Aurangabad,ananyagupta182356@gmail.com,Savings,24382.92,619
1325,Arjun Verma,45,Pune,arjunverma578905@gmail.com,Current,49708.9,830
1326,Isha Patil,68,Solapur,ishapatil78811@gmail.com,Salary,21900.14,764
1327,Rohan Verma,39,Nagpur,rohanverma164236@gmail.com,Salary,27930.85,771
1328,Rohan Joshi,51,Thane,rohanjoshi2905@gmail.com,Current,35507.1,613
1329,Isha Shaikh,61,Solapur,ishashaikh428461@gmail.com,Savings,1670.09,826
1330,Riya Gupta,64,Ahmednagar,riyagupta472487@gmail.com,Savings,49930.56,695
1331,Arjun Shaikh,50,Nashik,arjunshaikh722958@gmail.com,Savings,864.21,670
1332,Sneha Jadhav,57,Mumbai,snehajadhav622756@gmail.com,Salary,1035.14,843
1333,Rahul Sharma,33,Thane,rahulsharma492838@gmail.com,Current,25829.01,650
1334,Ayesha Jadhav,61,Kolhapur,ayeshajadhav305507@gmail.com,Savings,13104.46,826
1335,Rohan Jadhav,69,Satara,rohanjadhav34325@gmail.com,Savings,36422.39,760
1336,Aditya Joshi,44,Thane,adityajoshi242820@gmail.com,Savings,46088.31,667
1337,Simran Verma,42,Aurangabad,simranverma302199@gmail.com,Savings,17872.94,565
1338,Ananya Gupta,47,Mumbai,ananyagupta741396@gmail.com,Salary,23304.79,632
1339,Simran Shaikh,34,Nashik,simranshaikh296551@gmail.com,Salary,30952.52,556
1340,Riya Shaikh,57,Aurangabad,riyashaikh737235@gmail.com,Current,39035.76,663
1341,Ananya Singh,58,Ahmednagar,ananyasingh901462@gmail.com,Current,31645.72,654
1342,Amit Sharma,23,Aurangabad,amitsharma476186@gmail.com,Savings,31846.18,739
1343,Kavya Patil,22,Aurangabad,kavyapatil74737@gmail.com,Current,33965.93,744
1344,Neha Gupta,34,Thane,nehagupta720875@gmail.com,Savings,4807.27,747
1345,Rohan Joshi,33,Thane,rohanjoshi244862@gmail.com,Salary,41903.05,729
1346,Akash Singh,41,Thane,akashsingh968890@gmail.com,Savings,22083.89,812
1347,Priya Patil,54,Kolhapur,priyapatil277505@gmail.com,Current,39327.29,560
1348,Arjun Singh,55,Satara,arjunsingh826197@gmail.com,Current,29983.52,760
1349,Mohit Jadhav,27,Aurangabad,mohitjadhav829783@gmail.com,Savings,26644.27,825
1350,Sahil Joshi,25,Aurangabad,sahiljoshi655520@gmail.com,Current,47553.35,794
1351,Sneha Shaikh,58,Ahmednagar,snehashaikh618539@gmail.com,Salary,33371.0,759
1352,Riya Singh,66,Aurangabad,riyasingh693400@gmail.com,Savings,24078.27,635
1353,Neha Singh,20,Thane,nehasingh843056@gmail.com,Salary,23842.55,670
1354,Rahul Patil,70,Nashik,rahulpatil979122@gmail.com,Savings,27230.9,846
1355,Arjun Khan,50,Thane,arjunkhan207528@gmail.com,Salary,31497.28,799
1356,Vijay Pawar,20,Nagpur,vijaypawar445890@gmail.com,Salary,38535.03,554
1357,Ananya Singh,38,Thane,ananyasingh120451@gmail.com,Savings,30150.45,761
1358,Rahul Joshi,22,Nashik,rahuljoshi571115@gmail.com,Salary,1293.38,712
1359,Sneha Gupta,25,Kolhapur,snehagupta235829@gmail.com,Salary,46510.76,633
1360,Priya Singh,39,Mumbai,priyasingh679194@gmail.com,Current,30164.86,634
1361,Riya Joshi,26,Pune,riyajoshi156326@gmail.com,Current,47324.61,840
1362,Rahul Verma,44,Aurangabad,rahulverma952638@gmail.com,Salary,7337.06,573
1363,Riya Singh,18,Nagpur,riyasingh278635@gmail.com,Current,49603.8,564
1364,Vijay Shaikh,33,Satara,vijayshaikh866885@gmail.com,Salary,9470.11,671
1365,Akash Sharma,61,Thane,akashsharma149245@gmail.com,Salary,37663.37,799
1366,Akash Joshi,,Ahmednagar,akashjoshi74978@gmail.com,Current,32771.43,785
1367,Priya Patil,33,Nashik,priyapatil62635@gmail.com,Current,38163.37,551
1368,Amit Gupta,65,Solapur,amitgupta174082@gmail.com,Current,8389.89,667
1369,Amit Singh,39,Nashik,amitsingh831231@gmail.com,Current,,846
1370,Ayesha Shaikh,54,Ahmednagar,ayeshashaikh322654@gmail.com,Current,14356.45,777
1371,Amit Sharma,60,Pune,amitsharma624048@gmail.com,Salary,5076.16,561
1372,Vijay Jadhav,18,Solapur,vijayjadhav785439@gmail.com,Savings,1157.41,833
1373,Priya Pawar,70,Satara,priyapawar864378@gmail.com,Savings,8394.71,588
1374,Ayesha Shaikh,37,Aurangabad,ayeshashaikh596956@gmail.com,Salary,2777.08,758
1375,Aditya Verma,49,Kolhapur,adityaverma966040@gmail.com,Current,10456.06,840
1376,Ayesha Jadhav,26,Mumbai,ayeshajadhav302730@gmail.com,Current,37820.36,828
1377,Kavya Sharma,53,,kavyasharma460585@gmail.com,Savings,47750.06,789
1378,,18,Thane,,Current,8968.58,589
1379,Akash Jadhav,54,Pune,akashjadhav130494@gmail.com,Savings,24879.13,777
1380,Simran Patil,35,Mumbai,simranpatil491565@gmail.com,Salary,7756.96,586
1381,Karan Khan,20,Nashik,karankhan722231@gmail.com,Current,13671.75,849
1382,Aditya Khan,65,Thane,adityakhan318962@gmail.com,Salary,35746.85,620
1383,Mohit Joshi,32,Mumbai,mohitjoshi733823@gmail.com,Salary,29885.62,555
1384,Kavya Patil,49,Satara,kavyapatil422160@gmail.com,Salary,6147.63,626
1385,Rahul Khan,38,Ahmednagar,rahulkhan988567@gmail.com,Current,,575
1386,Ayesha Khan,49,Nagpur,ayeshakhan285570@gmail.com,Salary,26158.57,656
1387,Ananya Pawar,25,Mumbai,ananyapawar524883@gmail.com,Savings,44364.59,758
1388,Kavya Jadhav,67,Satara,kavyajadhav566311@gmail.com,Current,36769.08,784
1389,Neha Verma,28,Ahmednagar,nehaverma517881@gmail.com,Savings,11175.7,645
1390,Riya Verma,55,Aurangabad,riyaverma459123@gmail.com,Salary,45136.91,567
1391,Rahul Joshi,55,Ahmednagar,rahuljoshi84449@gmail.com,Salary,32600.34,803
1392,Ayesha Patil,38,Pune,ayeshapatil627186@gmail.com,Current,36414.9,584
1393,Karan Singh,41,Kolhapur,karansingh41897@gmail.com,Current,39965.32,590
1394,Sneha Khan,55,Pune,snehakhan932727@gmail.com,Salary,25820.01,662
1395,Riya Gupta,43,Kolhapur,riyagupta453114@gmail.com,Salary,13901.59,648
1396,Sahil Khan,26,Ahmednagar,sahilkhan770314@gmail.com,Savings,5500.8,581
1397,Riya Pawar,30,Solapur,riyapawar338078@gmail.com,Savings,23032.94,652
1398,Neha Sharma,68,Satara,nehasharma633139@gmail.com,Salary,8210.62,773
1399,Sneha Singh,59,Satara,snehasingh262629@gmail.com,Savings,36708.34,604
1400,Sneha Shaikh,25,Mumbai,snehashaikh27221@gmail.com,Savings,18291.12,735
1401,Priya Patil,44,Satara,priyapatil95863@gmail.com,Current,3683.74,662
1402,Simran Pawar,29,Aurangabad,simranpawar240144@gmail.com,Salary,37508.02,682
1403,Sneha Verma,52,Aurangabad,snehaverma707153@gmail.com,Current,47566.8,688
1404,Sneha Singh,67,Ahmednagar,snehasingh876666@gmail.com,Savings,34784.29,
1405,Ananya Jadhav,47,Pune,ananyajadhav902417@gmail.com,Current,25992.27,667
1406,Kavya Khan,42,Aurangabad,kavyakhan603239@gmail.com,Savings,45315.5,792
1407,Priya Khan,29,Kolhapur,priyakhan615743@gmail.com,Current,,836
1408,Vijay Khan,24,Solapur,vijaykhan997071@gmail.com,Current,21921.53,703
1409,Ayesha Joshi,27,Pune,ayeshajoshi21853@gmail.com,Salary,15027.4,648
1410,Karan Joshi,30,Solapur,karanjoshi802009@gmail.com,Current,46453.51,638
1411,Karan Khan,40,Mumbai,karankhan705038@gmail.com,Current,17109.75,769
1412,Sahil Jadhav,62,Thane,sahiljadhav861422@gmail.com,Current,39808.87,622
1413,Riya Pawar,60,Aurangabad,riyapawar282702@gmail.com,Savings,18310.97,737
1414,Ananya Sharma,21,Solapur,ananyasharma604338@gmail.com,Salary,49183.33,561
1415,Neha Gupta,56,Pune,nehagupta42285@gmail.com,Salary,49772.37,577
1416,Kavya Singh,69,Mumbai,kavyasingh800277@gmail.com,Salary,41082.65,
1417,Mohit Khan,38,Satara,mohitkhan793105@gmail.com,Salary,23653.56,619
1418,Neha Khan,42,Nagpur,nehakhan183800@gmail.com,Salary,40032.66,729
1419,Sneha Singh,27,Nashik,snehasingh493455@gmail.com,Savings,34599.13,720
1420,Isha Verma,66,Kolhapur,ishaverma544273@gmail.com,Current,17407.39,772
1421,Aditya Shaikh,27,Mumbai,adityashaikh683257@gmail.com,Current,3650.16,788
1422,Kavya Joshi,47,Pune,kavyajoshi463811@gmail.com,Savings,32786.42,657
1423,Simran Shaikh,23,Mumbai,simranshaikh960671@gmail.com,Current,16647.59,673
1424,Sneha Khan,41,Nashik,snehakhan291768@gmail.com,Savings,22240.49,843
1425,Priya Sharma,29,Aurangabad,priyasharma190405@gmail.com,Salary,21921.54,603
1426,Sahil Joshi,24,Mumbai,sahiljoshi613862@gmail.com,Salary,33615.94,769
1427,Vijay Khan,37,Aurangabad,vijaykhan457158@gmail.com,Current,30508.91,680
1428,Sneha Verma,30,Ahmednagar,snehaverma665720@gmail.com,Savings,12061.35,574
1429,Rohan Joshi,18,Ahmednagar,rohanjoshi853897@gmail.com,Savings,25109.28,827
1430,Aditya Verma,48,Ahmednagar,adityaverma515711@gmail.com,Current,32861.35,792
1431,Ayesha Shaikh,22,Ahmednagar,ayeshashaikh95774@gmail.com,Current,20690.36,745
1432,Mohit Gupta,70,Nashik,mohitgupta492941@gmail.com,Savings,34137.14,822
1433,Sneha Singh,70,Nashik,snehasingh364963@gmail.com,Savings,6337.85,754
1434,Priya Singh,23,Nashik,priyasingh428284@gmail.com,Current,47370.75,563
1435,Sneha Shaikh,44,Ahmednagar,snehashaikh349599@gmail.com,Current,33026.73,720
1436,Rohan Verma,46,Aurangabad,rohanverma336753@gmail.com,Salary,43965.82,621
1437,,56,Kolhapur,,Savings,44460.96,716
1438,Karan Pawar,49,Thane,karanpawar702785@gmail.com,Savings,10070.1,727
1439,Kavya Gupta,51,Mumbai,kavyagupta109780@gmail.com,Savings,48403.22,804
1440,Pooja Pawar,30,Solapur,poojapawar899498@gmail.com,Salary,37687.56,841
1441,Vijay Joshi,18,Satara,vijayjoshi168737@gmail.com,Salary,39736.0,624
1442,Akash Khan,26,Ahmednagar,akashkhan345924@gmail.com,Current,25720.18,842
1443,Neha Khan,67,Nashik,nehakhan431741@gmail.com,Savings,45028.04,785
1444,Simran Shaikh,40,Nagpur,simranshaikh727469@gmail.com,Salary,38130.52,807
1445,Riya Sharma,29,Aurangabad,riyasharma519636@gmail.com,Salary,14451.53,772
1446,Vijay Patil,45,Nashik,vijaypatil302318@gmail.com,Current,15788.31,653
1447,Sahil Patil,56,Aurangabad,sahilpatil694869@gmail.com,Salary,14737.53,802
1448,Pooja Joshi,56,Kolhapur,poojajoshi991207@gmail.com,Current,28926.96,614
1449,Sneha Patil,69,Nagpur,snehapatil420004@gmail.com,Savings,48136.12,645
1450,Kavya Khan,28,Satara,kavyakhan853185@gmail.com,Savings,45991.48,660
1451,Karan Singh,26,Satara,karansingh797541@gmail.com,Salary,44360.74,669
1452,Isha Patil,61,,ishapatil576918@gmail.com,Salary,20458.52,672
1453,Kavya Singh,42,Nashik,kavyasingh38579@gmail.com,Savings,10900.1,556
1454,Isha Singh,46,Aurangabad,ishasingh477019@gmail.com,Salary,19899.18,830
1455,Sahil Sharma,37,Aurangabad,sahilsharma92437@gmail.com,Salary,16010.41,567
1456,Akash Jadhav,,Thane,akashjadhav329895@gmail.com,Current,17608.19,577
1457,Vijay Khan,52,Ahmednagar,vijaykhan264759@gmail.com,Current,42351.94,622
1458,Pooja Singh,33,Thane,poojasingh339077@gmail.com,Salary,33553.48,812
1459,Sneha Verma,34,Pune,snehaverma121652@gmail.com,Salary,40955.42,596
1460,Rahul Joshi,31,Kolhapur,rahuljoshi810175@gmail.com,Savings,20696.59,641
1461,Rohan Jadhav,45,Thane,rohanjadhav423908@gmail.com,Current,16845.32,850
1462,Ayesha Khan,30,Thane,ayeshakhan907024@gmail.com,Savings,35390.41,713
1463,Neha Shaikh,52,Ahmednagar,nehashaikh539693@gmail.com,Salary,26104.46,696
1464,Priya Verma,29,Solapur,priyaverma865098@gmail.com,Savings,13909.74,824
1465,Ayesha Sharma,54,Kolhapur,ayeshasharma1306@gmail.com,Savings,26126.21,681
1466,Neha Sharma,25,Kolhapur,nehasharma689706@gmail.com,Salary,12982.76,835
1467,Pooja Jadhav,25,Mumbai,poojajadhav911697@gmail.com,Current,6950.91,755
1468,Amit Pawar,66,Nagpur,amitpawar569050@gmail.com,Salary,2485.36,700
1469,Vijay Joshi,31,Nashik,vijayjoshi484517@gmail.com,Savings,689.08,693
1470,Kavya Patil,49,Aurangabad,kavyapatil433421@gmail.com,Current,32529.33,805
1471,Isha Gupta,34,Ahmednagar,ishagupta56937@gmail.com,Current,1736.07,733
1472,Karan Khan,37,Aurangabad,karankhan196794@gmail.com,Current,27264.03,811
1473,Karan Shaikh,41,Kolhapur,karanshaikh543723@gmail.com,Current,44440.47,831
1474,Arjun Singh,61,Kolhapur,arjunsingh379453@gmail.com,Savings,37398.51,
1475,Simran Pawar,40,Aurangabad,simranpawar652978@gmail.com,Savings,30516.68,647
1476,Sneha Verma,25,Thane,snehaverma793288@gmail.com,Salary,6918.98,732
1477,Rohan Khan,45,Thane,rohankhan522807@gmail.com,Current,45772.6,764
1478,Sahil Singh,57,Aurangabad,sahilsingh655888@gmail.com,Salary,8998.68,829
1479,Isha Jadhav,67,Kolhapur,ishajadhav463613@gmail.com,Savings,36075.83,814
1480,Arjun Khan,62,Nagpur,arjunkhan797007@gmail.com,Current,2009.55,773
1481,Priya Jadhav,53,Mumbai,priyajadhav54218@gmail.com,Current,1878.66,690
1482,Karan Jadhav,24,Solapur,karanjadhav213546@gmail.com,Savings,31752.45,682
1483,Sahil Sharma,21,Kolhapur,sahilsharma280128@gmail.com,Current,47820.06,580
1484,Rahul Sharma,27,Mumbai,rahulsharma575998@gmail.com,Salary,40070.02,660
1485,Akash Joshi,27,Nashik,akashjoshi137477@gmail.com,Salary,17600.96,638
1486,Karan Gupta,51,Solapur,karangupta972835@gmail.com,Current,19961.54,720
1487,Neha Singh,25,Satara,nehasingh302120@gmail.com,Current,13258.63,729
1488,Riya Gupta,37,Pune,riyagupta459498@gmail.com,Current,,766
1489,Isha Singh,40,Satara,ishasingh923734@gmail.com,Savings,22321.89,757
1490,Vijay Sharma,40,Kolhapur,vijaysharma732268@gmail.com,Salary,46953.93,723
1491,Sneha Sharma,57,Solapur,snehasharma508357@gmail.com,Savings,43893.48,718
1492,Isha Sharma,36,Thane,ishasharma127424@gmail.com,Salary,29315.59,823
1493,Isha Patil,20,Pune,ishapatil30371@gmail.com,Current,21202.61,556
1494,Kavya Joshi,46,Mumbai,kavyajoshi660726@gmail.com,Salary,43007.97,849
1495,Vijay Sharma,58,Nashik,vijaysharma638548@gmail.com,Salary,34311.26,609
1496,Kavya Verma,24,Nashik,kavyaverma838241@gmail.com,Salary,15207.23,792
1497,Akash Gupta,44,Mumbai,akashgupta251021@gmail.com,Current,8462.42,657
1498,Sahil Khan,40,Pune,sahilkhan744361@gmail.com,Current,13646.32,732
1499,Mohit Sharma,,Pune,mohitsharma166171@gmail.com,Savings,14718.97,603
1500,Aditya Patil,27,Solapur,adityapatil325945@gmail.com,Current,3794.89,666
1501,Simran Verma,35,Nashik,simranverma577696@gmail.com,Current,41503.89,551
1502,Riya Verma,56,Nagpur,riyaverma14438@gmail.com,Current,29552.77,616
1503,Ayesha Sharma,49,Thane,ayeshasharma579177@gmail.com,Salary,45895.46,735
1504,Kavya Shaikh,49,Satara,kavyashaikh427909@gmail.com,Savings,47707.38,752
1505,Neha Khan,53,Satara,nehakhan97836@gmail.com,Current,41193.28,
1506,Karan Pawar,55,Thane,karanpawar235715@gmail.com,Salary,16146.88,579
1507,Sneha Verma,24,Satara,snehaverma882377@gmail.com,Current,12824.11,776
1508,Mohit Verma,46,Ahmednagar,mohitverma957376@gmail.com,Savings,8437.93,735
1509,Aditya Jadhav,43,Kolhapur,adityajadhav119072@gmail.com,Savings,,726
1510,Arjun Joshi,39,,arjunjoshi483963@gmail.com,Current,6278.9,735
1511,Aditya Sharma,69,Ahmednagar,adityasharma993165@gmail.com,Salary,8117.69,623
1512,Ananya Jadhav,25,Thane,ananyajadhav123272@gmail.com,Salary,8758.84,678
1513,Sneha Shaikh,22,Thane,snehashaikh679272@gmail.com,Savings,5205.2,689
1514,,36,Satara,,Current,3735.07,806
1515,Priya Sharma,61,Solapur,priyasharma872665@gmail.com,Savings,2764.18,836
1516,Mohit Verma,55,Ahmednagar,mohitverma161550@gmail.com,Savings,,694
1517,Simran Jadhav,64,Kolhapur,simranjadhav522684@gmail.com,Savings,30154.82,660
1518,Sneha Pawar,47,Nashik,snehapawar978057@gmail.com,Savings,48371.8,579
1519,Neha Joshi,45,Satara,nehajoshi751513@gmail.com,Salary,33333.22,729
1520,Pooja Jadhav,20,Solapur,poojajadhav306139@gmail.com,Current,4442.35,653
1521,Karan Jadhav,28,Nashik,karanjadhav533690@gmail.com,Current,15093.16,644
1522,Ayesha Pawar,44,Ahmednagar,ayeshapawar739777@gmail.com,Savings,8997.95,572
1523,Neha Verma,,Ahmednagar,nehaverma286806@gmail.com,Salary,36272.11,671
1524,Amit Pawar,,Solapur,amitpawar435773@gmail.com,Savings,48800.08,583
1525,Priya Patil,50,Mumbai,priyapatil875371@gmail.com,Current,17369.43,570
1526,Aditya Gupta,37,Thane,adityagupta506037@gmail.com,Salary,19959.14,698
1527,Pooja Pawar,25,Pune,poojapawar495258@gmail.com,Savings,48696.79,665
1528,Akash Singh,64,Aurangabad,akashsingh255670@gmail.com,Savings,41112.01,764
1529,Mohit Gupta,62,Kolhapur,mohitgupta479075@gmail.com,Current,32434.28,764
1530,Kavya Joshi,32,Thane,kavyajoshi578143@gmail.com,Current,1102.89,699
1531,Karan Verma,61,Aurangabad,karanverma151768@gmail.com,Salary,45405.25,593
1532,Amit Pawar,63,Mumbai,amitpawar402319@gmail.com,Savings,5676.0,790
1533,Simran Patil,56,Kolhapur,simranpatil199969@gmail.com,Savings,31356.67,757
1534,Simran Shaikh,30,Kolhapur,simranshaikh966748@gmail.com,Savings,17088.05,690
1535,Priya Shaikh,46,Ahmednagar,priyashaikh628592@gmail.com,Current,8515.03,708
1536,Riya Joshi,22,Aurangabad,riyajoshi533029@gmail.com,Current,46807.45,648
1537,Rahul Jadhav,28,Ahmednagar,rahuljadhav782644@gmail.com,Current,15710.55,600
1538,Karan Pawar,38,Nagpur,karanpawar922140@gmail.com,Salary,41113.31,582
1539,Sneha Joshi,36,Mumbai,snehajoshi143239@gmail.com,Current,10305.63,
1540,Kavya Sharma,45,Kolhapur,kavyasharma906097@gmail.com,Salary,,671
1541,Ayesha Shaikh,55,Mumbai,ayeshashaikh73301@gmail.com,Savings,2738.71,749
1542,Aditya Verma,20,Kolhapur,adityaverma289766@gmail.com,Savings,30485.47,735
1543,Rohan Singh,23,Thane,rohansingh810308@gmail.com,Salary,38950.75,650
1544,Isha Sharma,34,Solapur,ishasharma828481@gmail.com,Savings,36304.13,664
1545,Amit Patil,38,Aurangabad,amitpatil896016@gmail.com,Savings,4395.46,743
1546,Arjun Joshi,25,Solapur,arjunjoshi435198@gmail.com,Salary,36862.38,681
1547,Ayesha Shaikh,40,Mumbai,ayeshashaikh356485@gmail.com,Salary,19990.49,796
1548,Amit Pawar,37,Nagpur,amitpawar979730@gmail.com,Savings,,675
1549,Karan Shaikh,44,Mumbai,karanshaikh826081@gmail.com,Savings,2402.07,843
1550,Sahil Sharma,64,Satara,sahilsharma532501@gmail.com,Salary,31201.0,729
1551,Neha Khan,59,Solapur,nehakhan280250@gmail.com,Current,42382.3,621
1552,Rohan Verma,22,Pune,rohanverma860508@gmail.com,Salary,14947.13,827
1553,Aditya Verma,31,Nashik,adityaverma2789@gmail.com,Salary,6045.81,
1554,Priya Khan,29,Solapur,priyakhan296678@gmail.com,Current,18389.13,551
1555,Vijay Khan,,Nashik,vijaykhan761419@gmail.com,Savings,,664
1556,Ananya Sharma,32,Nashik,ananyasharma313158@gmail.com,Salary,32567.29,710
1557,Rohan Gupta,42,Kolhapur,rohangupta878257@gmail.com,Savings,11129.17,585
1558,Mohit Gupta,43,Nagpur,mohitgupta615548@gmail.com,Savings,3363.24,777
1559,Ayesha Gupta,67,Thane,ayeshagupta608193@gmail.com,Salary,45311.4,711
1560,Sneha Singh,49,Thane,snehasingh692098@gmail.com,Current,45914.63,595
1561,Pooja Patil,43,Thane,poojapatil513525@gmail.com,Current,18767.76,575
1562,Sahil Shaikh,21,Satara,sahilshaikh907391@gmail.com,Current,23581.35,
1563,Simran Pawar,29,Solapur,simranpawar155913@gmail.com,Salary,10828.06,617
1564,Mohit Singh,63,Aurangabad,mohitsingh468338@gmail.com,Savings,40493.08,778
1565,Isha Joshi,63,Thane,ishajoshi564842@gmail.com,Salary,39990.53,701
1566,Ananya Sharma,37,Solapur,ananyasharma507968@gmail.com,Savings,8184.24,798
1567,,51,Solapur,,Salary,40057.52,598
1568,Aditya Joshi,40,Aurangabad,adityajoshi361988@gmail.com,Current,37162.11,580
1569,Aditya Gupta,29,Nashik,adityagupta348688@gmail.com,Current,23717.05,740
1570,Vijay Shaikh,42,Satara,vijayshaikh578827@gmail.com,Salary,27453.75,697
1571,Mohit Patil,66,Mumbai,mohitpatil800029@gmail.com,Savings,12897.91,755
1572,Priya Sharma,56,Thane,priyasharma569927@gmail.com,Savings,23703.55,610
1573,Isha Jadhav,55,Nashik,ishajadhav395633@gmail.com,Savings,43026.09,776
1574,Ananya Pawar,21,Ahmednagar,ananyapawar477563@gmail.com,Salary,34716.02,730
1575,Kavya Singh,43,Mumbai,kavyasingh978266@gmail.com,Salary,28509.66,602
1576,Simran Shaikh,48,Nagpur,simranshaikh337508@gmail.com,Current,41859.91,721
1577,Priya Shaikh,34,Ahmednagar,priyashaikh911943@gmail.com,Savings,26177.5,613
1578,Pooja Sharma,63,Nashik,poojasharma197916@gmail.com,Current,39145.49,644
1579,Ayesha Shaikh,65,Ahmednagar,ayeshashaikh731480@gmail.com,Current,32855.34,781
1580,Akash Pawar,31,Satara,akashpawar250505@gmail.com,Savings,12026.27,660
1581,Kavya Shaikh,61,Thane,kavyashaikh599673@gmail.com,Savings,21595.55,579
1582,Aditya Verma,44,Thane,adityaverma401674@gmail.com,Salary,37868.78,594
1583,Rahul Patil,70,Ahmednagar,rahulpatil245007@gmail.com,Current,24360.55,636
1584,Amit Patil,21,Satara,amitpatil897694@gmail.com,Salary,15545.04,774
1585,Vijay Patil,55,Nashik,vijaypatil813317@gmail.com,Savings,47546.78,
1586,Sneha Shaikh,58,Ahmednagar,snehashaikh430828@gmail.com,Salary,45494.87,783
1587,Riya Gupta,49,Nagpur,riyagupta45867@gmail.com,Current,15104.22,762
1588,Karan Singh,55,Thane,karansingh333732@gmail.com,Savings,40274.51,
1589,Pooja Khan,50,Thane,poojakhan780979@gmail.com,Salary,27135.15,591
1590,Priya Pawar,55,Kolhapur,priyapawar496051@gmail.com,Savings,43344.47,635
1591,Ananya Patil,39,Aurangabad,ananyapatil739585@gmail.com,Savings,7708.48,617
1592,Simran Gupta,52,Nashik,simrangupta957900@gmail.com,Savings,14205.17,563
1593,Rohan Singh,22,Mumbai,rohansingh850923@gmail.com,Salary,9580.21,750
1594,Akash Gupta,30,Nagpur,akashgupta399849@gmail.com,Savings,29373.13,730
1595,Riya Singh,51,Pune,riyasingh404932@gmail.com,Salary,42320.29,815
1596,Ananya Joshi,37,Nagpur,ananyajoshi696028@gmail.com,Savings,13736.13,810
1597,Rahul Shaikh,25,Satara,rahulshaikh830984@gmail.com,Current,38240.94,792
1598,Arjun Patil,49,Nashik,arjunpatil860716@gmail.com,Savings,28056.55,679
1599,Neha Gupta,49,Kolhapur,nehagupta683791@gmail.com,Current,17479.48,801
1600,Isha Gupta,65,Mumbai,ishagupta159593@gmail.com,Current,39100.35,598
1601,Ayesha Patil,28,Solapur,ayeshapatil519489@gmail.com,Current,13717.63,849
1602,Priya Khan,59,Aurangabad,priyakhan38917@gmail.com,Salary,29434.3,556
1603,Sneha Verma,34,Nagpur,snehaverma132478@gmail.com,Savings,28413.45,632
1604,Pooja Pawar,21,Aurangabad,poojapawar526790@gmail.com,Savings,37428.48,559
1605,Neha Patil,62,Nashik,nehapatil618949@gmail.com,Salary,4383.48,715
1606,,47,Solapur,,Savings,34670.29,
1607,Vijay Pawar,61,Pune,vijaypawar348221@gmail.com,Current,30890.92,606
1608,Vijay Joshi,,Satara,vijayjoshi912046@gmail.com,Salary,26533.83,768
1609,Mohit Pawar,49,Kolhapur,mohitpawar105339@gmail.com,Salary,2893.91,738
1610,Ananya Singh,64,Pune,ananyasingh916755@gmail.com,Current,39282.54,674
1611,Pooja Pawar,30,Pune,poojapawar886188@gmail.com,Salary,21945.49,843
1612,Ananya Joshi,33,Pune,ananyajoshi461794@gmail.com,Savings,42820.36,573
1613,Simran Joshi,54,Ahmednagar,simranjoshi104655@gmail.com,Salary,11688.21,819
1614,Aditya Khan,53,Mumbai,adityakhan551599@gmail.com,Savings,16088.88,653
1615,Karan Patil,45,Kolhapur,karanpatil954767@gmail.com,Savings,2715.99,670
1616,Kavya Singh,55,,kavyasingh479223@gmail.com,Current,37005.57,594
1617,Amit Jadhav,54,Solapur,amitjadhav16193@gmail.com,Savings,47548.98,720
1618,Kavya Shaikh,56,Thane,kavyashaikh757637@gmail.com,Salary,14412.88,565
1619,Akash Shaikh,59,Thane,akashshaikh151257@gmail.com,Salary,33097.1,720
1620,Pooja Patil,20,Pune,poojapatil429993@gmail.com,Current,33876.86,766
1621,Vijay Khan,59,Nagpur,vijaykhan913339@gmail.com,Savings,22483.15,848
1622,,50,Solapur,,Savings,31230.59,720
1623,Mohit Jadhav,69,Satara,mohitjadhav686687@gmail.com,Current,37973.12,596
1624,Rahul Singh,65,Pune,rahulsingh161959@gmail.com,Savings,11035.87,
1625,Riya Joshi,44,Ahmednagar,riyajoshi78563@gmail.com,Current,8790.64,744
1626,Simran Gupta,61,Mumbai,simrangupta492396@gmail.com,Salary,30786.11,605
1627,Vijay Verma,64,Aurangabad,vijayverma819588@gmail.com,Salary,36241.79,619
1628,Arjun Shaikh,54,Nashik,arjunshaikh277996@gmail.com,Savings,790.3,734
1629,Ananya Singh,69,Nashik,ananyasingh355107@gmail.com,Current,2424.21,696
1630,Vijay Sharma,40,Nagpur,vijaysharma653634@gmail.com,Salary,45367.75,759
1631,Neha Khan,50,Mumbai,nehakhan726453@gmail.com,Salary,44829.11,629
1632,Karan Joshi,70,Ahmednagar,karanjoshi416891@gmail.com,Savings,10407.24,723
1633,Ayesha Shaikh,59,Nashik,ayeshashaikh681503@gmail.com,Savings,11015.93,810
1634,Sahil Jadhav,42,Nagpur,sahiljadhav84316@gmail.com,Current,32222.66,633
1635,Ayesha Jadhav,47,Mumbai,ayeshajadhav893240@gmail.com,Salary,42285.59,707
1636,Neha Verma,56,Mumbai,nehaverma344625@gmail.com,Savings,28630.71,768
1637,Neha Gupta,59,Nashik,nehagupta893844@gmail.com,Salary,12537.17,583
1638,Vijay Jadhav,24,Nashik,vijayjadhav707215@gmail.com,Savings,36144.79,826
1639,Ayesha Shaikh,23,Nashik,ayeshashaikh901185@gmail.com,Current,17100.56,577
1640,Riya Pawar,37,Nashik,riyapawar559643@gmail.com,Current,28459.07,751
1641,Priya Sharma,31,Mumbai,priyasharma398568@gmail.com,Savings,32040.84,695
1642,Aditya Verma,34,Nashik,adityaverma332143@gmail.com,Current,22501.31,585
1643,Priya Verma,66,Thane,priyaverma657346@gmail.com,Current,31583.33,710
1644,Priya Pawar,22,Ahmednagar,priyapawar753729@gmail.com,Savings,49917.2,
1645,Simran Sharma,24,,simransharma930646@gmail.com,Salary,1450.0,607
1646,Sahil Singh,63,Solapur,sahilsingh796390@gmail.com,Current,46668.24,681
1647,Priya Gupta,23,Mumbai,priyagupta511750@gmail.com,Salary,,692
1648,Ayesha Verma,70,Pune,ayeshaverma914859@gmail.com,Salary,46044.71,802
1649,Priya Verma,42,Thane,priyaverma567396@gmail.com,Current,18367.85,673
1650,Akash Shaikh,36,Kolhapur,akashshaikh37742@gmail.com,Current,10200.82,732
1651,Pooja Sharma,56,Kolhapur,poojasharma647553@gmail.com,Salary,8630.99,679
1652,Pooja Singh,36,Satara,poojasingh71844@gmail.com,Savings,27556.89,672
1653,Isha Jadhav,38,Satara,ishajadhav246274@gmail.com,Current,27695.34,708
1654,Rohan Pawar,67,Solapur,rohanpawar661920@gmail.com,Current,28114.46,580
1655,Amit Verma,54,Solapur,amitverma717744@gmail.com,Salary,3588.44,840
1656,Ayesha Sharma,59,Satara,ayeshasharma965764@gmail.com,Savings,15319.18,844
1657,Amit Khan,31,Nashik,amitkhan301438@gmail.com,Savings,25765.9,579
1658,Sneha Shaikh,62,Satara,snehashaikh238636@gmail.com,Salary,10942.8,838
1659,Arjun Sharma,51,Satara,arjunsharma783141@gmail.com,Salary,13530.48,745
1660,,52,Pune,,Salary,19055.72,817
1661,Kavya Pawar,20,Thane,kavyapawar94869@gmail.com,Salary,22753.93,669
1662,Akash Verma,46,Solapur,akashverma455152@gmail.com,Current,14698.62,558
1663,Vijay Pawar,63,Thane,vijaypawar103325@gmail.com,Salary,11806.85,593
1664,Isha Joshi,52,Solapur,ishajoshi797405@gmail.com,Salary,38199.41,655
1665,Neha Patil,40,Nashik,nehapatil664632@gmail.com,Current,28909.94,836
1666,Isha Sharma,43,Ahmednagar,ishasharma738183@gmail.com,Current,36159.88,710
1667,Ananya Khan,34,Aurangabad,ananyakhan915065@gmail.com,Current,34517.41,660
1668,Neha Sharma,42,Solapur,nehasharma105489@gmail.com,Savings,33168.55,797
1669,Karan Khan,49,Nashik,karankhan465330@gmail.com,Salary,43709.95,567
1670,Vijay Jadhav,62,Kolhapur,vijayjadhav174546@gmail.com,Salary,14766.2,716
1671,Rahul Jadhav,60,Nagpur,rahuljadhav727812@gmail.com,Current,38120.97,799
1672,Simran Jadhav,30,Satara,simranjadhav314112@gmail.com,Salary,5604.53,760
1673,Mohit Khan,65,Nagpur,mohitkhan947408@gmail.com,Savings,46028.81,689
1674,Arjun Singh,63,Solapur,arjunsingh30453@gmail.com,Savings,23386.43,649
1675,Vijay Verma,55,Nagpur,vijayverma48325@gmail.com,Current,11758.46,717
1676,Isha Patil,50,Nashik,ishapatil340231@gmail.com,Savings,34845.54,702
1677,Ananya Shaikh,28,Kolhapur,ananyashaikh834916@gmail.com,Salary,8546.91,643
1678,Mohit Jadhav,50,Nashik,mohitjadhav58945@gmail.com,Savings,22120.03,
1679,Sahil Jadhav,27,Aurangabad,sahiljadhav307718@gmail.com,Current,11909.26,690
1680,Aditya Gupta,28,Nagpur,adityagupta375976@gmail.com,Current,7940.23,591
1681,Priya Joshi,24,Mumbai,priyajoshi393149@gmail.com,Current,39927.8,605
1682,Sneha Sharma,25,Satara,snehasharma451707@gmail.com,Savings,27146.89,684
1683,Neha Jadhav,53,Aurangabad,nehajadhav152740@gmail.com,Savings,14667.82,740
1684,Rohan Khan,55,Nashik,rohankhan256159@gmail.com,Current,16603.53,827
1685,Aditya Sharma,28,Kolhapur,adityasharma557068@gmail.com,Savings,21344.96,818
1686,Akash Gupta,41,Aurangabad,akashgupta432167@gmail.com,Current,27079.7,715
1687,Priya Gupta,,Solapur,priyagupta593518@gmail.com,Savings,4310.41,702
1688,Sneha Singh,43,Mumbai,snehasingh715019@gmail.com,Current,41322.97,604
1689,Rahul Verma,56,Mumbai,rahulverma831116@gmail.com,Current,33105.38,657
1690,Priya Jadhav,45,Thane,priyajadhav188903@gmail.com,Current,44920.27,825
1691,Ayesha Gupta,26,Ahmednagar,ayeshagupta178340@gmail.com,Current,43287.08,575
1692,Sahil Joshi,40,Mumbai,sahiljoshi183673@gmail.com,Savings,10641.42,723
1693,Riya Khan,40,Ahmednagar,riyakhan82904@gmail.com,Salary,15233.39,789
1694,Priya Singh,41,Ahmednagar,priyasingh639198@gmail.com,Savings,20547.15,601
1695,Isha Singh,57,Thane,ishasingh913241@gmail.com,Salary,19580.4,
1696,Ananya Khan,61,Nashik,ananyakhan401226@gmail.com,Salary,15107.59,734
1697,Rahul Verma,48,Ahmednagar,rahulverma649913@gmail.com,Salary,3230.2,624
1698,Neha Verma,66,Pune,nehaverma716418@gmail.com,Salary,9151.68,731
1699,Rahul Jadhav,61,Solapur,rahuljadhav252628@gmail.com,Salary,47593.51,675
1700,Kavya Shaikh,62,Nagpur,kavyashaikh521941@gmail.com,Salary,24726.05,553
1701,Karan Joshi,66,Nashik,karanjoshi957270@gmail.com,Savings,9935.0,817
1702,Riya Khan,48,Mumbai,riyakhan611584@gmail.com,Current,40502.97,772
1703,Aditya Patil,58,Nagpur,adityapatil150169@gmail.com,Savings,42248.83,557
1704,Neha Singh,70,Nashik,nehasingh243567@gmail.com,Current,2465.67,744
1705,Pooja Jadhav,31,Kolhapur,poojajadhav483650@gmail.com,Current,40825.4,581
1706,Aditya Jadhav,,Solapur,adityajadhav668991@gmail.com,Salary,39474.87,611
1707,Pooja Gupta,28,Satara,poojagupta266414@gmail.com,Salary,36273.27,566
1708,Sahil Gupta,61,Mumbai,sahilgupta481994@gmail.com,Savings,4516.8,758
1709,Mohit Singh,18,Satara,mohitsingh267829@gmail.com,Salary,16802.67,618
1710,Isha Verma,46,Thane,ishaverma699333@gmail.com,Savings,14295.09,595
1711,Rahul Sharma,34,Solapur,rahulsharma9953@gmail.com,Salary,43640.2,706
1712,Rohan Gupta,54,Aurangabad,rohangupta942673@gmail.com,Salary,41044.99,587
1713,Simran Gupta,24,Thane,simrangupta843818@gmail.com,Salary,11487.4,810
1714,Vijay Pawar,37,Nagpur,vijaypawar487953@gmail.com,Savings,2037.84,738
1715,Vijay Singh,59,Nashik,vijaysingh945086@gmail.com,Current,43244.74,650
1716,Isha Shaikh,39,Aurangabad,ishashaikh301703@gmail.com,Salary,19926.29,673
1717,Pooja Shaikh,47,Thane,poojashaikh710626@gmail.com,Salary,40811.33,643
1718,Sahil Verma,46,Mumbai,sahilverma573249@gmail.com,Savings,29735.98,627
1719,,69,Nashik,,Savings,22085.05,796
1720,Simran Singh,56,Satara,simransingh165749@gmail.com,Salary,49057.89,586
1721,Priya Pawar,69,Kolhapur,priyapawar77549@gmail.com,Savings,49006.81,669
1722,Neha Khan,44,Pune,nehakhan463287@gmail.com,Salary,5653.27,611
1723,Rahul Patil,26,Solapur,rahulpatil991251@gmail.com,Salary,8728.19,576
1724,Amit Singh,47,Aurangabad,amitsingh362451@gmail.com,Salary,25077.02,802
1725,Karan Jadhav,20,Pune,karanjadhav616213@gmail.com,Salary,3017.22,739
1726,Riya Khan,49,Pune,riyakhan313785@gmail.com,Salary,34748.12,555
1727,Karan Verma,47,Satara,karanverma670075@gmail.com,Savings,30231.63,727
1728,Neha Verma,20,Nashik,nehaverma445020@gmail.com,Current,32001.23,652
1729,Simran Khan,53,Kolhapur,simrankhan723946@gmail.com,Current,20054.75,761
1730,Priya Singh,60,Solapur,priyasingh262346@gmail.com,Salary,38753.3,640
1731,Sneha Singh,53,Kolhapur,snehasingh479127@gmail.com,Salary,6383.08,683
1732,Sneha Gupta,65,Nashik,snehagupta886465@gmail.com,Current,9549.08,828
1733,Rahul Singh,69,Kolhapur,rahulsingh316897@gmail.com,Savings,10491.54,614
1734,Mohit Khan,65,Solapur,mohitkhan208994@gmail.com,Salary,43494.79,821
1735,Pooja Jadhav,49,Nagpur,poojajadhav403480@gmail.com,Savings,38996.75,813
1736,Akash Joshi,32,Satara,akashjoshi894887@gmail.com,Current,33721.62,693
1737,Ananya Joshi,20,Aurangabad,ananyajoshi506780@gmail.com,Salary,18395.88,835
1738,Aditya Khan,33,Nashik,adityakhan111934@gmail.com,Salary,12868.19,803
1739,,22,Nashik,,Savings,14786.92,676
1740,Vijay Jadhav,36,Solapur,vijayjadhav248828@gmail.com,Salary,19618.32,615
1741,Arjun Joshi,42,Nagpur,arjunjoshi399989@gmail.com,Salary,36828.32,626
1742,Vijay Shaikh,37,Thane,vijayshaikh599804@gmail.com,Current,836.01,793
1743,Isha Shaikh,48,Kolhapur,ishashaikh376495@gmail.com,Current,43787.14,812
1744,Pooja Pawar,35,Kolhapur,poojapawar602833@gmail.com,Savings,22889.3,833
1745,Mohit Verma,,Nagpur,mohitverma310344@gmail.com,Salary,28815.84,615
1746,Ayesha Khan,42,Solapur,ayeshakhan733347@gmail.com,Savings,12922.6,658
1747,Sneha Verma,48,Mumbai,snehaverma309671@gmail.com,Savings,44132.67,600
1748,Kavya Patil,,Thane,kavyapatil23105@gmail.com,Current,,817
1749,Ayesha Sharma,69,Satara,ayeshasharma870457@gmail.com,Savings,27825.78,790
1750,Neha Khan,59,Pune,nehakhan690303@gmail.com,Current,41705.08,696
1751,Amit Singh,37,Pune,amitsingh415132@gmail.com,Current,11465.37,625
1752,Sneha Pawar,44,Kolhapur,snehapawar287913@gmail.com,Current,38458.25,770
1753,Isha Gupta,52,Mumbai,ishagupta8591@gmail.com,Salary,9466.71,824
1754,Sahil Shaikh,61,Ahmednagar,sahilshaikh593519@gmail.com,Savings,19925.64,731
1755,Pooja Jadhav,42,Ahmednagar,poojajadhav907188@gmail.com,Current,20666.15,802
1756,Kavya Sharma,34,Mumbai,kavyasharma719212@gmail.com,Salary,11774.8,638
1757,Mohit Gupta,39,Solapur,mohitgupta816218@gmail.com,Current,45363.64,823
1758,Isha Pawar,28,Satara,ishapawar780941@gmail.com,Salary,17978.24,639
1759,Akash Gupta,29,Satara,akashgupta51526@gmail.com,Current,27310.35,
1760,Aditya Gupta,42,Solapur,adityagupta954951@gmail.com,Current,19776.63,566
1761,Ayesha Sharma,52,Nagpur,ayeshasharma635963@gmail.com,Salary,48812.02,575
1762,Rohan Verma,31,Pune,rohanverma781469@gmail.com,Savings,11393.06,712
1763,Isha Verma,43,Ahmednagar,ishaverma520956@gmail.com,,48461.78,698
1764,Simran Joshi,36,Solapur,simranjoshi873394@gmail.com,Salary,,787
1765,Vijay Joshi,54,Nagpur,vijayjoshi948175@gmail.com,Current,31841.71,766
1766,Arjun Shaikh,53,,arjunshaikh946895@gmail.com,Savings,4079.59,700
1767,Sahil Patil,22,Pune,sahilpatil300196@gmail.com,Current,16615.94,783
1768,Sahil Singh,27,Aurangabad,sahilsingh813523@gmail.com,Current,20175.26,677
1769,Rohan Sharma,60,Ahmednagar,rohansharma837765@gmail.com,Current,6104.83,721
1770,Priya Jadhav,46,Thane,priyajadhav241396@gmail.com,Savings,14065.46,705
1771,Kavya Gupta,48,Pune,kavyagupta636653@gmail.com,Salary,34457.51,736
1772,Priya Verma,57,Aurangabad,priyaverma840986@gmail.com,Salary,7987.43,578
1773,Rahul Sharma,20,Pune,rahulsharma369535@gmail.com,Salary,33231.97,599
1774,Ayesha Jadhav,41,Kolhapur,ayeshajadhav229742@gmail.com,Current,13745.57,584
1775,Sahil Patil,49,Solapur,sahilpatil667642@gmail.com,Savings,27284.59,742
1776,Kavya Gupta,18,Nagpur,kavyagupta199467@gmail.com,Current,4241.31,560
1777,Arjun Jadhav,24,Satara,arjunjadhav651151@gmail.com,Current,3175.3,775
1778,Aditya Joshi,19,Solapur,adityajoshi262901@gmail.com,Savings,22236.74,610
1779,Neha Verma,36,Pune,nehaverma710787@gmail.com,Salary,22801.48,674
1780,Neha Pawar,45,Mumbai,nehapawar792380@gmail.com,Current,37710.72,591
1781,Ayesha Singh,64,Aurangabad,ayeshasingh756048@gmail.com,Current,16901.6,828
1782,Mohit Sharma,49,Mumbai,mohitsharma804851@gmail.com,Salary,8768.41,735
1783,Ayesha Sharma,27,Thane,ayeshasharma691301@gmail.com,Salary,16848.76,706
1784,Neha Joshi,24,Pune,nehajoshi714028@gmail.com,Current,4445.82,767
1785,Aditya Gupta,45,Nagpur,adityagupta879160@gmail.com,Savings,9901.65,606
1786,Rahul Khan,46,Solapur,rahulkhan143523@gmail.com,Salary,43705.67,689
1787,Mohit Singh,44,Ahmednagar,mohitsingh658865@gmail.com,Savings,48100.24,821
1788,Neha Gupta,57,Satara,nehagupta101983@gmail.com,Savings,26644.84,652
1789,Riya Gupta,51,Solapur,riyagupta947387@gmail.com,Current,991.22,707
1790,Ananya Sharma,41,Aurangabad,ananyasharma658037@gmail.com,Salary,40628.03,763
1791,Ananya Jadhav,48,,ananyajadhav677837@gmail.com,Salary,10995.17,696
1792,Neha Shaikh,42,Ahmednagar,nehashaikh41437@gmail.com,Savings,38602.96,687
1793,Rahul Pawar,41,Solapur,rahulpawar324039@gmail.com,Savings,4266.87,794
1794,Akash Sharma,69,,akashsharma827018@gmail.com,Salary,9667.0,647
1795,Ananya Joshi,29,Nashik,ananyajoshi462336@gmail.com,Current,43320.15,813
1796,Ananya Khan,40,Aurangabad,ananyakhan35085@gmail.com,Savings,43598.21,815
1797,Simran Patil,38,Aurangabad,simranpatil607827@gmail.com,Salary,8784.01,790
1798,Rohan Joshi,33,Ahmednagar,rohanjoshi382684@gmail.com,Savings,11692.98,655
1799,Aditya Singh,29,Pune,adityasingh768034@gmail.com,Current,43316.39,603
1800,Aditya Pawar,33,Ahmednagar,adityapawar137895@gmail.com,Current,1388.9,765
1801,Karan Shaikh,25,Ahmednagar,karanshaikh94611@gmail.com,Savings,37967.12,716
1802,Sneha Gupta,59,Satara,snehagupta953913@gmail.com,Salary,15936.95,657
1803,Rahul Khan,64,Mumbai,rahulkhan309545@gmail.com,Savings,44360.38,641
1804,Arjun Sharma,63,Pune,arjunsharma342689@gmail.com,Current,11208.26,834
1805,Neha Khan,29,Solapur,nehakhan783890@gmail.com,Savings,37227.16,833
1806,Ayesha Gupta,37,Thane,ayeshagupta435786@gmail.com,Salary,4395.5,588
1807,Sneha Patil,40,Ahmednagar,snehapatil184271@gmail.com,Salary,46198.65,694
1808,Riya Joshi,37,Pune,riyajoshi210648@gmail.com,Current,17532.19,735
1809,Vijay Sharma,63,Thane,vijaysharma138679@gmail.com,Salary,20999.01,848
1810,Mohit Joshi,21,Thane,mohitjoshi824818@gmail.com,Salary,48346.83,700
1811,Aditya Verma,40,Aurangabad,adityaverma565710@gmail.com,Salary,33748.92,711
1812,Simran Verma,40,Satara,simranverma919135@gmail.com,Savings,30532.61,715
1813,Ayesha Joshi,19,Solapur,ayeshajoshi383729@gmail.com,Current,17722.75,763
1814,Ayesha Gupta,24,Kolhapur,ayeshagupta556739@gmail.com,Salary,15509.08,719
1815,Simran Pawar,56,Nagpur,simranpawar526269@gmail.com,Current,40117.23,668
1816,Amit Shaikh,59,Nagpur,amitshaikh957960@gmail.com,Current,26749.43,616
1817,Mohit Patil,70,Ahmednagar,mohitpatil285865@gmail.com,Current,35235.34,647
1818,Aditya Jadhav,66,Mumbai,adityajadhav870913@gmail.com,Savings,3073.42,716
1819,Aditya Gupta,18,Kolhapur,adityagupta172637@gmail.com,Current,16092.59,633
1820,Isha Gupta,,Solapur,ishagupta269552@gmail.com,Savings,49307.4,
1821,Karan Patil,50,Nagpur,karanpatil958549@gmail.com,,21783.84,801
1822,Simran Sharma,67,Thane,simransharma864849@gmail.com,Current,6904.21,663
1823,Kavya Verma,61,Kolhapur,kavyaverma990152@gmail.com,Current,31610.31,603
1824,Priya Patil,68,Ahmednagar,priyapatil505354@gmail.com,Salary,1366.14,774
1825,Karan Shaikh,,Thane,karanshaikh845764@gmail.com,Salary,13482.32,651
1826,Karan Jadhav,55,Nagpur,karanjadhav309578@gmail.com,Salary,47231.75,667
1827,Ayesha Sharma,46,Nagpur,ayeshasharma782924@gmail.com,Salary,15410.65,715
1828,Riya Khan,60,Thane,riyakhan912777@gmail.com,Current,15685.13,725
1829,Arjun Jadhav,34,Pune,arjunjadhav355268@gmail.com,Salary,-21942.02,807
1830,Kavya Joshi,20,Satara,kavyajoshi843398@gmail.com,Current,23776.86,841
1831,Sneha Patil,69,Solapur,snehapatil120864@gmail.com,Salary,41592.94,633
1832,Priya Shaikh,64,Nashik,priyashaikh491181@gmail.com,Savings,36957.76,844
1833,Ayesha Verma,30,Ahmednagar,ayeshaverma79057@gmail.com,Current,11853.38,787
1834,Rahul Khan,57,Pune,rahulkhan147694@gmail.com,Savings,546.7,618
1835,Ananya Jadhav,66,Nashik,ananyajadhav790885@gmail.com,Current,22182.23,800
1836,Rahul Patil,46,Nagpur,rahulpatil236674@gmail.com,Current,27956.45,554
1837,Akash Pawar,47,Solapur,akashpawar902022@gmail.com,Savings,13867.62,844
1838,Simran Verma,,Aurangabad,simranverma709276@gmail.com,Current,17623.44,704
1839,Amit Pawar,20,Kolhapur,amitpawar759496@gmail.com,Current,31119.35,767
1840,Sahil Jadhav,26,Kolhapur,sahiljadhav707266@gmail.com,Salary,46574.05,639
1841,Rahul Singh,26,Nagpur,rahulsingh416816@gmail.com,Current,33923.25,
1842,Mohit Verma,69,Kolhapur,mohitverma886927@gmail.com,Savings,7521.16,632
1843,Aditya Sharma,33,Nashik,adityasharma843771@gmail.com,Current,37002.23,831
1844,Amit Gupta,59,Thane,amitgupta584484@gmail.com,Savings,33354.19,821
1845,Rohan Pawar,19,Solapur,rohanpawar383642@gmail.com,Salary,11445.38,630
1846,Kavya Sharma,27,Thane,kavyasharma94789@gmail.com,Salary,12084.16,821
1847,Rahul Shaikh,47,Mumbai,rahulshaikh829190@gmail.com,Savings,5659.02,776
1848,Ananya Patil,45,Solapur,ananyapatil413841@gmail.com,Current,31885.09,747
1849,Vijay Verma,41,Mumbai,vijayverma14694@gmail.com,Current,34881.78,665
1850,Ananya Gupta,19,Thane,ananyagupta277404@gmail.com,Salary,49782.74,732
1851,Arjun Shaikh,29,Solapur,arjunshaikh562736@gmail.com,Savings,31874.93,614
1852,Akash Jadhav,51,Satara,akashjadhav129692@gmail.com,Savings,9230.98,808
1853,Riya Khan,55,Aurangabad,riyakhan476977@gmail.com,Current,11477.86,683
1854,Ananya Patil,30,Nashik,ananyapatil386590@gmail.com,Salary,40099.37,790
1855,Sahil Khan,,Nashik,sahilkhan705611@gmail.com,Current,21729.5,637
1856,Neha Jadhav,22,Mumbai,nehajadhav785495@gmail.com,Savings,17092.46,767
1857,Akash Singh,42,Aurangabad,akashsingh705100@gmail.com,Savings,33782.33,583
1858,Simran Gupta,37,Ahmednagar,simrangupta274996@gmail.com,Current,12641.08,670
1859,Ananya Pawar,63,Aurangabad,ananyapawar613055@gmail.com,Salary,49972.3,
1860,Vijay Shaikh,58,Ahmednagar,vijayshaikh399634@gmail.com,Salary,30058.59,699
1861,Vijay Gupta,33,Satara,vijaygupta862467@gmail.com,Savings,41403.04,807
1862,Ayesha Khan,21,Satara,ayeshakhan669667@gmail.com,Current,7193.12,676
1863,Riya Khan,44,Kolhapur,riyakhan986067@gmail.com,Salary,14131.09,744
1864,Mohit Pawar,69,Ahmednagar,mohitpawar389618@gmail.com,Salary,13212.91,785
1865,Pooja Verma,24,Aurangabad,poojaverma113709@gmail.com,Savings,48791.32,597
1866,Isha Verma,34,Aurangabad,ishaverma707717@gmail.com,Savings,26265.25,787
1867,Sneha Shaikh,70,Mumbai,snehashaikh245280@gmail.com,Current,48624.4,562
1868,Karan Joshi,49,Nashik,karanjoshi494479@gmail.com,Savings,11107.64,734
1869,Riya Patil,24,Solapur,riyapatil26340@gmail.com,Current,961.91,578
1870,Isha Khan,34,Solapur,ishakhan649741@gmail.com,Salary,48458.48,706
1871,Neha Verma,39,Ahmednagar,nehaverma927287@gmail.com,Current,47403.53,798
1872,Akash Joshi,48,Nashik,akashjoshi989084@gmail.com,Savings,36747.65,690
1873,Karan Singh,21,Kolhapur,karansingh588778@gmail.com,Savings,8782.24,848
1874,Aditya Khan,56,Satara,adityakhan344039@gmail.com,Current,32438.62,738
1875,Akash Verma,18,Mumbai,akashverma959815@gmail.com,Savings,43461.09,672
1876,Karan Patil,22,Ahmednagar,karanpatil639817@gmail.com,Salary,19121.05,643
1877,Mohit Sharma,25,Pune,mohitsharma232220@gmail.com,Current,49977.11,777
1878,Ananya Khan,59,Nashik,ananyakhan679212@gmail.com,Savings,41339.12,809
1879,Neha Pawar,30,Mumbai,nehapawar66387@gmail.com,Savings,28487.52,758
1880,Arjun Pawar,45,Ahmednagar,arjunpawar666369@gmail.com,Current,35808.71,712
1881,Aditya Gupta,61,Satara,adityagupta863974@gmail.com,Savings,37632.21,825
1882,Arjun Khan,31,Mumbai,arjunkhan486919@gmail.com,Savings,34166.29,683
1883,Arjun Jadhav,21,Mumbai,arjunjadhav953662@gmail.com,Salary,4763.63,619
1884,Kavya Singh,55,Pune,kavyasingh735232@gmail.com,Salary,13615.6,835
1885,Simran Khan,54,Aurangabad,simrankhan316969@gmail.com,Salary,23575.52,850
1886,Aditya Singh,55,Mumbai,adityasingh680876@gmail.com,Salary,12982.31,810
1887,Akash Joshi,,Kolhapur,akashjoshi428229@gmail.com,Current,34367.67,802
1888,Riya Patil,39,Nagpur,riyapatil122443@gmail.com,Current,10773.07,756
1889,Arjun Jadhav,38,Satara,arjunjadhav146666@gmail.com,Salary,27437.29,815
1890,Amit Verma,44,Aurangabad,amitverma47649@gmail.com,Salary,20145.56,639
1891,Pooja Verma,53,Nagpur,poojaverma992327@gmail.com,Current,39011.47,579
1892,Kavya Shaikh,60,Pune,kavyashaikh39119@gmail.com,Savings,24428.18,849
1893,Akash Pawar,23,Aurangabad,akashpawar319249@gmail.com,Savings,851.27,829
1894,Aditya Sharma,18,Pune,adityasharma516654@gmail.com,Current,23308.09,751
1895,Sahil Patil,51,Mumbai,sahilpatil121861@gmail.com,Salary,32414.81,840
1896,Arjun Verma,44,Pune,arjunverma102013@gmail.com,Current,33833.6,577
1897,,20,Nashik,,Current,17689.87,778
1898,Ananya Jadhav,21,Nashik,ananyajadhav246305@gmail.com,Current,46391.7,807
1899,Amit Khan,26,Pune,amitkhan930458@gmail.com,,785.05,553
1900,Ayesha Shaikh,36,Aurangabad,ayeshashaikh563758@gmail.com,Current,10216.37,607
1901,Arjun Pawar,56,Aurangabad,arjunpawar142354@gmail.com,Current,17652.6,724
1902,Sahil Sharma,56,Pune,sahilsharma407624@gmail.com,Current,17712.68,596
1903,Amit Verma,19,Aurangabad,amitverma475779@gmail.com,Current,44113.82,823
1904,Akash Khan,69,Pune,akashkhan389133@gmail.com,Current,17377.11,664
1905,Riya Shaikh,68,Nashik,riyashaikh703155@gmail.com,Salary,744.52,770
1906,Pooja Shaikh,29,Pune,poojashaikh995597@gmail.com,Current,29390.39,713
1907,Simran Gupta,36,Pune,simrangupta779338@gmail.com,Savings,45437.1,713
1908,Sneha Singh,55,Solapur,snehasingh730416@gmail.com,Current,35972.56,563
1909,Rohan Shaikh,69,Mumbai,rohanshaikh992025@gmail.com,Savings,44746.79,830
1910,Aditya Sharma,54,Pune,adityasharma566532@gmail.com,Salary,18438.14,677
1911,Sahil Patil,24,Mumbai,sahilpatil439586@gmail.com,Salary,1592.25,843
1912,Riya Verma,35,Satara,riyaverma615970@gmail.com,Current,8714.6,786
1913,Sneha Patil,63,Nagpur,snehapatil778425@gmail.com,Current,46256.69,829
1914,Amit Shaikh,24,Aurangabad,amitshaikh761994@gmail.com,Current,33732.05,610
1915,Riya Joshi,37,Nashik,riyajoshi162129@gmail.com,Current,12610.18,633
1916,Mohit Singh,34,Satara,mohitsingh928523@gmail.com,Current,2477.38,646
1917,Arjun Patil,20,Nagpur,arjunpatil435137@gmail.com,Current,20395.18,678
1918,Kavya Joshi,38,Thane,kavyajoshi686835@gmail.com,Salary,17624.16,754
1919,Vijay Patil,21,Nagpur,vijaypatil103931@gmail.com,Current,16686.51,803
1920,Kavya Jadhav,,Thane,kavyajadhav874290@gmail.com,Savings,35478.1,601
1921,Mohit Gupta,30,Pune,mohitgupta513217@gmail.com,Savings,23077.84,672
1922,Rahul Jadhav,57,Ahmednagar,rahuljadhav645658@gmail.com,Current,44154.54,656
1923,Ananya Joshi,68,Aurangabad,ananyajoshi428040@gmail.com,Salary,26717.63,618
1924,Rohan Joshi,46,Solapur,rohanjoshi984768@gmail.com,Savings,14206.5,705
1925,Sneha Singh,33,Kolhapur,snehasingh997842@gmail.com,Savings,28060.3,717
1926,Neha Khan,37,Satara,nehakhan293428@gmail.com,Salary,48163.92,660
1927,Isha Jadhav,20,Satara,ishajadhav34405@gmail.com,Current,11160.07,601
1928,Sneha Sharma,68,Ahmednagar,snehasharma723911@gmail.com,Savings,49191.12,688
1929,Amit Pawar,62,Mumbai,amitpawar388628@gmail.com,Salary,1640.81,760
1930,Ayesha Joshi,24,Aurangabad,ayeshajoshi227923@gmail.com,Salary,24266.2,620
1931,Karan Sharma,46,Aurangabad,karansharma465020@gmail.com,Salary,19245.44,646
1932,Sahil Sharma,47,Pune,sahilsharma466397@gmail.com,Salary,28935.84,584
1933,Sneha Verma,69,Nashik,snehaverma996829@gmail.com,Savings,12693.99,694
1934,Aditya Verma,56,Nagpur,adityaverma247682@gmail.com,Current,26459.07,842
1935,Kavya Khan,41,Thane,kavyakhan897104@gmail.com,Savings,37713.26,726
1936,Rohan Gupta,69,Solapur,rohangupta380403@gmail.com,Savings,20718.03,550
1937,Rohan Singh,40,Nagpur,rohansingh104280@gmail.com,Salary,36583.83,768
1938,Simran Singh,51,Satara,simransingh719087@gmail.com,Salary,15397.53,634
1939,Neha Shaikh,42,Thane,nehashaikh385278@gmail.com,Savings,45504.6,820
1940,Pooja Pawar,22,Aurangabad,poojapawar571013@gmail.com,Savings,20424.65,718
1941,Sneha Patil,60,Solapur,snehapatil945597@gmail.com,Salary,18652.37,597
1942,Ayesha Gupta,68,Nagpur,ayeshagupta676249@gmail.com,Current,29480.97,564
1943,Simran Shaikh,63,Nagpur,simranshaikh376196@gmail.com,Current,9968.04,729
1944,,51,Aurangabad,,Current,23845.03,678
1945,Pooja Jadhav,22,Nashik,poojajadhav63591@gmail.com,Salary,16532.51,586
1946,Pooja Gupta,44,Satara,poojagupta417579@gmail.com,Current,20477.85,808
1947,Vijay Patil,61,Aurangabad,vijaypatil289382@gmail.com,Savings,48902.78,694
1948,Rahul Sharma,63,Nagpur,rahulsharma199128@gmail.com,Salary,14292.72,749
1949,Mohit Pawar,56,Ahmednagar,mohitpawar128193@gmail.com,Savings,37441.79,815
1950,Akash Joshi,60,Nagpur,akashjoshi995209@gmail.com,Current,24184.83,797
1951,Vijay Joshi,,Mumbai,vijayjoshi889327@gmail.com,Salary,28628.73,642
1952,Amit Pawar,60,Satara,amitpawar864326@gmail.com,Savings,20511.94,594
1953,Amit Pawar,50,Kolhapur,amitpawar476905@gmail.com,Savings,15734.35,661
1954,Neha Khan,70,Kolhapur,nehakhan96226@gmail.com,Current,39703.36,618
1955,Arjun Patil,62,Nagpur,arjunpatil695063@gmail.com,Savings,33344.44,617
1956,Ananya Jadhav,45,Satara,ananyajadhav222509@gmail.com,Salary,20113.85,762
1957,Vijay Patil,41,,vijaypatil672975@gmail.com,Savings,6179.61,836
1958,Mohit Joshi,26,Pune,mohitjoshi670656@gmail.com,Savings,40546.4,668
1959,Neha Khan,19,Solapur,nehakhan626252@gmail.com,Salary,4089.78,564
1960,Amit Sharma,47,Aurangabad,amitsharma22494@gmail.com,Savings,22130.86,556
1961,Riya Verma,64,Thane,riyaverma53135@gmail.com,Salary,32704.37,572
1962,Ananya Singh,61,Mumbai,ananyasingh825113@gmail.com,Current,43725.22,660
1963,Akash Sharma,62,Nashik,akashsharma349809@gmail.com,Savings,20307.29,569
1964,Karan Singh,31,Nashik,karansingh255500@gmail.com,Savings,27073.99,825
1965,Pooja Pawar,64,Nagpur,poojapawar132140@gmail.com,Savings,41941.51,614
1966,Pooja Sharma,48,Satara,poojasharma825306@gmail.com,Savings,29747.57,589
1967,Pooja Singh,23,Kolhapur,poojasingh592102@gmail.com,Salary,8902.85,612
1968,Vijay Sharma,67,Mumbai,vijaysharma215273@gmail.com,Current,659.3,727
1969,Akash Singh,51,Nagpur,akashsingh72042@gmail.com,Salary,18141.68,713
1970,Rohan Gupta,70,Nashik,rohangupta870227@gmail.com,Salary,11414.74,832
1971,Arjun Jadhav,22,Aurangabad,arjunjadhav802425@gmail.com,Current,38293.27,646
1972,Amit Jadhav,42,Nagpur,amitjadhav581228@gmail.com,Savings,14393.54,790
1973,,25,Solapur,,Savings,26605.75,651
1974,Ananya Patil,33,Kolhapur,ananyapatil217320@gmail.com,Salary,26247.57,827
1975,Priya Pawar,28,Aurangabad,priyapawar614967@gmail.com,Salary,41462.3,841
1976,Arjun Singh,51,Ahmednagar,arjunsingh226541@gmail.com,Savings,36161.89,756
1977,Rohan Joshi,28,Nagpur,rohanjoshi852647@gmail.com,Salary,38575.78,607
1978,Rohan Gupta,33,Mumbai,rohangupta912041@gmail.com,Savings,7349.26,762
1979,Riya Shaikh,49,Nagpur,riyashaikh244416@gmail.com,Savings,41562.68,
1980,Amit Singh,67,Thane,amitsingh344619@gmail.com,Savings,3883.42,794
1981,Kavya Sharma,56,Aurangabad,kavyasharma812084@gmail.com,Savings,26474.92,620
1982,Sahil Shaikh,,Kolhapur,sahilshaikh154821@gmail.com,Savings,23242.16,747
1983,Sahil Verma,46,Ahmednagar,sahilverma827052@gmail.com,Current,36459.13,845
1984,Sahil Pawar,21,Aurangabad,sahilpawar944375@gmail.com,Salary,35743.98,681
1985,Sahil Joshi,67,Satara,sahiljoshi625032@gmail.com,Savings,26286.9,572
1986,Sahil Sharma,53,Nagpur,sahilsharma3073@gmail.com,Current,41691.21,597
1987,Mohit Pawar,48,Ahmednagar,mohitpawar290843@gmail.com,Current,36646.6,748
1988,Priya Shaikh,65,Kolhapur,priyashaikh900204@gmail.com,Current,35205.78,708
1989,Amit Pawar,62,Nashik,amitpawar151816@gmail.com,Savings,4217.06,733
1990,Amit Pawar,38,Pune,amitpawar136406@gmail.com,Salary,27993.31,693
1991,Karan Pawar,19,Satara,karanpawar566556@gmail.com,Current,6433.22,707
1992,Mohit Pawar,28,Aurangabad,mohitpawar262929@gmail.com,Savings,764.77,708
1993,Priya Khan,47,Kolhapur,priyakhan837402@gmail.com,Savings,47861.37,715
1994,Ayesha Verma,34,Solapur,ayeshaverma183073@gmail.com,Savings,14790.05,
1995,Ayesha Singh,,Aurangabad,ayeshasingh115366@gmail.com,Salary,25037.5,620
1996,Akash Patil,23,Pune,akashpatil693269@gmail.com,Current,42899.46,787
1997,Amit Sharma,56,Pune,amitsharma908636@gmail.com,saving,42440.34,575
1998,Pooja Pawar,51,Thane,poojapawar27132@gmail.com,Salary,15139.47,632
1999,Arjun Sharma,65,Ahmednagar,arjunsharma138305@gmail.com,Current,9237.96,821
2000,Akash Pawar,59,Thane,akashpawar15682@gmail.com,Salary,32087.29,802
2001,Sahil Joshi,63,Nagpur,sahiljoshi375744@gmail.com,Savings,38654.55,660
2002,Riya Joshi,40,Aurangabad,riyajoshi828458@gmail.com,Current,12224.86,628
2003,Rahul Shaikh,28,Aurangabad,rahulshaikh826830@gmail.com,Current,19340.47,613
2004,Pooja Verma,47,Kolhapur,poojaverma249589@gmail.com,Savings,,556
2005,Ayesha Sharma,50,Kolhapur,ayeshasharma617557@gmail.com,Salary,6950.61,639
2006,Karan Singh,41,Mumbai,karansingh339598@gmail.com,Current,49405.7,807
2007,Akash Pawar,26,Satara,akashpawar16647@gmail.com,Savings,13474.33,675
2008,Simran Pawar,33,Ahmednagar,simranpawar182810@gmail.com,Salary,7472.86,710
2009,Vijay Joshi,,Nagpur,vijayjoshi278358@gmail.com,Current,42444.86,800
2010,Arjun Gupta,26,Aurangabad,arjungupta55044@gmail.com,Salary,45358.7,559
2011,Mohit Jadhav,22,Nashik,mohitjadhav133015@gmail.com,Savings,36744.12,653
2012,Akash Pawar,58,Pune,akashpawar777847@gmail.com,Savings,2518.33,683
2013,Rohan Singh,60,Solapur,rohansingh441509@gmail.com,Current,12475.38,795
2014,Sneha Joshi,49,Kolhapur,snehajoshi551740@gmail.com,Current,31335.6,620
2015,Karan Singh,38,Thane,karansingh119269@gmail.com,Current,47477.99,648
2016,Sneha Shaikh,38,Satara,snehashaikh781986@gmail.com,Salary,23250.47,847
2017,Simran Gupta,24,Aurangabad,simrangupta66745@gmail.com,Current,22855.68,694
2018,Aditya Verma,39,Satara,adityaverma499480@gmail.com,Savings,30961.72,712
2019,Neha Shaikh,34,Satara,nehashaikh470150@gmail.com,Current,,653
2020,Priya Pawar,48,Nashik,priyapawar815909@gmail.com,Salary,8941.08,646
2021,Neha Patil,57,Kolhapur,nehapatil379725@gmail.com,Current,27667.12,800
2022,Ayesha Singh,67,Nashik,ayeshasingh538269@gmail.com,Salary,42867.44,819
2023,Sneha Singh,55,Aurangabad,snehasingh622603@gmail.com,Current,10983.8,569
2024,Isha Pawar,54,Mumbai,ishapawar114451@gmail.com,Savings,16974.18,696
2025,Akash Singh,,Mumbai,akashsingh474062@gmail.com,Savings,44863.81,763
2026,Rohan Shaikh,64,Aurangabad,rohanshaikh528413@gmail.com,Current,39685.39,615
2027,Mohit Gupta,58,Solapur,mohitgupta232411@gmail.com,Salary,27661.77,692
2028,Akash Pawar,56,Thane,akashpawar991440@gmail.com,Current,47025.32,622
2029,Mohit Sharma,35,Ahmednagar,mohitsharma645086@gmail.com,Current,-38004.38,580
2030,Ayesha Jadhav,24,Aurangabad,ayeshajadhav45571@gmail.com,Savings,6652.59,800
2031,Isha Gupta,27,Kolhapur,ishagupta762669@gmail.com,Current,30024.52,614
2032,,27,Kolhapur,,Salary,,718
2033,Mohit Khan,41,Nashik,mohitkhan821373@gmail.com,Salary,32002.66,805
2034,Vijay Pawar,65,Ahmednagar,vijaypawar952995@gmail.com,Current,40583.72,809
2035,Mohit Verma,120,Nagpur,mohitverma909195@gmail.com,Savings,43835.81,695
2036,Mohit Joshi,63,Thane,mohitjoshi691009@gmail.com,Current,47597.84,563
2037,Ananya Joshi,51,Kolhapur,ananyajoshi546881@gmail.com,Savings,28870.31,659
2038,Amit Shaikh,59,Thane,amitshaikh316382@gmail.com,Savings,21592.58,839
2039,Ayesha Joshi,22,Satara,ayeshajoshi480392@gmail.com,Current,,797
2040,Isha Pawar,39,Kolhapur,ishapawar674691@gmail.com,Current,37463.05,812
2041,Sahil Khan,66,Ahmednagar,sahilkhan32763@gmail.com,Salary,2756.42,616
2042,Ananya Sharma,28,Thane,ananyasharma63880@gmail.com,Current,17855.68,595
2043,Rohan Khan,19,Solapur,rohankhan502348@gmail.com,Current,30451.33,571
2044,Sahil Patil,65,Nagpur,sahilpatil888556@gmail.com,Salary,9980.11,768
2045,Ananya Gupta,47,Aurangabad,ananyagupta421226@gmail.com,Salary,,661
2046,Kavya Singh,21,Pune,kavyasingh447080@gmail.com,Savings,34489.9,836
2047,Kavya Khan,34,Pune,kavyakhan719525@gmail.com,Current,14638.23,573
2048,Sneha Pawar,65,Solapur,snehapawar113306@gmail.com,Savings,11285.46,554
2049,Riya Sharma,,Nagpur,riyasharma514184@gmail.com,Current,7392.51,644
2050,Priya Verma,60,Satara,priyaverma747106@gmail.com,Current,38139.04,709
2051,Sneha Singh,46,Thane,snehasingh953990@gmail.com,Current,5006.21,760
2052,Kavya Shaikh,36,Thane,kavyashaikh465208@gmail.com,Salary,19447.43,815
2053,Priya Joshi,53,Mumbai,priyajoshi77160@gmail.com,Savings,6795.4,751
2054,Riya Jadhav,20,Thane,riyajadhav943049@gmail.com,Salary,24131.62,632
2055,Vijay Jadhav,67,Mumbai,vijayjadhav84814@gmail.com,Savings,18379.83,819
2056,Sahil Patil,60,Kolhapur,sahilpatil337858@gmail.com,Savings,15087.42,570
2057,Amit Khan,22,Solapur,amitkhan637946@gmail.com,Salary,26830.15,674
2058,Pooja Patil,65,Pune,poojapatil155639@gmail.com,Savings,4633.2,554
2059,Aditya Jadhav,44,Aurangabad,adityajadhav68972@gmail.com,Current,30118.1,735
2060,Karan Patil,54,Solapur,karanpatil132421@gmail.com,Current,31715.82,751
2061,Simran Singh,45,Solapur,simransingh288475@gmail.com,Salary,49248.65,673
2062,Rahul Sharma,70,Pune,rahulsharma654744@gmail.com,Current,20433.43,827
2063,Pooja Shaikh,55,Pune,poojashaikh663929@gmail.com,Salary,45721.2,779
2064,Akash Singh,58,Nashik,akashsingh613899@gmail.com,Current,2002.48,801
2065,Akash Patil,43,Solapur,akashpatil575093@gmail.com,Savings,25259.3,786
2066,Sneha Patil,,Satara,snehapatil746846@gmail.com,Current,41594.21,568
2067,Rohan Joshi,66,Nashik,rohanjoshi341081@gmail.com,Savings,38882.0,601
2068,,54,Nashik,,Salary,38232.35,787
2069,Ayesha Joshi,37,Thane,ayeshajoshi399507@gmail.com,Current,7933.22,633
2070,Ananya Joshi,41,Nashik,ananyajoshi626510@gmail.com,Savings,3735.56,751
2071,Vijay Sharma,51,Thane,vijaysharma556429@gmail.com,Current,8958.76,752
2072,Pooja Sharma,46,Nashik,poojasharma309322@gmail.com,Current,25194.84,823
2073,Sahil Gupta,29,Satara,sahilgupta475855@gmail.com,Savings,9848.89,797
2074,Neha Verma,30,Thane,nehaverma530208@gmail.com,Current,33103.08,
2075,Rohan Joshi,50,Thane,rohanjoshi634936@gmail.com,Salary,6966.27,848
2076,Sahil Verma,18,Nagpur,sahilverma451196@gmail.com,Salary,18991.16,555
2077,Riya Gupta,62,Thane,riyagupta104096@gmail.com,Current,22964.95,788
2078,Ananya Pawar,33,Nagpur,ananyapawar831721@gmail.com,Savings,22642.51,794
2079,Akash Patil,30,Nashik,akashpatil735969@gmail.com,Current,20212.99,817
2080,Akash Khan,59,Ahmednagar,akashkhan120071@gmail.com,Current,15929.39,760
2081,Aditya Sharma,37,Solapur,adityasharma894317@gmail.com,Savings,30572.86,719
2082,Vijay Joshi,41,Kolhapur,vijayjoshi686616@gmail.com,Current,46111.24,647
2083,Priya Singh,61,Thane,priyasingh682635@gmail.com,Salary,24020.48,613
2084,Sneha Jadhav,33,Kolhapur,snehajadhav920441@gmail.com,Salary,43601.43,815
2085,Neha Verma,40,Nagpur,nehaverma806415@gmail.com,Savings,42644.68,729
2086,Sahil Joshi,27,Mumbai,sahiljoshi578216@gmail.com,Savings,2447.47,726
2087,Isha Gupta,55,Solapur,ishagupta755955@gmail.com,Salary,,748
2088,Sneha Sharma,39,Solapur,snehasharma907634@gmail.com,Savings,38873.33,562
2089,Rohan Gupta,44,Kolhapur,rohangupta225568@gmail.com,Savings,11773.38,701
2090,Kavya Shaikh,21,Ahmednagar,kavyashaikh451061@gmail.com,Current,20190.38,817
2091,Aditya Shaikh,21,Thane,adityashaikh473589@gmail.com,Savings,27101.6,602
2092,Riya Sharma,55,Solapur,riyasharma931330@gmail.com,Savings,6294.7,567
2093,Ayesha Jadhav,35,Nagpur,ayeshajadhav239692@gmail.com,Current,36003.75,585
2094,Arjun Patil,68,Aurangabad,arjunpatil434014@gmail.com,Salary,44178.73,776
2095,Ayesha Jadhav,55,Satara,ayeshajadhav355495@gmail.com,Savings,40271.5,724
2096,Vijay Verma,30,Ahmednagar,vijayverma867711@gmail.com,Current,26104.3,640
2097,Riya Joshi,32,Mumbai,riyajoshi475628@gmail.com,Current,29364.36,608
2098,Sneha Pawar,37,Thane,snehapawar418198@gmail.com,Savings,44610.69,710
2099,Ayesha Gupta,52,Nashik,ayeshagupta436296@gmail.com,Salary,21660.31,624
2100,Mohit Sharma,65,Mumbai,mohitsharma765154@gmail.com,Salary,18630.81,677
2101,Arjun Gupta,54,Ahmednagar,arjungupta99804@gmail.com,Current,17607.85,840
2102,Ananya Shaikh,66,Ahmednagar,ananyashaikh327830@gmail.com,Salary,17859.88,684
2103,Neha Verma,27,Satara,nehaverma447594@gmail.com,Savings,41886.99,695
2104,Vijay Singh,33,Mumbai,vijaysingh327804@gmail.com,Savings,10600.98,609
2105,Amit Singh,26,,amitsingh697516@gmail.com,Salary,34900.33,777
2106,Ayesha Gupta,36,Nashik,ayeshagupta267371@gmail.com,Current,6458.6,768
2107,Vijay Shaikh,61,Nashik,vijayshaikh392583@gmail.com,Salary,42024.62,625
2108,Neha Patil,36,Ahmednagar,nehapatil160153@gmail.com,Savings,38022.24,571
2109,Rahul Joshi,67,Kolhapur,rahuljoshi720284@gmail.com,Current,46692.12,713
2110,Vijay Khan,36,Aurangabad,vijaykhan967919@gmail.com,Salary,35425.79,713
2111,Sneha Verma,27,Satara,snehaverma497405@gmail.com,Salary,29696.21,847
2112,Mohit Singh,21,Thane,mohitsingh70494@gmail.com,Current,31595.6,720
2113,Akash Gupta,,Aurangabad,akashgupta95756@gmail.com,Savings,8480.29,787
2114,Neha Singh,56,Thane,nehasingh872276@gmail.com,Salary,49326.51,768
2115,Mohit Pawar,37,Pune,mohitpawar89611@gmail.com,Current,24326.05,551
2116,Karan Joshi,32,Nashik,karanjoshi97858@gmail.com,Current,35049.83,801
2117,Amit Pawar,24,Thane,amitpawar452955@gmail.com,Savings,43509.93,623
2118,Karan Jadhav,53,Pune,karanjadhav101355@gmail.com,Savings,,571
2119,Arjun Patil,44,Nagpur,arjunpatil780858@gmail.com,Salary,45407.63,691
2120,Kavya Gupta,29,Satara,kavyagupta774783@gmail.com,Current,10151.08,745
2121,Simran Singh,45,Ahmednagar,simransingh390848@gmail.com,Savings,31169.05,619
2122,,63,Nashik,,Salary,22412.9,682
2123,Pooja Singh,46,Satara,poojasingh851301@gmail.com,Salary,49448.36,624
2124,Simran Singh,22,Satara,simransingh136535@gmail.com,Current,28505.62,550
2125,Pooja Singh,54,Kolhapur,poojasingh583497@gmail.com,Savings,29295.38,661
2126,Riya Singh,31,Aurangabad,riyasingh62994@gmail.com,Savings,34656.63,646
2127,Vijay Jadhav,33,Mumbai,vijayjadhav615053@gmail.com,Salary,3340.84,604
2128,Priya Joshi,47,Nashik,priyajoshi588966@gmail.com,Savings,43603.59,699
2129,Mohit Shaikh,34,Satara,mohitshaikh589067@gmail.com,Current,9550.29,
2130,Rohan Patil,44,Nashik,rohanpatil345758@gmail.com,Current,46982.91,716
2131,Priya Verma,39,Nashik,priyaverma702659@gmail.com,Savings,27244.28,762
2132,Isha Sharma,,Mumbai,ishasharma128268@gmail.com,Salary,47427.69,673
2133,Mohit Jadhav,70,Satara,mohitjadhav430864@gmail.com,Savings,5840.52,662
2134,Akash Verma,43,Mumbai,akashverma370874@gmail.com,Salary,30530.51,796
2135,Vijay Verma,24,Solapur,vijayverma916143@gmail.com,Savings,34630.88,
2136,Sahil Verma,62,Solapur,sahilverma697760@gmail.com,Current,15658.54,664
2137,Kavya Jadhav,50,Aurangabad,kavyajadhav986946@gmail.com,Current,7887.7,835
2138,Priya Sharma,58,Pune,priyasharma786830@gmail.com,Current,19945.14,613
2139,Rahul Singh,70,Nagpur,rahulsingh443581@gmail.com,Current,47102.03,565
2140,Rahul Gupta,29,Satara,rahulgupta910360@gmail.com,Salary,40288.02,668
2141,Vijay Joshi,30,Thane,vijayjoshi960431@gmail.com,Salary,28614.16,628
2142,Simran Verma,51,Kolhapur,simranverma756186@gmail.com,Salary,36850.37,579
2143,Akash Gupta,60,Pune,akashgupta54045@gmail.com,Current,27582.27,553
2144,Pooja Jadhav,58,Nagpur,poojajadhav301701@gmail.com,Savings,47464.18,698
2145,Sneha Joshi,29,Mumbai,snehajoshi629675@gmail.com,Current,27105.4,663
2146,Mohit Jadhav,65,Kolhapur,mohitjadhav327726@gmail.com,Current,26792.36,556
2147,Riya Khan,30,Aurangabad,riyakhan368827@gmail.com,Current,47724.57,608
2148,Pooja Shaikh,54,Solapur,poojashaikh108733@gmail.com,Salary,-818.44,608
2149,Pooja Shaikh,46,Solapur,poojashaikh606091@gmail.com,Savings,3761.6,655
2150,Sahil Verma,58,Aurangabad,sahilverma532160@gmail.com,Savings,37662.35,603
2151,Arjun Joshi,60,Satara,arjunjoshi223172@gmail.com,Savings,7393.83,640
2152,Kavya Shaikh,39,Nashik,kavyashaikh162346@gmail.com,Savings,1771.61,821
2153,Akash Shaikh,18,Ahmednagar,akashshaikh688737@gmail.com,Savings,10839.49,639
2154,Isha Shaikh,59,Aurangabad,ishashaikh505712@gmail.com,Salary,44586.7,618
2155,Akash Verma,20,Mumbai,akashverma235237@gmail.com,Salary,20076.31,696
2156,Neha Pawar,65,Mumbai,nehapawar888532@gmail.com,Current,12794.38,824
2157,Ananya Shaikh,53,Nashik,ananyashaikh113575@gmail.com,Salary,8557.99,730
2158,Akash Singh,52,Mumbai,akashsingh367221@gmail.com,Salary,45861.9,828
2159,Sneha Khan,70,Satara,snehakhan886538@gmail.com,Savings,12614.64,
2160,Mohit Joshi,37,Nagpur,mohitjoshi583386@gmail.com,Savings,22731.16,672
2161,Vijay Patil,32,Mumbai,vijaypatil385515@gmail.com,Savings,10092.37,581
2162,Priya Verma,,Ahmednagar,priyaverma120565@gmail.com,Current,46639.7,592
2163,Sneha Pawar,28,Solapur,snehapawar799749@gmail.com,Savings,6795.34,714
2164,Rohan Verma,22,Nashik,rohanverma292199@gmail.com,Savings,,819
2165,Kavya Singh,48,Satara,kavyasingh602087@gmail.com,Current,6285.38,829
2166,Riya Joshi,53,Mumbai,riyajoshi237244@gmail.com,Savings,23688.36,706
2167,Isha Singh,40,Kolhapur,ishasingh846532@gmail.com,Current,14289.94,577
2168,Sneha Sharma,51,Thane,snehasharma450056@gmail.com,,15728.62,844
2169,Mohit Jadhav,23,Nagpur,mohitjadhav886309@gmail.com,Savings,28756.65,651
2170,Ananya Shaikh,50,Ahmednagar,ananyashaikh588315@gmail.com,Current,24118.27,728
2171,Kavya Gupta,68,Aurangabad,kavyagupta804811@gmail.com,Savings,14036.72,809
2172,Sahil Gupta,51,Ahmednagar,sahilgupta858282@gmail.com,Savings,5639.95,831
2173,Sahil Verma,39,Pune,sahilverma652024@gmail.com,Savings,32496.52,631
2174,Neha Khan,37,Thane,nehakhan643478@gmail.com,Current,44355.01,569
2175,Neha Verma,69,Satara,nehaverma707864@gmail.com,Salary,17938.94,682
2176,Karan Shaikh,27,Solapur,karanshaikh674018@gmail.com,Current,20845.5,631
2177,Akash Singh,51,Satara,akashsingh583883@gmail.com,Salary,29105.03,789
2178,Karan Pawar,45,Kolhapur,karanpawar27629@gmail.com,Savings,13793.56,631
2179,Neha Joshi,31,Kolhapur,nehajoshi638677@gmail.com,Salary,17382.44,785
2180,Ayesha Singh,69,Kolhapur,ayeshasingh974315@gmail.com,Savings,8029.01,728
2181,,54,Ahmednagar,,Salary,27701.16,731
2182,Akash Gupta,54,Solapur,akashgupta689886@gmail.com,Current,29850.47,754
2183,Pooja Verma,70,Satara,poojaverma869852@gmail.com,Current,21455.8,681
2184,Sahil Pawar,24,Solapur,sahilpawar727257@gmail.com,Savings,25817.13,600
2185,Neha Joshi,26,Kolhapur,nehajoshi280539@gmail.com,Current,40406.16,721
2186,Riya Jadhav,44,Solapur,riyajadhav30459@gmail.com,Current,14814.49,
2187,Mohit Sharma,34,Aurangabad,mohitsharma189279@gmail.com,Current,48657.3,708
2188,Karan Gupta,62,Thane,karangupta286644@gmail.com,Savings,9997.24,814
2189,Mohit Joshi,70,Solapur,mohitjoshi736933@gmail.com,Salary,38705.11,779
2190,Rohan Shaikh,35,Mumbai,rohanshaikh799544@gmail.com,Current,33638.93,843
2191,Riya Patil,35,Thane,riyapatil324093@gmail.com,Savings,5919.27,801
2192,Akash Jadhav,,Nagpur,akashjadhav966402@gmail.com,Savings,6828.43,646
2193,Riya Verma,48,Mumbai,riyaverma356431@gmail.com,Savings,26798.52,708
2194,Amit Jadhav,66,Solapur,amitjadhav368174@gmail.com,Savings,45505.49,751
2195,Akash Sharma,41,Pune,akashsharma6502@gmail.com,Current,38119.51,782
2196,Arjun Jadhav,54,Nagpur,arjunjadhav190317@gmail.com,Salary,18322.61,
2197,Sneha Verma,43,Nagpur,snehaverma912217@gmail.com,Savings,46268.84,718
2198,Ananya Verma,31,Nashik,ananyaverma150310@gmail.com,Savings,6970.38,723
2199,Rohan Singh,51,Thane,rohansingh593930@gmail.com,Current,6600.63,573
2200,Riya Joshi,40,Aurangabad,riyajoshi689375@gmail.com,Current,1028.16,703
2201,Mohit Singh,65,Pune,mohitsingh420352@gmail.com,Salary,49235.52,796
2202,Rahul Gupta,26,Satara,rahulgupta73065@gmail.com,Salary,42675.54,565
2203,Ananya Patil,48,Kolhapur,ananyapatil148866@gmail.com,Savings,39396.73,703
2204,Aditya Joshi,32,Ahmednagar,adityajoshi777062@gmail.com,Salary,19880.13,826
2205,Rahul Jadhav,30,Solapur,rahuljadhav664028@gmail.com,Savings,37345.48,769
2206,Mohit Shaikh,60,Aurangabad,mohitshaikh32246@gmail.com,Savings,5621.91,765
2207,Akash Verma,50,Mumbai,akashverma96314@gmail.com,Current,32590.08,620
2208,Sahil Jadhav,19,Pune,sahiljadhav782454@gmail.com,Savings,8827.54,828
2209,Isha Shaikh,45,Nagpur,ishashaikh556351@gmail.com,Savings,42572.93,676
2210,Priya Patil,54,Ahmednagar,priyapatil225683@gmail.com,Current,45143.95,
2211,Sneha Joshi,31,Mumbai,snehajoshi394568@gmail.com,Savings,29358.84,613
2212,Rohan Singh,61,Aurangabad,rohansingh440326@gmail.com,Savings,29370.41,588
2213,Ananya Gupta,64,Pune,ananyagupta475782@gmail.com,Savings,4805.76,799
2214,Priya Sharma,34,Pune,priyasharma357555@gmail.com,Savings,43288.58,748
2215,Isha Pawar,50,Satara,ishapawar165155@gmail.com,Salary,39276.88,650
2216,Rahul Sharma,51,Satara,rahulsharma388128@gmail.com,Salary,41810.47,561
2217,Karan Joshi,29,Satara,karanjoshi326875@gmail.com,Current,34575.36,810
2218,Aditya Patil,59,Mumbai,adityapatil756748@gmail.com,Salary,43652.41,836
2219,Vijay Verma,28,Satara,vijayverma340240@gmail.com,Current,18071.96,613
2220,Aditya Joshi,19,Thane,adityajoshi814671@gmail.com,Current,44805.82,679
2221,Neha Shaikh,43,Nagpur,nehashaikh987237@gmail.com,Salary,18701.2,593
2222,,44,Ahmednagar,,Savings,30172.73,611
2223,Vijay Jadhav,44,Kolhapur,vijayjadhav595264@gmail.com,Current,48641.16,809
2224,Karan Joshi,,Thane,karanjoshi625285@gmail.com,Savings,707.27,824
2225,Mohit Pawar,61,Nagpur,mohitpawar89183@gmail.com,Savings,1488.64,842
2226,Sahil Sharma,44,Mumbai,sahilsharma926351@gmail.com,Current,38205.5,644
2227,Simran Khan,54,Satara,simrankhan55264@gmail.com,Current,10950.52,835
2228,Sahil Gupta,68,Ahmednagar,sahilgupta163237@gmail.com,Salary,18149.31,608
2229,Sneha Khan,65,Kolhapur,snehakhan165156@gmail.com,Current,45050.24,630
2230,Ayesha Sharma,40,Mumbai,ayeshasharma791183@gmail.com,Salary,47130.94,749
2231,Ananya Jadhav,66,Nagpur,ananyajadhav647950@gmail.com,Salary,25640.41,654
2232,Rahul Jadhav,32,Kolhapur,rahuljadhav52279@gmail.com,Current,17525.56,782
2233,Ayesha Pawar,21,Nagpur,ayeshapawar706807@gmail.com,Savings,17278.67,691
2234,Ananya Sharma,48,Thane,ananyasharma85644@gmail.com,Savings,34698.07,705
2235,Mohit Khan,51,Pune,mohitkhan285420@gmail.com,Current,42699.82,846
2236,Karan Shaikh,50,Ahmednagar,karanshaikh464737@gmail.com,Salary,,589
2237,Sneha Gupta,55,Ahmednagar,snehagupta694193@gmail.com,Savings,33294.19,831
2238,Arjun Patil,20,Ahmednagar,arjunpatil444711@gmail.com,Savings,13536.24,655
2239,Rohan Pawar,24,Solapur,rohanpawar509353@gmail.com,Current,45369.46,729
2240,Sahil Verma,63,Satara,sahilverma636665@gmail.com,Current,6502.49,794
2241,Rahul Shaikh,51,Thane,rahulshaikh463616@gmail.com,Current,20098.5,632
2242,Ananya Verma,33,Solapur,ananyaverma434403@gmail.com,Savings,27550.03,820
2243,Rohan Joshi,,Mumbai,rohanjoshi286536@gmail.com,Savings,27670.48,576
2244,Karan Singh,44,Satara,karansingh226140@gmail.com,Savings,35253.62,633
2245,Riya Patil,54,Nashik,riyapatil791715@gmail.com,Savings,14126.49,697
2246,Riya Gupta,59,Kolhapur,riyagupta537334@gmail.com,Current,9151.77,745
2247,Sneha Gupta,46,Mumbai,snehagupta119446@gmail.com,Savings,7215.11,672
2248,Neha Khan,53,Ahmednagar,nehakhan362039@gmail.com,Salary,9539.76,565
2249,Rohan Khan,51,Aurangabad,rohankhan450897@gmail.com,Savings,30412.46,806
2250,Isha Shaikh,52,Ahmednagar,ishashaikh116376@gmail.com,Salary,22443.91,815
2251,Neha Shaikh,33,Satara,nehashaikh297105@gmail.com,Salary,986.45,691
2252,Sneha Sharma,33,Thane,snehasharma711263@gmail.com,Savings,18685.47,695
2253,Vijay Shaikh,43,Solapur,vijayshaikh711544@gmail.com,Salary,41727.4,624
2254,Akash Joshi,20,Nashik,akashjoshi622046@gmail.com,Savings,24447.46,834
2255,Pooja Sharma,22,Kolhapur,poojasharma510371@gmail.com,Salary,29166.35,687
2256,Riya Khan,51,Nashik,riyakhan552630@gmail.com,Salary,44756.63,584
2257,Sneha Khan,,Ahmednagar,snehakhan699639@gmail.com,Savings,22169.54,724
2258,Rohan Pawar,28,Nashik,rohanpawar323501@gmail.com,Savings,47553.45,628
2259,Riya Pawar,29,Aurangabad,riyapawar47723@gmail.com,Savings,5538.13,601
2260,Sahil Pawar,42,Solapur,sahilpawar231330@gmail.com,Current,20845.13,847
2261,Arjun Jadhav,28,Nashik,arjunjadhav414563@gmail.com,Savings,7772.49,809
2262,Pooja Shaikh,46,Aurangabad,poojashaikh628537@gmail.com,Current,19297.32,837
2263,Sahil Jadhav,63,Ahmednagar,sahiljadhav57543@gmail.com,Salary,20225.45,578
2264,Amit Pawar,52,Kolhapur,amitpawar8160@gmail.com,Savings,47899.3,692
2265,Neha Joshi,60,Aurangabad,nehajoshi214453@gmail.com,Salary,49126.76,630
2266,Rahul Gupta,20,Thane,rahulgupta316161@gmail.com,Salary,7612.39,846
2267,Simran Joshi,57,Pune,simranjoshi991344@gmail.com,Savings,5938.11,563
2268,Rahul Jadhav,44,Mumbai,rahuljadhav221594@gmail.com,Salary,24559.36,588
2269,Mohit Gupta,21,Nagpur,mohitgupta804724@gmail.com,Salary,42069.37,741
2270,Pooja Verma,44,Solapur,poojaverma144001@gmail.com,Current,18921.9,807
2271,Akash Khan,39,Kolhapur,akashkhan801380@gmail.com,Salary,13489.33,734
2272,Riya Patil,54,Nagpur,riyapatil268031@gmail.com,Current,41629.83,688
2273,Sahil Shaikh,61,Solapur,sahilshaikh303607@gmail.com,Salary,33862.04,693
2274,Isha Jadhav,24,Ahmednagar,ishajadhav344161@gmail.com,Current,41396.93,849
2275,Ayesha Verma,51,Aurangabad,ayeshaverma125912@gmail.com,Salary,18119.55,659
2276,Mohit Sharma,26,Ahmednagar,mohitsharma8205@gmail.com,Salary,43743.24,779
2277,Riya Patil,26,Aurangabad,riyapatil521646@gmail.com,Savings,3076.22,689
2278,Sahil Singh,18,Nashik,sahilsingh783401@gmail.com,Savings,42036.92,778
2279,Arjun Singh,43,Pune,arjunsingh451674@gmail.com,Savings,6604.14,610
2280,Pooja Verma,18,Kolhapur,poojaverma184329@gmail.com,Current,42946.91,791
2281,Pooja Sharma,20,Nagpur,poojasharma135561@gmail.com,Current,47527.12,
2282,Isha Singh,55,Solapur,ishasingh398776@gmail.com,Current,4546.99,605
2283,Sneha Patil,44,Satara,snehapatil558553@gmail.com,Current,25730.93,
2284,Riya Joshi,53,Thane,riyajoshi737952@gmail.com,Current,47409.52,752
2285,Kavya Shaikh,29,Mumbai,kavyashaikh241388@gmail.com,Savings,23009.17,778
2286,Simran Khan,39,Mumbai,simrankhan524663@gmail.com,Current,45053.22,567
2287,Arjun Gupta,29,Satara,arjungupta585964@gmail.com,Current,42753.83,807
2288,Rohan Pawar,59,Pune,rohanpawar873935@gmail.com,Salary,19537.86,716
2289,Karan Joshi,18,Kolhapur,karanjoshi700599@gmail.com,Current,22045.05,651
2290,Ananya Patil,60,Aurangabad,ananyapatil845462@gmail.com,Salary,46149.13,738
2291,Neha Shaikh,19,Nashik,nehashaikh371471@gmail.com,Current,6544.32,610
2292,Rohan Pawar,29,Aurangabad,rohanpawar75676@gmail.com,Current,47390.74,802
2293,Kavya Pawar,41,Thane,kavyapawar416459@gmail.com,Current,6471.35,711
2294,Neha Khan,69,Thane,nehakhan903725@gmail.com,Savings,39101.84,650
2295,Rahul Shaikh,21,Aurangabad,rahulshaikh778186@gmail.com,Savings,1059.46,770
2296,Simran Patil,32,Kolhapur,simranpatil44457@gmail.com,Savings,8631.22,617
2297,Isha Jadhav,38,Thane,ishajadhav457509@gmail.com,Current,7902.54,595
2298,Priya Sharma,48,Solapur,priyasharma19751@gmail.com,Salary,48348.45,559
2299,Akash Patil,59,Solapur,akashpatil482187@gmail.com,Savings,20428.86,848
2300,Ayesha Jadhav,62,Ahmednagar,ayeshajadhav966008@gmail.com,Savings,23179.79,768
2301,Ayesha Jadhav,56,Ahmednagar,ayeshajadhav81744@gmail.com,Current,46015.87,612
2302,Isha Shaikh,54,Aurangabad,ishashaikh904087@gmail.com,Salary,39802.92,818
2303,Isha Gupta,50,Pune,ishagupta328367@gmail.com,Savings,39103.06,691
2304,Pooja Shaikh,56,Thane,poojashaikh603827@gmail.com,Salary,45106.42,742
2305,Kavya Shaikh,51,Ahmednagar,kavyashaikh450237@gmail.com,Salary,13281.97,761
2306,Arjun Jadhav,65,Nashik,arjunjadhav601353@gmail.com,Salary,32422.22,830
2307,Ayesha Jadhav,34,Thane,ayeshajadhav424168@gmail.com,Current,24884.45,600
2308,Mohit Shaikh,67,Pune,mohitshaikh744063@gmail.com,Savings,21029.01,821
2309,Sahil Shaikh,51,Kolhapur,sahilshaikh671337@gmail.com,Salary,32689.05,772
2310,Ananya Gupta,41,Mumbai,ananyagupta438083@gmail.com,Salary,12028.41,620
2311,Riya Pawar,51,Nashik,riyapawar303678@gmail.com,Salary,6508.43,809
2312,Amit Shaikh,61,Nagpur,amitshaikh120868@gmail.com,Current,43972.62,584
2313,Kavya Verma,45,Satara,kavyaverma424807@gmail.com,Salary,1878.1,730
2314,Karan Khan,69,Satara,karankhan21969@gmail.com,Current,18477.5,763
2315,Aditya Singh,35,Nashik,adityasingh340644@gmail.com,Current,3830.52,726
2316,Neha Patil,69,Aurangabad,nehapatil180322@gmail.com,Salary,21099.55,719
2317,Priya Pawar,53,Thane,priyapawar840347@gmail.com,Salary,16914.7,619
2318,Riya Joshi,53,Thane,riyajoshi993745@gmail.com,Current,26456.79,691
2319,Rohan Singh,21,Kolhapur,rohansingh648251@gmail.com,Salary,14713.04,620
2320,Neha Pawar,35,Satara,nehapawar482546@gmail.com,Current,45050.02,742
2321,Kavya Pawar,70,Aurangabad,kavyapawar872542@gmail.com,Savings,41064.22,775
2322,Ananya Verma,35,Kolhapur,ananyaverma723208@gmail.com,Current,43472.17,791
2323,Arjun Pawar,25,Satara,arjunpawar964548@gmail.com,Savings,,652
2324,Rahul Verma,59,Aurangabad,rahulverma379530@gmail.com,Salary,32064.93,755
2325,Isha Jadhav,22,Kolhapur,ishajadhav92510@gmail.com,Current,763.54,731
2326,Pooja Patil,69,Kolhapur,poojapatil458025@gmail.com,Salary,10954.6,550
2327,Neha Pawar,52,Kolhapur,nehapawar885606@gmail.com,Savings,19160.44,633
2328,Simran Singh,30,Nagpur,simransingh111105@gmail.com,Savings,36767.87,791
2329,Pooja Khan,51,Ahmednagar,poojakhan255235@gmail.com,Savings,25876.54,746
2330,Karan Pawar,35,Aurangabad,karanpawar456939@gmail.com,Salary,13961.24,783
2331,Mohit Sharma,35,Thane,mohitsharma617576@gmail.com,Current,46758.99,616
2332,Akash Jadhav,40,Nashik,akashjadhav420002@gmail.com,Salary,13500.1,826
2333,Isha Pawar,69,Satara,ishapawar549514@gmail.com,Current,33109.12,767
2334,Aditya Sharma,57,Solapur,adityasharma82567@gmail.com,Current,34313.47,612
2335,Karan Joshi,47,Nagpur,karanjoshi415091@gmail.com,Savings,2494.09,850
2336,Karan Joshi,26,Satara,karanjoshi912911@gmail.com,Savings,,804
2337,Isha Joshi,42,Nagpur,ishajoshi325446@gmail.com,Current,2910.35,592
2338,Karan Shaikh,34,Solapur,karanshaikh782133@gmail.com,Current,28207.35,717
2339,Neha Singh,39,Ahmednagar,nehasingh356105@gmail.com,Current,22380.21,819
2340,Akash Pawar,44,Pune,akashpawar232435@gmail.com,Current,20881.98,655
2341,Sneha Joshi,31,Nashik,snehajoshi349347@gmail.com,Salary,22552.69,737
2342,Simran Verma,46,Aurangabad,simranverma817064@gmail.com,Savings,31740.73,643
2343,Ananya Gupta,67,Aurangabad,ananyagupta176399@gmail.com,Savings,41872.55,658
2344,Sahil Sharma,54,Nashik,sahilsharma80189@gmail.com,,10811.4,622
2345,Amit Singh,69,Thane,amitsingh535380@gmail.com,Savings,12297.45,644
2346,Aditya Singh,67,Nashik,adityasingh664084@gmail.com,Current,47048.71,559
2347,Riya Pawar,33,Satara,riyapawar119665@gmail.com,Current,29793.9,580
2348,Akash Gupta,42,Pune,akashgupta556479@gmail.com,Salary,8948.36,785
2349,Amit Joshi,68,Aurangabad,amitjoshi534823@gmail.com,Current,8459.84,669
2350,Neha Sharma,64,Ahmednagar,nehasharma203422@gmail.com,Current,35531.5,693
2351,Priya Pawar,30,Kolhapur,priyapawar950028@gmail.com,Savings,14455.59,648
2352,Rohan Pawar,55,Pune,rohanpawar814034@gmail.com,,18779.03,599
2353,Simran Singh,,Kolhapur,simransingh366446@gmail.com,Current,40315.73,796
2354,Priya Shaikh,32,Nashik,priyashaikh368254@gmail.com,Savings,2359.49,751
2355,Kavya Gupta,43,Satara,kavyagupta762812@gmail.com,Current,40790.71,650
2356,Karan Gupta,,Kolhapur,karangupta858829@gmail.com,Savings,29343.78,696
2357,Kavya Joshi,69,Aurangabad,kavyajoshi676896@gmail.com,Current,35330.36,748
2358,Sahil Patil,36,Thane,sahilpatil854728@gmail.com,Savings,27757.14,783
2359,Mohit Pawar,52,Aurangabad,mohitpawar154964@gmail.com,Salary,38553.06,798
2360,Sneha Pawar,54,Aurangabad,snehapawar247845@gmail.com,Savings,8563.52,844
2361,Sahil Singh,21,Thane,sahilsingh107898@gmail.com,Current,34892.93,632
2362,Ayesha Jadhav,70,Mumbai,ayeshajadhav153657@gmail.com,Savings,20180.53,596
2363,Vijay Patil,37,Nagpur,vijaypatil268502@gmail.com,Current,17153.96,716
2364,Akash Gupta,61,Pune,akashgupta206954@gmail.com,Savings,11069.89,821
2365,Neha Khan,,Pune,nehakhan182026@gmail.com,Salary,10919.88,553
2366,Isha Jadhav,42,Ahmednagar,ishajadhav631761@gmail.com,Current,,804
2367,Sneha Patil,29,Ahmednagar,snehapatil160395@gmail.com,Salary,,638
2368,Simran Joshi,28,Nashik,simranjoshi797243@gmail.com,Savings,29958.42,564
2369,Vijay Singh,62,Solapur,vijaysingh796128@gmail.com,Current,44565.03,600
2370,Akash Singh,60,Satara,akashsingh687451@gmail.com,Current,14234.22,597
2371,Rohan Pawar,66,Kolhapur,rohanpawar79113@gmail.com,Salary,28612.72,555
2372,Aditya Gupta,51,Nashik,adityagupta185851@gmail.com,Salary,32757.5,834
2373,Aditya Jadhav,,Kolhapur,adityajadhav997602@gmail.com,Savings,8502.57,554
2374,Ananya Singh,46,Mumbai,ananyasingh810489@gmail.com,Current,10981.21,842
2375,Sahil Verma,69,Ahmednagar,sahilverma658552@gmail.com,Salary,32294.47,622
2376,Arjun Pawar,31,Kolhapur,arjunpawar518219@gmail.com,Salary,25404.74,784
2377,Simran Sharma,56,Mumbai,simransharma486590@gmail.com,Savings,2204.32,783
2378,Vijay Joshi,18,Pune,vijayjoshi791193@gmail.com,Salary,25247.47,803
2379,Akash Sharma,30,Ahmednagar,akashsharma591219@gmail.com,Salary,33984.49,558
2380,Arjun Patil,39,Pune,arjunpatil796888@gmail.com,Salary,10378.6,825
2381,Amit Gupta,66,Solapur,amitgupta607716@gmail.com,Current,19968.98,797
2382,Kavya Jadhav,64,Aurangabad,kavyajadhav470811@gmail.com,Salary,17853.73,680
2383,Simran Jadhav,23,Pune,simranjadhav714320@gmail.com,Savings,29925.98,843
2384,Ayesha Jadhav,69,Mumbai,ayeshajadhav969145@gmail.com,Salary,22312.47,705
2385,Ayesha Gupta,36,Solapur,ayeshagupta924994@gmail.com,Current,41932.7,668
2386,Rohan Sharma,62,Satara,rohansharma592012@gmail.com,Salary,19481.93,757
2387,Riya Patil,41,Ahmednagar,riyapatil674325@gmail.com,Salary,10602.14,609
2388,Priya Shaikh,40,Thane,priyashaikh666258@gmail.com,Salary,15212.97,585
2389,Isha Khan,61,Nagpur,ishakhan654958@gmail.com,Salary,29213.69,804
2390,Riya Patil,56,Satara,riyapatil339008@gmail.com,Savings,33806.47,644
2391,Sahil Khan,19,Satara,sahilkhan906328@gmail.com,Current,43299.75,556
2392,Kavya Joshi,44,Ahmednagar,kavyajoshi657785@gmail.com,Current,17054.57,757
2393,Neha Shaikh,30,Mumbai,nehashaikh331595@gmail.com,Salary,33536.4,704
2394,Rohan Gupta,53,Nagpur,rohangupta158390@gmail.com,Salary,729.28,848
2395,Priya Sharma,50,Ahmednagar,priyasharma461224@gmail.com,Salary,46345.63,841
2396,Kavya Jadhav,21,Nashik,kavyajadhav71703@gmail.com,Current,24639.03,838
2397,Riya Sharma,23,Solapur,riyasharma491799@gmail.com,Salary,4226.22,814
2398,Kavya Khan,38,Satara,kavyakhan463788@gmail.com,Salary,31352.63,819
2399,Ayesha Verma,23,Thane,ayeshaverma662155@gmail.com,Salary,11350.87,756
2400,Kavya Gupta,31,Solapur,kavyagupta317630@gmail.com,Savings,20654.69,660
2401,Sneha Verma,21,Pune,snehaverma835112@gmail.com,Salary,16983.26,727
2402,Sahil Verma,42,Pune,sahilverma288116@gmail.com,Current,22895.3,550
2403,Ayesha Verma,38,Aurangabad,ayeshaverma620248@gmail.com,Salary,11411.86,675
2404,Akash Jadhav,70,Nagpur,akashjadhav59000@gmail.com,Salary,21537.19,800
2405,Sahil Verma,36,Kolhapur,sahilverma369138@gmail.com,Savings,33934.4,659
2406,Aditya Singh,50,Ahmednagar,adityasingh532081@gmail.com,Savings,806.09,581
2407,Rahul Singh,49,Nagpur,rahulsingh77894@gmail.com,Salary,24315.24,850
2408,Isha Verma,25,Pune,ishaverma325586@gmail.com,Current,35582.15,810
2409,Karan Jadhav,20,Mumbai,karanjadhav484272@gmail.com,Current,5590.61,646
2410,Akash Jadhav,67,Mumbai,akashjadhav473966@gmail.com,Salary,37357.14,790
2411,Priya Patil,59,Aurangabad,priyapatil39534@gmail.com,Savings,3841.31,738
2412,Isha Sharma,36,Pune,ishasharma59753@gmail.com,Current,37813.02,625
2413,Rohan Pawar,48,Nashik,rohanpawar386749@gmail.com,Savings,13608.14,632
2414,Amit Sharma,34,Aurangabad,amitsharma872197@gmail.com,Savings,25743.75,745
2415,,41,Thane,,Current,41790.29,801
2416,Kavya Gupta,34,Nagpur,kavyagupta301122@gmail.com,Savings,17497.3,554
2417,Karan Jadhav,48,Aurangabad,karanjadhav80558@gmail.com,Salary,23196.43,558
2418,Sneha Pawar,68,Thane,snehapawar676081@gmail.com,Salary,31399.16,750
2419,Mohit Patil,62,Satara,mohitpatil906331@gmail.com,Current,,666
2420,Mohit Khan,45,Pune,mohitkhan896940@gmail.com,Savings,21781.16,751
2421,Kavya Patil,46,Kolhapur,kavyapatil94782@gmail.com,Current,26266.4,555
2422,Mohit Jadhav,27,Kolhapur,mohitjadhav644983@gmail.com,Salary,27962.38,607
2423,Ananya Jadhav,20,Nashik,ananyajadhav623037@gmail.com,Salary,8238.25,619
2424,Rahul Joshi,63,Nashik,rahuljoshi531799@gmail.com,Salary,47470.4,593
2425,Karan Gupta,51,Nagpur,karangupta403259@gmail.com,Current,8586.49,664
2426,Simran Singh,65,Satara,simransingh485288@gmail.com,Salary,43799.11,644
2427,Vijay Singh,48,Thane,vijaysingh608619@gmail.com,Salary,34684.77,629
2428,Priya Gupta,29,Pune,priyagupta581342@gmail.com,Savings,29823.59,708
2429,Rohan Patil,57,Nagpur,rohanpatil830381@gmail.com,Salary,30358.89,779
2430,Pooja Verma,45,Ahmednagar,poojaverma774914@gmail.com,Savings,2883.02,715
2431,Isha Joshi,27,Aurangabad,ishajoshi939494@gmail.com,Savings,23828.24,764
2432,Rohan Khan,36,Kolhapur,rohankhan43115@gmail.com,Salary,37246.57,696
2433,Aditya Shaikh,49,Nagpur,adityashaikh471679@gmail.com,Current,24056.89,696
2434,Kavya Jadhav,28,Thane,kavyajadhav953307@gmail.com,Savings,5476.15,642
2435,Arjun Jadhav,50,Mumbai,arjunjadhav849253@gmail.com,Salary,14717.16,689
2436,Mohit Patil,31,Nashik,mohitpatil599525@gmail.com,Current,29536.53,799
2437,Priya Khan,,Kolhapur,priyakhan683601@gmail.com,Current,25848.09,807
2438,Isha Singh,40,Solapur,ishasingh197483@gmail.com,Salary,35115.29,632
2439,Aditya Sharma,37,Nagpur,adityasharma337245@gmail.com,,33009.96,649
2440,Pooja Gupta,20,Kolhapur,poojagupta634494@gmail.com,Savings,42022.43,690
2441,Karan Joshi,37,Mumbai,karanjoshi498833@gmail.com,Savings,44919.7,811
2442,Pooja Gupta,33,Pune,poojagupta525821@gmail.com,Salary,4746.73,733
2443,Ayesha Verma,56,Nagpur,ayeshaverma158289@gmail.com,Savings,21301.94,624
2444,Kavya Pawar,68,Satara,kavyapawar64979@gmail.com,Salary,14922.08,706
2445,Simran Jadhav,67,Aurangabad,simranjadhav472507@gmail.com,Current,17198.27,705
2446,Sneha Joshi,61,Aurangabad,snehajoshi108629@gmail.com,Current,29329.34,800
2447,Vijay Jadhav,35,Ahmednagar,vijayjadhav850460@gmail.com,Current,40249.95,
2448,Pooja Pawar,53,Pune,poojapawar942902@gmail.com,Savings,2317.25,822
2449,Pooja Patil,64,Nagpur,poojapatil878153@gmail.com,Current,12608.26,637
2450,Arjun Jadhav,51,Nashik,arjunjadhav360220@gmail.com,Savings,39511.1,755
2451,Akash Shaikh,68,Solapur,akashshaikh749114@gmail.com,Salary,33685.83,573
2452,Karan Pawar,21,Ahmednagar,karanpawar88525@gmail.com,Current,20628.1,673
2453,Isha Jadhav,31,Ahmednagar,ishajadhav529157@gmail.com,Salary,35993.16,757
2454,Ayesha Singh,40,Thane,ayeshasingh677613@gmail.com,Savings,-2162.98,702
2455,Pooja Jadhav,45,Solapur,poojajadhav181041@gmail.com,Salary,26255.5,728
2456,Sneha Khan,47,Solapur,snehakhan41143@gmail.com,Current,16676.01,651
2457,Kavya Gupta,63,Kolhapur,kavyagupta259878@gmail.com,Salary,4652.87,816
2458,Simran Gupta,59,Nagpur,simrangupta742095@gmail.com,Salary,33602.62,620
2459,Arjun Shaikh,38,Pune,arjunshaikh459122@gmail.com,Current,41936.58,843
2460,Simran Joshi,30,Pune,simranjoshi460867@gmail.com,Salary,27362.91,669
2461,Kavya Singh,44,Satara,kavyasingh549625@gmail.com,Savings,48936.03,690
2462,Arjun Sharma,62,Aurangabad,arjunsharma548241@gmail.com,Salary,37501.52,846
2463,Neha Shaikh,51,Pune,nehashaikh639527@gmail.com,Savings,22801.11,725
2464,Isha Khan,52,Nagpur,ishakhan166557@gmail.com,Salary,3993.08,773
2465,Sneha Pawar,48,Thane,snehapawar381674@gmail.com,Current,40225.95,603
2466,Simran Singh,59,Nashik,simransingh391063@gmail.com,Savings,33727.23,577
2467,Simran Khan,60,Nagpur,simrankhan962626@gmail.com,Salary,27295.56,840
2468,Ananya Singh,53,Aurangabad,ananyasingh296735@gmail.com,Current,20193.95,686
2469,Isha Shaikh,31,Nashik,ishashaikh406335@gmail.com,Salary,46952.22,731
2470,Sahil Shaikh,25,Ahmednagar,sahilshaikh428725@gmail.com,Savings,4168.14,601
2471,Vijay Verma,55,Kolhapur,vijayverma812185@gmail.com,Current,47322.32,729
2472,Rohan Joshi,62,Thane,rohanjoshi354903@gmail.com,Current,35399.93,752
2473,Sahil Shaikh,21,Nagpur,sahilshaikh711975@gmail.com,Salary,5319.56,797
2474,Aditya Khan,43,Solapur,adityakhan627028@gmail.com,Savings,2636.37,722
2475,Sahil Patil,33,Mumbai,sahilpatil55009@gmail.com,Salary,36878.09,803
2476,Mohit Sharma,54,Nagpur,mohitsharma827664@gmail.com,Savings,5336.41,601
2477,Ananya Jadhav,60,Solapur,ananyajadhav661632@gmail.com,Current,28926.66,733
2478,Vijay Shaikh,49,Mumbai,vijayshaikh678848@gmail.com,Current,7791.35,803
2479,Kavya Joshi,43,Nagpur,kavyajoshi351005@gmail.com,Salary,43157.53,833
2480,Isha Patil,55,Nashik,ishapatil69213@gmail.com,Savings,29114.14,795
2481,Sahil Patil,67,Nashik,sahilpatil345805@gmail.com,Current,11535.8,699
2482,Rahul Sharma,26,Thane,rahulsharma99196@gmail.com,Salary,41251.2,756
2483,Rohan Pawar,21,Nashik,rohanpawar585166@gmail.com,Savings,19110.2,689
2484,Ayesha Khan,36,Thane,ayeshakhan711432@gmail.com,Savings,35255.53,732
2485,Akash Gupta,37,Aurangabad,akashgupta405441@gmail.com,Savings,17939.84,696
2486,Aditya Verma,37,Thane,adityaverma298049@gmail.com,Current,34935.35,566
2487,Vijay Jadhav,54,Thane,vijayjadhav264336@gmail.com,Savings,28851.56,584
2488,Rohan Joshi,48,Thane,rohanjoshi758989@gmail.com,Savings,32787.26,769
2489,Riya Singh,70,Nagpur,riyasingh893031@gmail.com,Salary,29499.09,684
2490,Sahil Singh,23,Ahmednagar,sahilsingh688557@gmail.com,Savings,21674.34,638
2491,Ayesha Verma,67,Kolhapur,ayeshaverma950469@gmail.com,Salary,43152.84,664
2492,Rahul Verma,21,Nashik,rahulverma632077@gmail.com,Savings,15562.92,843
2493,Kavya Gupta,50,Satara,kavyagupta915800@gmail.com,Current,10574.8,703
2494,Kavya Singh,41,Satara,kavyasingh157777@gmail.com,Salary,32257.55,603
2495,Amit Jadhav,64,Nagpur,amitjadhav349655@gmail.com,Salary,,613
2496,Ananya Verma,62,Kolhapur,ananyaverma85561@gmail.com,Salary,3917.26,751
2497,Karan Singh,46,Satara,karansingh611146@gmail.com,Savings,24919.92,557
2498,Priya Patil,27,Mumbai,priyapatil695947@gmail.com,Savings,10407.43,597
2499,Aditya Pawar,60,Pune,adityapawar148398@gmail.com,Current,,802
2500,Arjun Sharma,59,Kolhapur,arjunsharma961378@gmail.com,Current,40864.53,608
2501,Akash Pawar,64,Solapur,akashpawar366913@gmail.com,Salary,24450.6,742
2502,Simran Shaikh,28,Mumbai,simranshaikh325401@gmail.com,Current,24422.58,632
2503,Sneha Sharma,56,Mumbai,snehasharma688023@gmail.com,Salary,40537.69,553
2504,Neha Sharma,21,Nashik,nehasharma732509@gmail.com,Salary,39588.05,758
2505,Sahil Verma,67,Aurangabad,sahilverma694399@gmail.com,Salary,48469.61,619
2506,Ayesha Jadhav,30,Pune,ayeshajadhav411097@gmail.com,Savings,38835.86,833
2507,Rahul Shaikh,68,Ahmednagar,rahulshaikh135315@gmail.com,Savings,37788.24,641
2508,Arjun Singh,31,Nashik,arjunsingh624045@gmail.com,Salary,863.97,759
2509,Sneha Verma,42,Ahmednagar,snehaverma743366@gmail.com,Current,49239.41,816
2510,Kavya Sharma,61,Aurangabad,kavyasharma983666@gmail.com,Salary,44680.78,734
2511,Ayesha Jadhav,33,Kolhapur,ayeshajadhav88934@gmail.com,Current,46871.78,827
2512,Rahul Khan,30,Aurangabad,rahulkhan324720@gmail.com,Savings,33832.2,596
2513,Riya Shaikh,,Ahmednagar,riyashaikh586172@gmail.com,Savings,47562.3,553
2514,Arjun Gupta,50,Solapur,arjungupta395076@gmail.com,Savings,30621.49,557
2515,Sahil Sharma,52,Thane,sahilsharma674851@gmail.com,Salary,20441.82,580
2516,Riya Sharma,53,Ahmednagar,riyasharma830217@gmail.com,Salary,28162.06,627
2517,Akash Gupta,34,Pune,akashgupta344532@gmail.com,Current,17460.59,646
2518,Rohan Jadhav,59,Kolhapur,rohanjadhav852786@gmail.com,Current,14026.07,649
2519,Ayesha Khan,,Nagpur,ayeshakhan134101@gmail.com,Current,24294.87,591
2520,Karan Joshi,67,Kolhapur,karanjoshi702767@gmail.com,Current,11987.66,777
2521,Mohit Gupta,49,Mumbai,mohitgupta737071@gmail.com,Current,21119.59,660
2522,Karan Verma,64,Nagpur,karanverma869326@gmail.com,Salary,47249.26,765
2523,Karan Shaikh,64,Satara,karanshaikh993215@gmail.com,Salary,3591.59,689
2524,Riya Shaikh,36,Thane,riyashaikh774761@gmail.com,Current,10213.97,635
2525,Priya Sharma,,Solapur,priyasharma718809@gmail.com,Current,37542.87,596
2526,Pooja Jadhav,63,Solapur,poojajadhav956871@gmail.com,Current,28412.14,666
2527,Ayesha Pawar,41,Satara,ayeshapawar552063@gmail.com,Current,14879.68,620
2528,Riya Khan,54,Ahmednagar,riyakhan98092@gmail.com,Salary,5433.26,760
2529,Rahul Pawar,38,Ahmednagar,rahulpawar677506@gmail.com,Salary,19643.01,756
2530,Mohit Jadhav,37,Ahmednagar,mohitjadhav703124@gmail.com,Savings,31366.87,786
2531,Kavya Sharma,19,Nashik,kavyasharma444073@gmail.com,Current,27146.62,606
2532,Akash Gupta,37,Mumbai,akashgupta533288@gmail.com,Current,4016.16,625
2533,Simran Verma,,Satara,simranverma379504@gmail.com,Current,,565
2534,Sahil Verma,68,Satara,sahilverma19216@gmail.com,Salary,7541.2,640
2535,Ayesha Khan,61,Thane,ayeshakhan380311@gmail.com,Savings,22383.86,630
2536,Rahul Verma,36,Nashik,rahulverma323969@gmail.com,Salary,3775.11,
2537,Neha Shaikh,51,Kolhapur,nehashaikh189119@gmail.com,Salary,30550.33,647
2538,Rahul Shaikh,37,Satara,rahulshaikh997473@gmail.com,Savings,32058.46,825
2539,Sahil Gupta,49,Pune,sahilgupta224697@gmail.com,Salary,28421.1,593
2540,Ayesha Singh,20,Nashik,ayeshasingh358432@gmail.com,Salary,4803.42,684
2541,Akash Jadhav,59,Kolhapur,akashjadhav993802@gmail.com,Savings,41408.82,826
2542,Ayesha Jadhav,57,Pune,ayeshajadhav803473@gmail.com,Salary,1643.95,826
2543,Rahul Jadhav,66,Aurangabad,rahuljadhav509992@gmail.com,Savings,14157.9,591
2544,Isha Sharma,52,Kolhapur,ishasharma201432@gmail.com,Current,8248.04,702
2545,Ayesha Joshi,47,Solapur,ayeshajoshi237647@gmail.com,Salary,44468.59,698
2546,Ananya Gupta,38,Pune,ananyagupta144347@gmail.com,Current,22479.72,820
2547,Riya Shaikh,56,Satara,riyashaikh162571@gmail.com,Current,33868.78,595
2548,Akash Sharma,63,Kolhapur,akashsharma81013@gmail.com,Current,36469.49,
2549,Amit Singh,53,Thane,amitsingh310260@gmail.com,Savings,42304.35,553
2550,Priya Sharma,21,Satara,priyasharma885547@gmail.com,Savings,40101.89,806
2551,Vijay Patil,47,Nagpur,vijaypatil826503@gmail.com,Salary,25607.62,639
2552,Amit Singh,35,Solapur,amitsingh106153@gmail.com,Salary,19582.45,728
2553,Mohit Singh,64,Thane,mohitsingh532451@gmail.com,Savings,17234.84,706
2554,Ananya Gupta,19,Satara,ananyagupta808420@gmail.com,Savings,36992.03,829
2555,Ananya Verma,38,Solapur,ananyaverma566090@gmail.com,Savings,7553.39,585
2556,Aditya Joshi,44,Satara,adityajoshi875786@gmail.com,Salary,40022.65,837
2557,Neha Singh,35,Ahmednagar,nehasingh774624@gmail.com,Current,10686.62,834
2558,Aditya Joshi,40,Satara,adityajoshi926707@gmail.com,Salary,36987.32,653
2559,Arjun Shaikh,46,Ahmednagar,arjunshaikh552208@gmail.com,Savings,43699.27,838
2560,Ananya Khan,62,Nashik,ananyakhan39681@gmail.com,Savings,49211.15,662
2561,Arjun Singh,70,,arjunsingh694183@gmail.com,Current,10225.91,778
2562,Priya Shaikh,27,Satara,priyashaikh353223@gmail.com,Savings,29605.0,631
2563,Amit Gupta,70,Pune,amitgupta919064@gmail.com,Savings,4627.18,795
2564,Mohit Sharma,59,Kolhapur,mohitsharma803631@gmail.com,Savings,15555.38,100
2565,Karan Singh,31,Nashik,karansingh648152@gmail.com,Current,1769.26,646
2566,Vijay Sharma,40,Kolhapur,vijaysharma137514@gmail.com,Current,22683.52,680
2567,Isha Singh,29,Pune,ishasingh626358@gmail.com,Salary,27984.98,739
2568,Rahul Singh,60,Kolhapur,rahulsingh395119@gmail.com,Salary,25401.38,595
2569,Rahul Shaikh,38,Nagpur,rahulshaikh161845@gmail.com,Salary,26589.48,620
2570,Arjun Pawar,18,Pune,arjunpawar170228@gmail.com,Salary,38110.51,710
2571,Isha Pawar,21,Solapur,ishapawar189730@gmail.com,Current,48487.82,808
2572,Isha Sharma,70,Ahmednagar,ishasharma871828@gmail.com,Savings,30901.6,729
2573,,35,Mumbai,,Salary,48298.87,842
2574,Amit Khan,19,Solapur,amitkhan726601@gmail.com,Salary,41120.94,821
2575,Rohan Khan,52,Nashik,rohankhan808654@gmail.com,Current,,664
2576,Rahul Gupta,42,Kolhapur,rahulgupta655187@gmail.com,Savings,,569
2577,Rohan Singh,55,Pune,rohansingh848443@gmail.com,Salary,3821.07,793
2578,Amit Gupta,21,Ahmednagar,amitgupta946603@gmail.com,,5670.39,613
2579,Priya Patil,34,Pune,priyapatil173680@gmail.com,Salary,8332.76,764
2580,Isha Shaikh,65,Thane,ishashaikh756315@gmail.com,Salary,37610.67,803
2581,Kavya Singh,69,Nagpur,kavyasingh459033@gmail.com,Savings,31159.18,725
2582,Rahul Gupta,34,Satara,rahulgupta45914@gmail.com,Salary,21919.66,793
2583,Priya Jadhav,55,Nashik,priyajadhav430916@gmail.com,Savings,32588.07,740
2584,Riya Gupta,43,Nashik,riyagupta382095@gmail.com,Savings,43241.96,691
2585,Mohit Gupta,22,Thane,mohitgupta709317@gmail.com,Salary,36577.91,655
2586,Sneha Shaikh,52,Pune,snehashaikh754640@gmail.com,Savings,16932.26,793
2587,Isha Singh,48,Aurangabad,ishasingh249168@gmail.com,Salary,17043.32,644
2588,Ananya Singh,24,Kolhapur,ananyasingh465876@gmail.com,Current,38854.72,578
2589,Riya Pawar,55,Nagpur,riyapawar640355@gmail.com,Savings,33335.79,646
2590,Riya Jadhav,52,Ahmednagar,riyajadhav298868@gmail.com,Current,12120.11,584
2591,Riya Khan,47,Pune,riyakhan789039@gmail.com,Salary,7798.75,551
2592,Aditya Patil,19,Satara,adityapatil784997@gmail.com,Savings,47215.49,665
2593,Rahul Singh,28,Satara,rahulsingh821974@gmail.com,Salary,17273.26,722
2594,Arjun Joshi,20,Kolhapur,arjunjoshi470835@gmail.com,Savings,41125.6,822
2595,Isha Jadhav,65,Nagpur,ishajadhav245469@gmail.com,Savings,28905.79,849
2596,Ananya Patil,48,Nagpur,ananyapatil560051@gmail.com,Salary,29038.4,825
2597,Sneha Sharma,31,Ahmednagar,snehasharma250886@gmail.com,Salary,43565.36,566
2598,Kavya Verma,31,Solapur,kavyaverma324600@gmail.com,Salary,17552.7,634
2599,Sneha Jadhav,68,Nashik,snehajadhav848003@gmail.com,Savings,,785
2600,Simran Jadhav,48,Aurangabad,simranjadhav822571@gmail.com,Current,3290.53,712
2601,Sahil Khan,41,Pune,sahilkhan491898@gmail.com,Salary,2041.11,643
2602,Isha Singh,,Kolhapur,ishasingh947985@gmail.com,Current,32236.17,756
2603,Rohan Khan,34,Kolhapur,rohankhan875779@gmail.com,Current,29536.2,663
2604,Rohan Sharma,54,Nashik,rohansharma203540@gmail.com,Salary,47594.5,705
2605,Arjun Shaikh,,Pune,arjunshaikh385809@gmail.com,Current,38257.79,690
2606,Aditya Khan,35,Satara,adityakhan711356@gmail.com,Savings,38933.37,763
2607,Kavya Pawar,29,Thane,kavyapawar993237@gmail.com,Savings,32214.52,744
2608,Vijay Joshi,56,Satara,vijayjoshi598228@gmail.com,Salary,20523.31,703
2609,Riya Shaikh,53,Satara,riyashaikh462099@gmail.com,Salary,40690.53,801
2610,Amit Jadhav,20,Nagpur,amitjadhav484206@gmail.com,Current,19202.66,771
2611,Amit Verma,55,Aurangabad,amitverma806914@gmail.com,Savings,30705.53,763
2612,Priya Sharma,20,Thane,priyasharma295559@gmail.com,Current,4916.41,790
2613,Karan Sharma,62,Mumbai,karansharma816022@gmail.com,Savings,45728.6,651
2614,,21,Pune,,Savings,44717.68,824
2615,Mohit Khan,18,Ahmednagar,mohitkhan400522@gmail.com,Savings,17082.59,639
2616,Aditya Shaikh,33,Solapur,adityashaikh527435@gmail.com,Salary,13172.79,550
2617,Ananya Singh,50,Mumbai,ananyasingh553181@gmail.com,Savings,48218.46,758
2618,Simran Shaikh,32,Nashik,simranshaikh439097@gmail.com,Current,38424.01,826
2619,Amit Gupta,53,Solapur,amitgupta170030@gmail.com,Salary,46381.0,802
2620,Amit Khan,58,Mumbai,amitkhan856672@gmail.com,Savings,36117.42,564
2621,Neha Jadhav,29,Mumbai,nehajadhav209498@gmail.com,Salary,21828.5,683
2622,Sneha Joshi,27,Pune,snehajoshi840281@gmail.com,Current,38127.21,714
2623,Sneha Pawar,36,Aurangabad,snehapawar634135@gmail.com,Savings,17674.12,553
2624,Pooja Singh,21,Solapur,poojasingh145221@gmail.com,Current,12092.83,823
2625,Neha Joshi,39,Thane,nehajoshi915508@gmail.com,Salary,16277.93,749
2626,Pooja Singh,44,Ahmednagar,poojasingh262247@gmail.com,Savings,19085.34,677
2627,Rohan Shaikh,58,Aurangabad,rohanshaikh54814@gmail.com,Savings,3000.07,636
2628,Mohit Verma,43,Nagpur,mohitverma672424@gmail.com,Current,34952.78,652
2629,Amit Singh,68,Nagpur,amitsingh504035@gmail.com,Savings,27471.1,756
2630,Karan Sharma,59,Thane,karansharma916678@gmail.com,Savings,47936.26,786
2631,Rahul Verma,20,Mumbai,rahulverma389344@gmail.com,Savings,13047.69,625
2632,Sahil Khan,27,Satara,sahilkhan581578@gmail.com,Savings,1325.23,841
2633,Ayesha Shaikh,48,Ahmednagar,ayeshashaikh979777@gmail.com,Savings,19330.41,658
2634,Amit Joshi,27,Kolhapur,amitjoshi107673@gmail.com,Salary,32412.99,580
2635,Sneha Gupta,68,Nagpur,snehagupta746057@gmail.com,Current,40782.04,682
2636,Rohan Gupta,45,Aurangabad,rohangupta887082@gmail.com,Savings,25873.94,575
2637,Ayesha Jadhav,33,Kolhapur,ayeshajadhav541070@gmail.com,Savings,32903.09,584
2638,Aditya Gupta,32,Ahmednagar,adityagupta892612@gmail.com,Savings,21561.49,766
2639,Sahil Jadhav,51,Pune,sahiljadhav130834@gmail.com,Savings,7509.62,844
2640,Rahul Singh,33,Solapur,rahulsingh299010@gmail.com,Current,18512.66,767
2641,Rohan Joshi,59,Nagpur,rohanjoshi88049@gmail.com,Salary,30148.84,787
2642,Neha Joshi,33,Ahmednagar,nehajoshi800285@gmail.com,Current,12496.27,698
2643,Kavya Joshi,57,Satara,kavyajoshi168199@gmail.com,Savings,5174.83,613
2644,Simran Jadhav,18,Thane,simranjadhav286142@gmail.com,Current,47275.8,679
2645,Ananya Gupta,51,Nashik,ananyagupta471245@gmail.com,Salary,11326.2,646
2646,Riya Patil,24,Aurangabad,riyapatil949382@gmail.com,Savings,22761.67,643
2647,Amit Pawar,50,Solapur,amitpawar538389@gmail.com,,17350.03,650
2648,Sneha Verma,31,Ahmednagar,snehaverma154606@gmail.com,Savings,45202.42,
2649,Amit Patil,51,Solapur,amitpatil871515@gmail.com,Savings,25537.05,692
2650,Aditya Khan,29,Nashik,adityakhan458823@gmail.com,Savings,40368.09,
2651,Sneha Pawar,58,Kolhapur,snehapawar96268@gmail.com,Current,8858.37,662
2652,Aditya Sharma,59,,adityasharma992486@gmail.com,Current,19858.67,566
2653,Priya Patil,34,Aurangabad,priyapatil954833@gmail.com,Savings,7272.39,619
2654,Akash Gupta,59,Satara,akashgupta232923@gmail.com,Current,5190.94,824
2655,Akash Joshi,38,Ahmednagar,akashjoshi856475@gmail.com,Salary,3815.13,637
2656,Priya Gupta,51,Mumbai,priyagupta473141@gmail.com,Savings,39101.57,559
2657,Akash Patil,50,Pune,akashpatil927701@gmail.com,Current,42682.13,604
2658,Karan Joshi,47,Pune,karanjoshi366666@gmail.com,Savings,11994.3,596
2659,Priya Shaikh,25,Pune,priyashaikh975770@gmail.com,Current,15462.39,767
2660,Ayesha Sharma,28,Thane,ayeshasharma28065@gmail.com,Salary,23196.21,829
2661,Kavya Pawar,25,Ahmednagar,kavyapawar435150@gmail.com,Current,9173.3,761
2662,Mohit Patil,70,Nashik,mohitpatil55943@gmail.com,Salary,4651.67,763
2663,Karan Verma,64,Satara,karanverma415812@gmail.com,Savings,32606.98,815
2664,Karan Khan,25,Ahmednagar,karankhan526492@gmail.com,Current,20200.86,777
2665,Ananya Shaikh,53,Aurangabad,ananyashaikh392227@gmail.com,Current,22717.69,756
2666,Arjun Sharma,28,Thane,arjunsharma247331@gmail.com,Salary,22695.74,550
2667,Isha Sharma,44,Thane,ishasharma405024@gmail.com,Current,13002.75,608
2668,Kavya Pawar,50,Kolhapur,kavyapawar85669@gmail.com,Current,14058.51,837
2669,Neha Verma,34,Solapur,nehaverma393224@gmail.com,Current,,772
2670,Amit Verma,29,Aurangabad,amitverma235545@gmail.com,Salary,42738.35,751
2671,Ananya Verma,63,Pune,ananyaverma29656@gmail.com,Current,,673
2672,Pooja Khan,24,Solapur,poojakhan334265@gmail.com,Salary,47380.04,587
2673,Mohit Verma,20,Pune,mohitverma976141@gmail.com,Current,12499.04,709
2674,Amit Patil,61,Thane,amitpatil103996@gmail.com,Salary,1208.59,776
2675,Ananya Joshi,48,Mumbai,ananyajoshi880040@gmail.com,Salary,42918.17,829
2676,Kavya Pawar,32,Thane,kavyapawar749521@gmail.com,Salary,5776.51,724
2677,Arjun Singh,36,Pune,arjunsingh681633@gmail.com,Savings,26000.25,
2678,Arjun Sharma,48,Satara,arjunsharma351677@gmail.com,,6235.4,700
2679,Amit Shaikh,59,Pune,amitshaikh829922@gmail.com,Salary,28030.88,734
2680,Arjun Khan,,Ahmednagar,arjunkhan153243@gmail.com,Salary,41895.58,640
2681,Vijay Shaikh,18,Ahmednagar,vijayshaikh144383@gmail.com,Current,36037.16,660
2682,Akash Jadhav,36,Satara,akashjadhav40263@gmail.com,Current,19406.54,643
2683,Riya Verma,70,Satara,riyaverma300914@gmail.com,Savings,948.17,757
2684,Arjun Singh,56,Satara,arjunsingh962059@gmail.com,Current,28757.86,631
2685,Sneha Jadhav,55,Nagpur,snehajadhav870168@gmail.com,Salary,23302.84,588
2686,Akash Pawar,60,Nagpur,akashpawar495504@gmail.com,Savings,6783.21,567
2687,Pooja Joshi,50,Nagpur,poojajoshi729984@gmail.com,Salary,35656.31,588
2688,Pooja Khan,20,Ahmednagar,poojakhan871582@gmail.com,Current,18407.17,753
2689,Karan Joshi,36,Thane,karanjoshi145634@gmail.com,Current,12252.72,673
2690,Kavya Gupta,43,Solapur,kavyagupta795802@gmail.com,Savings,47387.86,647
2691,Ayesha Joshi,37,Ahmednagar,ayeshajoshi739908@gmail.com,Savings,9417.67,677
2692,Sneha Khan,70,Aurangabad,snehakhan491997@gmail.com,Salary,7083.85,700
2693,Rahul Gupta,34,Nagpur,rahulgupta470492@gmail.com,Current,28432.34,748
2694,Ayesha Singh,60,Mumbai,ayeshasingh645339@gmail.com,Current,33454.71,629
2695,Mohit Jadhav,37,Nagpur,mohitjadhav5606@gmail.com,Savings,24456.99,615
2696,Amit Jadhav,36,Nashik,amitjadhav949960@gmail.com,Savings,21908.21,634
2697,Ayesha Shaikh,30,Aurangabad,ayeshashaikh83174@gmail.com,Current,10929.69,658
2698,Pooja Khan,49,Satara,poojakhan20027@gmail.com,Salary,4190.18,570
2699,Karan Verma,70,Mumbai,karanverma268455@gmail.com,Savings,816.09,554
2700,Aditya Jadhav,,Nashik,adityajadhav226230@gmail.com,Current,27561.61,711
2701,Ayesha Gupta,28,Solapur,ayeshagupta875622@gmail.com,Savings,40038.97,847
2702,Kavya Shaikh,45,Solapur,kavyashaikh156882@gmail.com,Savings,18343.13,646
2703,Sneha Jadhav,50,Satara,snehajadhav575562@gmail.com,Salary,11937.97,556
2704,Arjun Jadhav,25,Mumbai,arjunjadhav985998@gmail.com,Current,18750.64,574
2705,Karan Khan,61,Aurangabad,karankhan762660@gmail.com,Current,10223.65,727
2706,Pooja Sharma,26,Thane,poojasharma638557@gmail.com,Savings,8130.03,698
2707,Isha Verma,50,Solapur,ishaverma553508@gmail.com,Current,2955.44,639
2708,Amit Shaikh,21,Kolhapur,amitshaikh443914@gmail.com,Current,20641.54,569
2709,Karan Shaikh,46,Nagpur,karanshaikh116687@gmail.com,Savings,5753.33,838
2710,Aditya Jadhav,37,Pune,adityajadhav813975@gmail.com,Salary,-35526.81,739
2711,Rohan Sharma,30,Aurangabad,rohansharma302196@gmail.com,Salary,27313.85,589
2712,Kavya Sharma,34,Kolhapur,kavyasharma249283@gmail.com,Savings,38169.04,654
2713,Neha Singh,48,Aurangabad,nehasingh315879@gmail.com,Savings,39842.36,835
2714,Rohan Shaikh,35,Pune,rohanshaikh127867@gmail.com,Salary,12731.36,680
2715,Pooja Singh,52,Nagpur,poojasingh50168@gmail.com,Salary,25010.76,829
2716,Vijay Joshi,69,Nagpur,vijayjoshi250121@gmail.com,Salary,36250.78,704
2717,Rohan Sharma,20,Solapur,rohansharma440318@gmail.com,Current,14089.68,832
2718,Isha Khan,44,Nagpur,ishakhan670089@gmail.com,Savings,22996.44,581
2719,Ayesha Jadhav,48,Mumbai,ayeshajadhav832563@gmail.com,Current,30952.75,785
2720,Aditya Verma,35,Satara,adityaverma653164@gmail.com,Current,2443.8,833
2721,Ananya Khan,43,Ahmednagar,ananyakhan479418@gmail.com,Current,13282.84,791
2722,Sahil Shaikh,67,Aurangabad,sahilshaikh65958@gmail.com,Salary,3167.91,695
2723,Mohit Verma,36,Thane,mohitverma116342@gmail.com,Salary,31685.29,781
2724,Kavya Jadhav,49,Nagpur,kavyajadhav877430@gmail.com,Salary,5844.03,833
2725,Ananya Jadhav,27,Mumbai,ananyajadhav949215@gmail.com,,43812.06,830
2726,Aditya Verma,54,Nashik,adityaverma524208@gmail.com,Current,18975.59,565
2727,Rahul Verma,64,Nashik,rahulverma625826@gmail.com,Savings,36010.76,719
2728,Pooja Pawar,49,Kolhapur,poojapawar562193@gmail.com,Savings,4309.9,639
2729,Mohit Patil,68,Ahmednagar,mohitpatil17333@gmail.com,Current,,831
2730,,45,Thane,,Salary,15984.98,781
2731,Mohit Patil,65,Mumbai,mohitpatil662752@gmail.com,Current,24458.53,710
2732,Rohan Pawar,38,Ahmednagar,rohanpawar540510@gmail.com,Current,45129.84,681
2733,Mohit Shaikh,69,Ahmednagar,mohitshaikh603080@gmail.com,Savings,25509.49,731
2734,Arjun Sharma,35,Thane,arjunsharma253790@gmail.com,Current,1212.46,838
2735,Kavya Singh,53,Nagpur,kavyasingh753548@gmail.com,Current,27165.2,705
2736,Mohit Singh,41,Thane,mohitsingh150651@gmail.com,Current,25484.83,581
2737,Karan Verma,36,Ahmednagar,karanverma305520@gmail.com,Salary,4969.25,714
2738,Rohan Verma,64,Satara,rohanverma450189@gmail.com,Salary,25531.48,771
2739,Aditya Gupta,48,Nagpur,adityagupta1740@gmail.com,Savings,15339.83,685
2740,Karan Pawar,25,Ahmednagar,karanpawar644774@gmail.com,Savings,41487.31,579
2741,Mohit Singh,25,Kolhapur,mohitsingh370054@gmail.com,Current,23019.61,792
2742,Ayesha Joshi,,,ayeshajoshi252349@gmail.com,Savings,20851.23,691
2743,Aditya Khan,21,Kolhapur,adityakhan598484@gmail.com,Current,36610.58,
2744,Ayesha Gupta,20,Solapur,ayeshagupta436902@gmail.com,Current,48751.29,732
2745,Amit Patil,48,Mumbai,amitpatil196512@gmail.com,Salary,23822.57,711
2746,Aditya Pawar,32,Pune,adityapawar696743@gmail.com,Savings,22636.08,849
2747,Mohit Khan,23,Kolhapur,mohitkhan700774@gmail.com,Savings,37210.51,602
2748,Arjun Verma,29,Satara,arjunverma89872@gmail.com,Current,17077.49,770
2749,Aditya Sharma,50,Nagpur,adityasharma549013@gmail.com,Savings,33622.46,817
2750,Rohan Khan,54,Mumbai,rohankhan378220@gmail.com,Savings,16456.19,844
2751,Sneha Verma,58,Kolhapur,snehaverma71066@gmail.com,Current,31253.35,
2752,Priya Joshi,28,Nagpur,priyajoshi999816@gmail.com,Savings,38714.8,583
2753,Amit Shaikh,38,Ahmednagar,amitshaikh551713@gmail.com,Current,4901.92,570
2754,Isha Patil,32,Aurangabad,ishapatil570611@gmail.com,Savings,7653.36,642
2755,Isha Joshi,35,Nashik,ishajoshi532071@gmail.com,Current,6611.32,728
2756,Ananya Gupta,38,Ahmednagar,ananyagupta824713@gmail.com,Current,5792.43,636
2757,Ananya Singh,70,Satara,ananyasingh532380@gmail.com,Salary,,581
2758,Pooja Jadhav,61,Nashik,poojajadhav581170@gmail.com,Salary,40681.79,560
2759,Amit Joshi,59,Kolhapur,amitjoshi21422@gmail.com,Salary,8284.87,754
2760,Amit Joshi,52,Kolhapur,amitjoshi409520@gmail.com,Savings,12459.02,614
2761,Amit Sharma,22,Nagpur,amitsharma915854@gmail.com,Current,11953.11,717
2762,Pooja Singh,62,Thane,poojasingh493072@gmail.com,Savings,26156.52,674
2763,Karan Jadhav,56,Kolhapur,karanjadhav45749@gmail.com,Savings,5754.83,600
2764,Priya Khan,29,Nagpur,priyakhan666649@gmail.com,Current,16631.24,838
2765,Sneha Pawar,40,Solapur,snehapawar405774@gmail.com,Current,14583.06,808
2766,Akash Pawar,65,Ahmednagar,akashpawar391535@gmail.com,Current,12577.52,743
2767,Rahul Singh,31,Mumbai,rahulsingh266071@gmail.com,Salary,18915.78,842
2768,Kavya Shaikh,32,Satara,kavyashaikh783718@gmail.com,Salary,42287.53,844
2769,Aditya Shaikh,27,Mumbai,adityashaikh17131@gmail.com,Current,3650.16,788
2770,Arjun Jadhav,37,Nagpur,arjunjadhav374540@gmail.com,Current,21236.39,567
2771,Ananya Singh,48,Aurangabad,ananyasingh826923@gmail.com,Savings,39513.12,575
2772,Rohan Shaikh,20,Nashik,rohanshaikh70941@gmail.com,Salary,48814.52,757
2773,Aditya Sharma,32,Pune,adityasharma361651@gmail.com,Salary,31101.18,
2774,Neha Khan,27,Thane,nehakhan252938@gmail.com,Savings,4874.97,842
2775,Aditya Gupta,19,Kolhapur,adityagupta768644@gmail.com,Current,46658.01,775
2776,Simran Shaikh,41,Aurangabad,simranshaikh689123@gmail.com,Salary,30623.69,710
2777,Mohit Shaikh,57,Kolhapur,mohitshaikh658875@gmail.com,Salary,4039.33,551
2778,Kavya Joshi,33,Thane,kavyajoshi108799@gmail.com,Current,24580.41,788
2779,Vijay Patil,67,Thane,vijaypatil809077@gmail.com,Salary,31234.7,816
2780,Rohan Pawar,42,Aurangabad,rohanpawar610269@gmail.com,Savings,47406.42,722
2781,Arjun Jadhav,32,Mumbai,arjunjadhav770999@gmail.com,Current,12461.87,690
2782,Ananya Jadhav,23,Ahmednagar,ananyajadhav793535@gmail.com,Current,30694.76,601
2783,Neha Pawar,38,Solapur,nehapawar348771@gmail.com,Current,37024.57,781
2784,Ananya Shaikh,35,Ahmednagar,ananyashaikh139990@gmail.com,Salary,1397.12,684
2785,Kavya Singh,56,Satara,kavyasingh46589@gmail.com,Savings,24461.33,574
2786,Mohit Shaikh,28,Pune,mohitshaikh369512@gmail.com,Savings,22393.1,809
2787,Vijay Pawar,64,Mumbai,vijaypawar572636@gmail.com,Salary,5505.47,782
2788,Pooja Shaikh,39,Nashik,poojashaikh355092@gmail.com,Savings,36309.74,587
2789,Rohan Khan,26,Pune,rohankhan853125@gmail.com,Current,9745.05,827
2790,Vijay Gupta,33,Thane,vijaygupta674120@gmail.com,Current,41140.26,717
2791,Mohit Singh,36,Kolhapur,mohitsingh183694@gmail.com,Savings,45423.63,707
2792,Rahul Singh,27,Solapur,rahulsingh870820@gmail.com,Savings,33252.71,733
2793,Ayesha Gupta,33,Thane,ayeshagupta817090@gmail.com,Salary,27912.66,676
2794,Ananya Patil,42,Mumbai,ananyapatil718041@gmail.com,Current,13994.62,779
2795,Rohan Singh,68,Nashik,rohansingh487292@gmail.com,Current,13892.41,847
2796,Priya Pawar,45,Kolhapur,priyapawar729268@gmail.com,Current,17639.82,790
2797,Akash Singh,66,Kolhapur,akashsingh501876@gmail.com,Savings,36382.33,712
2798,Mohit Jadhav,31,Pune,mohitjadhav662523@gmail.com,Savings,24510.62,771
2799,Sneha Sharma,34,Thane,snehasharma191232@gmail.com,Current,22465.19,674
2800,Neha Joshi,36,Mumbai,nehajoshi851016@gmail.com,Salary,35752.16,720
2801,Priya Sharma,55,Mumbai,priyasharma141503@gmail.com,Savings,8873.34,570
2802,Neha Pawar,59,Mumbai,nehapawar66265@gmail.com,Salary,42403.59,736
2803,Mohit Verma,47,Mumbai,mohitverma750927@gmail.com,Salary,27514.06,619
2804,Sneha Joshi,31,Mumbai,snehajoshi813994@gmail.com,Current,38601.69,643
2805,Mohit Patil,18,Ahmednagar,mohitpatil989541@gmail.com,Salary,46725.88,644
2806,Isha Joshi,39,Aurangabad,ishajoshi480011@gmail.com,Savings,23736.56,630
2807,Sahil Gupta,22,Nashik,sahilgupta38880@gmail.com,Current,34528.82,615
2808,Pooja Pawar,36,Satara,poojapawar307796@gmail.com,Savings,6116.83,714
2809,Ananya Singh,41,Nashik,ananyasingh211483@gmail.com,Savings,20999.57,805
2810,Ayesha Singh,20,Aurangabad,ayeshasingh46034@gmail.com,Salary,46430.15,607
2811,Akash Shaikh,70,Nagpur,akashshaikh829638@gmail.com,Current,13336.82,753
2812,Pooja Patil,55,Pune,poojapatil209259@gmail.com,Current,14310.63,604
2813,Pooja Gupta,69,Ahmednagar,poojagupta928918@gmail.com,Current,5487.17,820
2814,Sneha Patil,38,Satara,snehapatil44041@gmail.com,Savings,7639.74,583
2815,Ananya Verma,18,Solapur,ananyaverma331026@gmail.com,Current,16649.24,603
2816,Akash Khan,53,Satara,akashkhan978810@gmail.com,Current,16980.7,833
2817,Pooja Gupta,29,Kolhapur,poojagupta325238@gmail.com,Salary,46124.55,662
2818,Riya Shaikh,19,Mumbai,riyashaikh540518@gmail.com,Salary,46692.72,813
2819,Ayesha Khan,31,Nagpur,ayeshakhan417668@gmail.com,Salary,38725.34,562
2820,Isha Gupta,31,Kolhapur,ishagupta855115@gmail.com,Current,31096.73,739
2821,Riya Verma,40,Pune,riyaverma569508@gmail.com,Salary,24687.35,551
2822,Priya Verma,47,Aurangabad,priyaverma496495@gmail.com,Current,8163.86,784
2823,Sneha Khan,39,Nashik,snehakhan265718@gmail.com,Current,7663.03,818
2824,Arjun Verma,43,Thane,arjunverma38499@gmail.com,Savings,44511.07,703
2825,Ayesha Joshi,34,Kolhapur,ayeshajoshi789982@gmail.com,Savings,25660.92,665
2826,Aditya Joshi,58,Solapur,adityajoshi678424@gmail.com,Current,29877.48,820
2827,Kavya Gupta,65,,kavyagupta200486@gmail.com,Current,23496.38,647
2828,Isha Jadhav,60,Pune,ishajadhav300109@gmail.com,Savings,27841.57,804
2829,Rohan Patil,53,Ahmednagar,rohanpatil374414@gmail.com,Salary,20718.14,838
2830,Ayesha Khan,49,Aurangabad,ayeshakhan904117@gmail.com,Salary,21615.87,567
2831,Isha Joshi,28,Satara,ishajoshi818871@gmail.com,Current,33116.08,661
2832,Neha Verma,42,Kolhapur,nehaverma50226@gmail.com,Salary,31772.22,560
2833,Rahul Singh,67,Satara,rahulsingh907955@gmail.com,Salary,36434.08,674
2834,Neha Sharma,49,Pune,nehasharma687684@gmail.com,Savings,39725.81,643
2835,Riya Khan,40,Ahmednagar,riyakhan348148@gmail.com,Savings,2216.26,700
2836,Vijay Jadhav,22,Kolhapur,vijayjadhav286588@gmail.com,Salary,24470.69,793
2837,Riya Shaikh,69,Ahmednagar,riyashaikh130621@gmail.com,Savings,45351.59,555
2838,Rohan Verma,24,Pune,rohanverma838271@gmail.com,Salary,34706.57,609
2839,Aditya Joshi,22,Nagpur,adityajoshi385996@gmail.com,Savings,22787.68,627
2840,Priya Khan,48,Pune,priyakhan458276@gmail.com,Salary,14531.04,838
2841,Ayesha Khan,19,Ahmednagar,ayeshakhan932794@gmail.com,Savings,39671.17,559
2842,Amit Pawar,27,Nagpur,amitpawar419553@gmail.com,Salary,41885.07,840
2843,Neha Patil,36,Nashik,nehapatil779514@gmail.com,Current,47692.49,566
2844,Priya Joshi,52,Nagpur,priyajoshi461197@gmail.com,Savings,28756.7,557
2845,Rahul Verma,27,Satara,rahulverma938195@gmail.com,Salary,3300.93,603
2846,Priya Singh,38,Nagpur,priyasingh405526@gmail.com,Salary,42428.66,737
2847,Vijay Khan,54,Nashik,vijaykhan355605@gmail.com,Savings,22720.68,791
2848,Vijay Patil,30,Satara,vijaypatil195992@gmail.com,Current,19278.22,730
2849,Priya Patil,50,Satara,priyapatil520406@gmail.com,Salary,-9465.8,699
2850,Amit Pawar,30,Thane,amitpawar725786@gmail.com,Current,39569.1,594
2851,Kavya Sharma,41,Aurangabad,kavyasharma521791@gmail.com,Savings,31005.78,842
2852,Sahil Joshi,33,Mumbai,sahiljoshi385291@gmail.com,Salary,8480.17,743
2853,Simran Verma,28,Mumbai,simranverma969309@gmail.com,Savings,1227.31,610
2854,Akash Gupta,67,Pune,akashgupta836120@gmail.com,Salary,33817.39,757
2855,Priya Khan,62,Nagpur,priyakhan544600@gmail.com,Current,42337.82,744
2856,Akash Joshi,28,Nashik,akashjoshi279776@gmail.com,Salary,3888.64,557
2857,Ananya Joshi,46,Aurangabad,ananyajoshi840164@gmail.com,Salary,38442.34,698
2858,Simran Joshi,41,Nashik,simranjoshi86724@gmail.com,Savings,32656.18,604
2859,Aditya Verma,21,Ahmednagar,adityaverma762500@gmail.com,Salary,25333.61,570
2860,Sneha Patil,41,Ahmednagar,snehapatil445220@gmail.com,Current,40783.73,782
2861,Ayesha Khan,40,Thane,ayeshakhan82860@gmail.com,Current,42963.1,580
2862,,19,Nagpur,,Current,,643
2863,Simran Verma,57,Thane,simranverma451624@gmail.com,Salary,44756.77,693
2864,Kavya Pawar,37,Nashik,kavyapawar631818@gmail.com,Salary,38169.93,848
2865,Riya Pawar,18,Thane,riyapawar862387@gmail.com,Current,44596.46,631
2866,Ananya Pawar,37,Nagpur,ananyapawar189322@gmail.com,Savings,49302.76,804
2867,Aditya Joshi,59,Thane,adityajoshi572071@gmail.com,,32722.54,
2868,Akash Shaikh,28,Thane,akashshaikh308136@gmail.com,Current,46958.68,767
2869,Simran Singh,,Nashik,simransingh336914@gmail.com,Savings,38844.53,600
2870,Karan Shaikh,25,Kolhapur,karanshaikh107681@gmail.com,Current,38233.22,669
2871,Neha Jadhav,56,Solapur,nehajadhav84058@gmail.com,Savings,9133.08,850
2872,Amit Shaikh,68,Thane,amitshaikh343948@gmail.com,Savings,41689.81,748
2873,Neha Shaikh,42,Nashik,nehashaikh693124@gmail.com,Savings,,553
2874,Kavya Pawar,28,Ahmednagar,kavyapawar310100@gmail.com,Salary,22697.6,666
2875,Rohan Pawar,60,Thane,rohanpawar321484@gmail.com,Salary,10393.51,590
2876,Riya Shaikh,50,Nashik,riyashaikh467676@gmail.com,Salary,8901.39,836
2877,Rahul Sharma,63,Kolhapur,rahulsharma631994@gmail.com,Current,,837
2878,Ananya Jadhav,58,Aurangabad,ananyajadhav752624@gmail.com,Savings,39534.77,768
2879,Akash Shaikh,48,Aurangabad,akashshaikh446915@gmail.com,Savings,16596.58,614
2880,Ayesha Joshi,54,Nagpur,ayeshajoshi174839@gmail.com,Salary,21866.72,611
2881,Sahil Jadhav,23,Kolhapur,sahiljadhav723370@gmail.com,Savings,1717.03,668
2882,Ananya Jadhav,35,Ahmednagar,ananyajadhav465571@gmail.com,Salary,1863.04,694
2883,Rahul Singh,38,Kolhapur,rahulsingh368723@gmail.com,Current,22236.53,556
2884,Amit Khan,33,Mumbai,amitkhan468949@gmail.com,Savings,25198.41,780
2885,Pooja Joshi,44,Nashik,poojajoshi44512@gmail.com,Savings,38836.26,705
2886,Priya Shaikh,35,Thane,priyashaikh762220@gmail.com,Current,48441.63,698
2887,Karan Khan,53,Mumbai,karankhan912400@gmail.com,Salary,24303.58,552
2888,Isha Patil,64,Aurangabad,ishapatil955989@gmail.com,Salary,19335.25,756
2889,Aditya Sharma,65,Ahmednagar,adityasharma369785@gmail.com,Salary,21269.78,787
2890,Amit Patil,53,Kolhapur,amitpatil644818@gmail.com,Savings,32613.24,845
2891,Akash Pawar,67,Ahmednagar,akashpawar456168@gmail.com,Savings,4074.48,576
2892,Riya Verma,26,Nagpur,riyaverma287992@gmail.com,Current,,591
2893,Priya Khan,36,Kolhapur,priyakhan670632@gmail.com,Savings,23231.91,702
2894,Sahil Patil,26,Nagpur,sahilpatil830024@gmail.com,Current,13321.98,707
2895,Vijay Singh,58,Satara,vijaysingh994049@gmail.com,Current,3087.63,665
2896,Kavya Singh,63,Mumbai,kavyasingh60244@gmail.com,Salary,40578.07,710
2897,Ayesha Shaikh,69,Satara,ayeshashaikh78786@gmail.com,Current,38567.76,586
2898,Sahil Singh,55,Solapur,sahilsingh703887@gmail.com,Current,39976.15,747
2899,Riya Verma,65,Pune,riyaverma668580@gmail.com,Savings,35271.31,742
2900,Ananya Khan,21,Solapur,ananyakhan426042@gmail.com,Current,21900.71,818
2901,,35,Satara,,Salary,48318.39,566
2902,Sneha Gupta,27,Kolhapur,snehagupta381059@gmail.com,,7445.92,791
2903,Vijay Joshi,68,Thane,vijayjoshi538109@gmail.com,Current,27858.29,738
2904,Rahul Jadhav,65,Pune,rahuljadhav840110@gmail.com,Savings,28206.8,782
2905,Karan Pawar,58,Ahmednagar,karanpawar786425@gmail.com,Salary,3866.44,801
2906,Ananya Verma,45,Aurangabad,ananyaverma712513@gmail.com,Salary,33105.86,797
2907,Ayesha Jadhav,69,Kolhapur,ayeshajadhav167858@gmail.com,Savings,34051.08,808
2908,Isha Patil,34,Ahmednagar,ishapatil999172@gmail.com,Savings,43740.13,829
2909,Kavya Joshi,41,Nashik,kavyajoshi32753@gmail.com,Salary,28202.05,665
2910,Ananya Shaikh,60,Aurangabad,ananyashaikh149815@gmail.com,Current,36581.76,651
2911,Akash Verma,26,Kolhapur,akashverma889994@gmail.com,Salary,31336.22,592
2912,Pooja Patil,33,Aurangabad,poojapatil637186@gmail.com,Savings,35380.99,616
2913,Neha Verma,62,Satara,nehaverma711127@gmail.com,Savings,2855.32,686
2914,Riya Sharma,23,Solapur,riyasharma819364@gmail.com,Current,26619.51,817
2915,Rahul Joshi,33,Satara,rahuljoshi459557@gmail.com,Savings,,784
2916,Amit Shaikh,44,Pune,amitshaikh36589@gmail.com,Savings,,773
2917,Rohan Joshi,35,Pune,rohanjoshi132461@gmail.com,Current,47831.99,677
2918,Riya Khan,57,Thane,riyakhan70599@gmail.com,Current,49518.13,563
2919,Priya Gupta,18,Ahmednagar,priyagupta247559@gmail.com,Salary,47181.31,662
2920,Aditya Jadhav,,Aurangabad,adityajadhav816432@gmail.com,Salary,38905.15,786
2921,Ayesha Sharma,39,Nagpur,ayeshasharma676602@gmail.com,Current,13794.42,672
2922,Amit Verma,36,Thane,amitverma384223@gmail.com,Salary,48749.65,772
2923,Akash Shaikh,,Kolhapur,akashshaikh379842@gmail.com,Savings,16912.12,613
2924,Priya Joshi,39,Mumbai,priyajoshi401551@gmail.com,Savings,1046.04,850
2925,Priya Gupta,,Ahmednagar,priyagupta995688@gmail.com,Current,42988.62,731
2926,Priya Patil,53,Nagpur,priyapatil594899@gmail.com,Savings,5283.82,825
2927,Aditya Jadhav,54,Mumbai,adityajadhav34058@gmail.com,Salary,3657.77,680
2928,Kavya Joshi,67,Kolhapur,kavyajoshi634587@gmail.com,Current,24089.64,667
2929,Ayesha Verma,49,Kolhapur,ayeshaverma160991@gmail.com,Savings,23402.19,731
2930,Priya Joshi,34,Kolhapur,priyajoshi712148@gmail.com,Current,13042.95,550
2931,Arjun Joshi,47,Satara,arjunjoshi471878@gmail.com,Savings,9177.32,649
2932,Vijay Sharma,57,Kolhapur,vijaysharma995013@gmail.com,Salary,41996.43,658
2933,Sahil Jadhav,47,Ahmednagar,sahiljadhav389084@gmail.com,Salary,5671.67,713
2934,Isha Pawar,19,Nashik,ishapawar390184@gmail.com,Salary,9265.39,596
2935,Riya Jadhav,44,Mumbai,riyajadhav465604@gmail.com,Savings,49174.38,568
2936,Rahul Pawar,31,Ahmednagar,rahulpawar800252@gmail.com,Savings,4100.37,576
2937,Mohit Khan,38,Kolhapur,mohitkhan80720@gmail.com,Current,49360.47,721
2938,Akash Jadhav,38,Kolhapur,akashjadhav601900@gmail.com,Salary,35197.27,645
2939,Rahul Shaikh,31,Mumbai,rahulshaikh144483@gmail.com,Salary,10164.21,686
2940,Pooja Singh,27,Satara,poojasingh555278@gmail.com,Current,,837
2941,Ayesha Verma,32,Kolhapur,ayeshaverma384874@gmail.com,Current,21474.62,850
2942,Vijay Singh,58,Pune,vijaysingh417468@gmail.com,Current,35340.22,570
2943,Vijay Singh,45,Nashik,vijaysingh329757@gmail.com,Current,34283.65,604
2944,Ayesha Jadhav,20,Kolhapur,ayeshajadhav681213@gmail.com,Salary,44071.58,814
2945,Akash Verma,18,Nashik,akashverma292327@gmail.com,Salary,45175.47,748
2946,Pooja Khan,45,Nagpur,poojakhan261836@gmail.com,Salary,23600.84,720
2947,Ayesha Shaikh,19,Mumbai,ayeshashaikh119059@gmail.com,Savings,33758.02,566
2948,Mohit Patil,26,Nashik,mohitpatil27272@gmail.com,Current,20030.94,620
2949,Neha Sharma,47,Thane,nehasharma771511@gmail.com,Current,34781.66,792
2950,Pooja Verma,61,Mumbai,poojaverma195185@gmail.com,Salary,3917.7,
2951,Vijay Gupta,36,Nagpur,vijaygupta523385@gmail.com,Current,684.12,630
2952,Ayesha Khan,18,Pune,ayeshakhan542995@gmail.com,Savings,21801.72,780
2953,Neha Sharma,60,Mumbai,nehasharma405885@gmail.com,Salary,31621.71,802
2954,Simran Verma,56,Solapur,simranverma958018@gmail.com,Current,41830.37,793
2955,Vijay Pawar,59,Ahmednagar,vijaypawar589056@gmail.com,Salary,14683.51,630
2956,Riya Joshi,44,Solapur,riyajoshi123581@gmail.com,Savings,46567.35,783
2957,Isha Verma,68,Nagpur,ishaverma274592@gmail.com,Current,3717.47,656
2958,Simran Joshi,55,Thane,simranjoshi812709@gmail.com,Salary,45541.28,784
2959,Rohan Khan,33,Ahmednagar,rohankhan273033@gmail.com,Current,31289.84,643
2960,Ananya Singh,41,Pune,ananyasingh738337@gmail.com,Savings,4152.86,730
2961,Rahul Singh,42,Thane,rahulsingh468051@gmail.com,Salary,972.17,743
2962,Sneha Patil,60,Kolhapur,snehapatil225093@gmail.com,Savings,11708.04,651
2963,Neha Patil,55,Ahmednagar,nehapatil641699@gmail.com,Current,39729.93,741
2964,Priya Khan,,Pune,priyakhan299549@gmail.com,,12479.85,580
2965,Ananya Gupta,33,Thane,ananyagupta727791@gmail.com,Current,23518.78,806
2966,Akash Joshi,39,Thane,akashjoshi961097@gmail.com,Savings,40920.86,808
2967,Amit Sharma,44,Satara,amitsharma515160@gmail.com,Current,27440.03,824
2968,Amit Sharma,26,Aurangabad,amitsharma210002@gmail.com,Salary,2043.13,643
2969,Priya Verma,70,Mumbai,priyaverma128694@gmail.com,Salary,,810
2970,Neha Singh,45,Nashik,nehasingh142421@gmail.com,Salary,22449.79,823
2971,Ayesha Singh,20,Thane,ayeshasingh894353@gmail.com,Current,14316.68,786
2972,Priya Pawar,21,Nashik,priyapawar77749@gmail.com,Current,22257.93,621
2973,Rahul Jadhav,34,Thane,rahuljadhav474101@gmail.com,Savings,11921.13,
2974,Neha Gupta,24,Ahmednagar,nehagupta181143@gmail.com,Salary,38009.18,665
2975,Kavya Shaikh,70,Aurangabad,kavyashaikh942433@gmail.com,Savings,43004.7,617
2976,Amit Shaikh,56,Kolhapur,amitshaikh748122@gmail.com,Current,1448.18,742
2977,Riya Shaikh,30,Satara,riyashaikh466832@gmail.com,Savings,11550.92,733
2978,Kavya Pawar,59,Ahmednagar,kavyapawar92155@gmail.com,Savings,11618.25,636
2979,Karan Jadhav,40,Nashik,karanjadhav849984@gmail.com,Current,33018.62,550
2980,Aditya Khan,66,Solapur,adityakhan715154@gmail.com,Salary,32026.03,842
2981,Rahul Jadhav,62,Nagpur,rahuljadhav886693@gmail.com,Salary,3090.42,601
2982,Mohit Patil,62,Solapur,mohitpatil335212@gmail.com,Current,41855.73,551
2983,Riya Khan,56,Pune,riyakhan700380@gmail.com,Salary,35877.87,687
2984,Kavya Joshi,70,Aurangabad,kavyajoshi364401@gmail.com,Salary,23464.38,586
2985,Simran Khan,57,Ahmednagar,simrankhan744107@gmail.com,Savings,35507.61,703
2986,Simran Singh,63,Nashik,simransingh68193@gmail.com,Salary,1070.53,689
2987,Akash Jadhav,18,Aurangabad,akashjadhav576813@gmail.com,Salary,46907.8,744
2988,Rahul Khan,62,Ahmednagar,rahulkhan568607@gmail.com,Salary,23993.75,847
2989,Sahil Joshi,30,Kolhapur,sahiljoshi304566@gmail.com,Current,4884.54,558
2990,Aditya Verma,52,Aurangabad,adityaverma934729@gmail.com,Savings,49349.92,825
2991,Pooja Khan,46,Kolhapur,poojakhan314627@gmail.com,Salary,23718.02,721
2992,Vijay Sharma,70,Nagpur,vijaysharma892817@gmail.com,Salary,3579.0,559
2993,Priya Verma,58,Aurangabad,priyaverma165256@gmail.com,Salary,38679.72,755
2994,Riya Singh,65,Nashik,riyasingh746485@gmail.com,Current,34908.96,764
2995,Rahul Gupta,29,Satara,rahulgupta744131@gmail.com,,16933.7,846
2996,Priya Jadhav,70,Thane,priyajadhav972470@gmail.com,Salary,34014.47,661
2997,Isha Sharma,52,Thane,ishasharma734333@gmail.com,Current,49391.27,643
2998,Vijay Singh,21,Nashik,vijaysingh668776@gmail.com,Savings,31369.99,704
2999,Aditya Patil,63,Nashik,adityapatil182647@gmail.com,Salary,19488.26,633
3000,Amit Shaikh,32,Kolhapur,amitshaikh832350@gmail.com,Current,21398.09,747
3001,Karan Gupta,45,Nashik,karangupta379152@gmail.com,Savings,7024.48,
3002,Ayesha Verma,62,Satara,ayeshaverma533569@gmail.com,Savings,16220.23,796
3003,Rohan Patil,19,Nashik,rohanpatil235234@gmail.com,Savings,33430.34,806
3004,Ayesha Shaikh,54,Solapur,ayeshashaikh127357@gmail.com,Salary,27560.98,845
3005,Rahul Joshi,24,Kolhapur,rahuljoshi210843@gmail.com,Current,28128.92,830
3006,Sahil Patil,68,Solapur,sahilpatil830641@gmail.com,Savings,39143.83,821
3007,Ananya Pawar,45,Nagpur,ananyapawar145722@gmail.com,Salary,15469.46,773
3008,Vijay Singh,69,Solapur,vijaysingh248335@gmail.com,Current,5018.6,790
3009,Ananya Verma,19,Solapur,ananyaverma828866@gmail.com,Current,4539.06,593
3010,Kavya Sharma,30,Pune,kavyasharma518119@gmail.com,Savings,34460.83,822
3011,Pooja Khan,20,Pune,poojakhan27660@gmail.com,Salary,16125.27,597
3012,,65,Aurangabad,,Savings,21256.65,721
3013,Mohit Pawar,54,Mumbai,mohitpawar378527@gmail.com,Current,28546.39,598
3014,Ayesha Patil,54,Pune,ayeshapatil581033@gmail.com,Salary,3751.83,790
3015,Akash Verma,51,Satara,akashverma600176@gmail.com,Savings,27915.23,570
3016,,55,Satara,,Current,25160.19,614
3017,Arjun Patil,39,Satara,arjunpatil386931@gmail.com,Savings,49425.85,834
3018,Ayesha Patil,56,Nashik,ayeshapatil490210@gmail.com,Salary,16421.97,698
3019,Sahil Patil,69,Thane,sahilpatil842800@gmail.com,Savings,22160.92,838
3020,Ayesha Jadhav,39,Solapur,ayeshajadhav578543@gmail.com,Salary,3087.76,551
3021,Rahul Jadhav,62,Kolhapur,rahuljadhav136174@gmail.com,Current,47020.75,702
3022,Amit Gupta,22,Nashik,amitgupta641774@gmail.com,Current,,588
3023,Vijay Verma,24,Nagpur,vijayverma927299@gmail.com,Salary,15056.05,635
3024,Akash Singh,20,Thane,akashsingh90503@gmail.com,Current,16156.15,772
3025,Priya Verma,55,Kolhapur,priyaverma69041@gmail.com,Salary,31344.7,834
3026,Sahil Singh,59,Nagpur,sahilsingh324414@gmail.com,Salary,47636.12,818
3027,Sahil Sharma,49,Thane,sahilsharma417600@gmail.com,Salary,15874.44,568
3028,Rahul Khan,58,Ahmednagar,rahulkhan751859@gmail.com,Current,45493.65,693
3029,Karan Singh,63,Thane,karansingh753889@gmail.com,Current,44925.79,770
3030,Arjun Joshi,26,Satara,arjunjoshi502016@gmail.com,Current,10488.65,760
3031,Sahil Patil,66,Solapur,sahilpatil551331@gmail.com,Salary,11567.77,778
3032,Sahil Gupta,43,Solapur,sahilgupta430849@gmail.com,Savings,24435.03,759
3033,Sahil Sharma,50,Nagpur,sahilsharma806627@gmail.com,Salary,26450.08,777
3034,Mohit Joshi,42,Nagpur,mohitjoshi429422@gmail.com,Salary,19264.78,757
3035,Sneha Shaikh,37,Kolhapur,snehashaikh863433@gmail.com,Current,29799.17,605
3036,Ananya Sharma,22,Nashik,ananyasharma602926@gmail.com,Current,10900.62,749
3037,Rohan Joshi,33,Satara,rohanjoshi77433@gmail.com,Salary,23973.13,644
3038,Sneha Gupta,,Ahmednagar,snehagupta131514@gmail.com,Savings,30238.61,631
3039,Arjun Singh,64,Kolhapur,arjunsingh332527@gmail.com,Savings,32978.58,680
3040,Priya Gupta,28,Aurangabad,priyagupta673640@gmail.com,Current,38720.75,658
3041,Karan Sharma,68,Mumbai,karansharma77867@gmail.com,Current,36335.94,791
3042,Mohit Jadhav,29,Kolhapur,mohitjadhav471932@gmail.com,Savings,38039.29,657
3043,Akash Jadhav,60,Kolhapur,akashjadhav488561@gmail.com,Current,9670.7,700
3044,Kavya Jadhav,63,Satara,kavyajadhav713245@gmail.com,Savings,20165.32,842
3045,Rohan Joshi,50,Pune,rohanjoshi542591@gmail.com,Current,8654.01,599
3046,Pooja Sharma,66,Aurangabad,poojasharma361349@gmail.com,Savings,6583.98,841
3047,Riya Khan,24,Satara,riyakhan134668@gmail.com,Current,2041.85,622
3048,Ananya Sharma,41,Solapur,ananyasharma920707@gmail.com,Savings,16442.6,604
3049,Ananya Patil,33,Satara,ananyapatil869425@gmail.com,Savings,45610.38,
3050,Simran Singh,63,Thane,simransingh818264@gmail.com,Current,29092.19,596
3051,Karan Joshi,48,Pune,karanjoshi578183@gmail.com,Current,15148.34,
3052,Sneha Pawar,39,Mumbai,snehapawar670972@gmail.com,Current,5046.5,704
3053,Arjun Shaikh,57,Aurangabad,arjunshaikh616438@gmail.com,Salary,34952.32,567
3054,Arjun Joshi,52,Pune,arjunjoshi190902@gmail.com,Salary,38084.22,725
3055,Rahul Khan,30,Solapur,rahulkhan805177@gmail.com,Savings,10955.76,697
3056,Ananya Gupta,26,Mumbai,ananyagupta135400@gmail.com,Current,,600
3057,Rohan Pawar,32,Thane,rohanpawar453733@gmail.com,Savings,28510.92,633
3058,Riya Sharma,32,Mumbai,riyasharma527390@gmail.com,Salary,36707.84,785
3059,Kavya Patil,67,Ahmednagar,kavyapatil955051@gmail.com,Salary,27645.3,645
3060,Sahil Gupta,18,Satara,sahilgupta910485@gmail.com,Current,30531.85,801
3061,Karan Sharma,50,Satara,karansharma58204@gmail.com,Salary,38226.88,627
3062,Kavya Khan,26,Satara,kavyakhan871876@gmail.com,Salary,5353.11,846
3063,Mohit Verma,70,Nagpur,mohitverma130292@gmail.com,Salary,5617.95,730
3064,,35,Aurangabad,,Salary,17631.59,779
3065,Amit Joshi,58,Thane,amitjoshi543369@gmail.com,Savings,21047.39,656
3066,Sneha Jadhav,70,Aurangabad,snehajadhav160548@gmail.com,Savings,26839.09,631
3067,Karan Singh,59,Kolhapur,karansingh318997@gmail.com,Salary,46495.86,
3068,Pooja Patil,44,Nashik,poojapatil172755@gmail.com,Current,43829.61,670
3069,Vijay Pawar,22,Satara,vijaypawar169934@gmail.com,Salary,31889.4,575
3070,Isha Joshi,34,Kolhapur,ishajoshi338434@gmail.com,Current,10142.1,846
3071,Amit Pawar,34,Mumbai,amitpawar980243@gmail.com,Salary,36755.77,655
3072,Aditya Shaikh,29,Solapur,adityashaikh743888@gmail.com,Savings,42477.24,675
3073,Ananya Pawar,40,Mumbai,ananyapawar236522@gmail.com,Current,,805
3074,Simran Joshi,68,Pune,simranjoshi362931@gmail.com,Salary,37154.48,596
3075,Ananya Joshi,35,Nashik,ananyajoshi993608@gmail.com,,26096.97,623
3076,Ayesha Patil,24,Ahmednagar,ayeshapatil986709@gmail.com,Salary,44948.35,601
3077,Pooja Khan,,Thane,poojakhan544203@gmail.com,Savings,785.64,
3078,Sahil Verma,43,Thane,sahilverma938497@gmail.com,Current,12872.72,834
3079,Ayesha Gupta,27,Thane,ayeshagupta297946@gmail.com,Current,5117.63,725
3080,Ananya Verma,26,Thane,ananyaverma887125@gmail.com,Current,15143.0,808
3081,Riya Khan,63,Aurangabad,riyakhan82790@gmail.com,Current,31774.14,842
3082,Akash Patil,30,Nagpur,akashpatil262878@gmail.com,Current,12984.79,846
3083,Amit Patil,64,Thane,amitpatil205937@gmail.com,Savings,,696
3084,Sneha Singh,43,Thane,snehasingh666005@gmail.com,Salary,27578.2,809
3085,Kavya Singh,59,Satara,kavyasingh577699@gmail.com,Savings,,553
3086,Ananya Patil,50,Thane,ananyapatil287882@gmail.com,Savings,36609.93,746
3087,Priya Joshi,47,Kolhapur,priyajoshi131350@gmail.com,Savings,20960.04,847
3088,Karan Verma,35,Nashik,karanverma655483@gmail.com,Salary,44385.59,850
3089,Arjun Sharma,40,Kolhapur,arjunsharma317634@gmail.com,Current,12719.18,641
3090,Akash Sharma,29,Kolhapur,akashsharma644374@gmail.com,Current,30721.45,707
3091,Akash Verma,56,Kolhapur,akashverma559492@gmail.com,Savings,4301.67,795
3092,Isha Sharma,69,Pune,ishasharma98066@gmail.com,Current,24943.3,720
3093,Vijay Sharma,51,Aurangabad,vijaysharma527086@gmail.com,Current,16102.91,727
3094,Simran Sharma,24,Aurangabad,simransharma672224@gmail.com,Salary,10688.93,778
3095,Sneha Joshi,,Thane,snehajoshi176927@gmail.com,Savings,49059.98,804
3096,Arjun Patil,40,Thane,arjunpatil620656@gmail.com,Current,5189.48,651
3097,Aditya Jadhav,37,Nagpur,adityajadhav987446@gmail.com,Current,29537.3,567
3098,Akash Patil,64,Nashik,akashpatil608951@gmail.com,Current,14726.14,731
3099,Priya Singh,28,Aurangabad,priyasingh161784@gmail.com,Savings,35793.49,659
3100,Pooja Verma,35,Nagpur,poojaverma179616@gmail.com,Savings,26181.96,672
3101,Sneha Verma,28,Satara,snehaverma690831@gmail.com,Current,34016.79,583
3102,Amit Jadhav,33,Nashik,amitjadhav654913@gmail.com,Salary,23165.61,561
3103,Karan Singh,58,Satara,karansingh755738@gmail.com,Current,37218.68,784
3104,Ananya Verma,18,Ahmednagar,ananyaverma945916@gmail.com,Savings,1124.06,829
3105,Pooja Patil,51,Pune,poojapatil634634@gmail.com,Savings,4068.1,808
3106,Mohit Pawar,34,Solapur,mohitpawar354119@gmail.com,Salary,22787.13,568
3107,Vijay Khan,53,Satara,vijaykhan883556@gmail.com,Salary,7093.76,752
3108,Ayesha Singh,56,Mumbai,ayeshasingh968910@gmail.com,Salary,11938.27,754
3109,Karan Pawar,26,Aurangabad,karanpawar591096@gmail.com,Savings,15487.07,613
3110,Riya Joshi,58,Kolhapur,riyajoshi43295@gmail.com,Savings,43573.87,577
3111,Mohit Patil,22,Satara,mohitpatil865422@gmail.com,Savings,16240.85,688
3112,Karan Pawar,53,Mumbai,karanpawar905840@gmail.com,Savings,7307.15,831
3113,Karan Sharma,48,Thane,karansharma29851@gmail.com,Savings,2595.52,693
3114,Sahil Gupta,33,Ahmednagar,sahilgupta85268@gmail.com,Current,45312.53,736
3115,Neha Khan,20,Solapur,nehakhan47770@gmail.com,Salary,29744.23,715
3116,Amit Jadhav,18,Ahmednagar,amitjadhav994723@gmail.com,Salary,1408.59,581
3117,Amit Pawar,56,Nashik,amitpawar672712@gmail.com,Salary,17410.89,844
3118,Simran Pawar,56,Mumbai,simranpawar808575@gmail.com,Salary,44102.22,606
3119,Ayesha Patil,58,Kolhapur,ayeshapatil604888@gmail.com,Salary,22083.95,747
3120,Akash Verma,32,Satara,akashverma277611@gmail.com,Current,35948.74,706
3121,Rahul Patil,69,Pune,rahulpatil682859@gmail.com,Salary,17348.71,593
3122,Arjun Patil,18,Kolhapur,arjunpatil221148@gmail.com,Current,10235.89,681
3123,Rahul Pawar,19,Ahmednagar,rahulpawar804314@gmail.com,Current,47192.33,798
3124,Simran Jadhav,24,Nagpur,simranjadhav600029@gmail.com,Salary,6533.24,558
3125,Simran Khan,27,Satara,simrankhan436922@gmail.com,Salary,6920.33,800
3126,Riya Gupta,34,Aurangabad,riyagupta648233@gmail.com,Savings,38503.58,794
3127,Ananya Singh,58,Solapur,ananyasingh670130@gmail.com,Current,25800.38,770
3128,Ananya Sharma,19,Aurangabad,ananyasharma31857@gmail.com,Current,15353.02,644
3129,Simran Joshi,35,Satara,simranjoshi522330@gmail.com,Savings,10319.24,752
3130,Sahil Sharma,34,Aurangabad,sahilsharma932280@gmail.com,Salary,11647.53,657
3131,Neha Verma,38,Mumbai,nehaverma657729@gmail.com,Salary,32322.01,780
3132,Pooja Gupta,27,Satara,poojagupta572179@gmail.com,Current,,642
3133,Isha Joshi,27,Aurangabad,ishajoshi303842@gmail.com,Current,45706.79,772
3134,Akash Pawar,0,Nagpur,akashpawar673188@gmail.com,Savings,39997.39,654
3135,Akash Verma,26,Kolhapur,akashverma316868@gmail.com,Savings,49862.28,791
3136,Neha Sharma,20,Solapur,nehasharma506504@gmail.com,Current,36107.28,594
3137,Amit Pawar,48,Thane,amitpawar256873@gmail.com,Savings,,645
3138,Sneha Shaikh,42,Thane,snehashaikh843876@gmail.com,Savings,13347.06,828
3139,Sneha Khan,65,Ahmednagar,snehakhan846667@gmail.com,Salary,2633.41,813
3140,Isha Pawar,35,Nashik,ishapawar718364@gmail.com,Savings,18579.22,756
3141,Pooja Pawar,62,Kolhapur,poojapawar425918@gmail.com,Salary,15523.45,830
3142,Simran Joshi,18,Pune,simranjoshi311982@gmail.com,Savings,37850.43,657
3143,Ananya Joshi,25,Thane,ananyajoshi475675@gmail.com,Savings,24576.56,620
3144,Rahul Joshi,54,Solapur,rahuljoshi76617@gmail.com,Savings,6791.84,627
3145,Vijay Verma,60,Ahmednagar,vijayverma722163@gmail.com,Savings,46848.52,595
3146,Rohan Shaikh,64,,rohanshaikh62923@gmail.com,Salary,32650.04,680
3147,Kavya Sharma,57,Aurangabad,kavyasharma165859@gmail.com,Salary,12986.26,598
3148,Arjun Gupta,62,Pune,arjungupta461059@gmail.com,Savings,31422.06,837
3149,Pooja Jadhav,68,Satara,poojajadhav435910@gmail.com,Salary,33801.18,747
3150,Arjun Pawar,21,Satara,arjunpawar507874@gmail.com,Current,30111.55,685
3151,Simran Shaikh,35,Nashik,simranshaikh487102@gmail.com,Current,20472.0,724
3152,Rohan Shaikh,40,Mumbai,rohanshaikh214033@gmail.com,Salary,33154.01,580
3153,Akash Joshi,,Mumbai,akashjoshi356817@gmail.com,Current,37302.92,687
3154,Priya Singh,42,Satara,priyasingh636229@gmail.com,Savings,49394.4,728
3155,Neha Sharma,52,Kolhapur,nehasharma150747@gmail.com,Current,27240.21,743
3156,Priya Singh,28,Pune,priyasingh327866@gmail.com,Current,38618.64,610
3157,Riya Jadhav,55,Aurangabad,riyajadhav903432@gmail.com,Savings,20841.25,692
3158,Sahil Shaikh,34,Solapur,sahilshaikh753358@gmail.com,Current,41409.17,587
3159,Pooja Patil,64,Thane,poojapatil334927@gmail.com,Current,18728.01,756
3160,Vijay Khan,67,Kolhapur,vijaykhan769964@gmail.com,Savings,2940.28,562
3161,Isha Pawar,,Pune,ishapawar902690@gmail.com,Current,38573.14,729
3162,Mohit Sharma,25,Ahmednagar,mohitsharma362247@gmail.com,Savings,4740.0,664
3163,Simran Singh,66,Ahmednagar,simransingh418184@gmail.com,Savings,39113.38,695
3164,Isha Khan,20,Satara,ishakhan137218@gmail.com,Current,3058.19,798
3165,Sahil Sharma,39,Kolhapur,sahilsharma797715@gmail.com,Savings,28231.39,
3166,Sneha Patil,63,Solapur,snehapatil388639@gmail.com,Savings,11818.97,788
3167,Arjun Khan,61,Satara,arjunkhan540095@gmail.com,Savings,2105.92,696
3168,Kavya Pawar,59,Thane,kavyapawar589033@gmail.com,Salary,12333.55,674
3169,,,Nagpur,,Current,3200.93,572
3170,Karan Shaikh,60,Satara,karanshaikh111441@gmail.com,Current,2282.9,675
3171,Riya Khan,43,Aurangabad,riyakhan334717@gmail.com,Salary,37863.2,726
3172,Ayesha Verma,38,Satara,ayeshaverma253580@gmail.com,Salary,29429.64,657
3173,Ananya Joshi,31,Satara,ananyajoshi489231@gmail.com,Salary,29820.75,750
3174,Akash Shaikh,51,Aurangabad,akashshaikh128573@gmail.com,Savings,15667.26,686
3175,,58,Thane,,Savings,46671.63,622
3176,Priya Verma,27,Solapur,priyaverma280564@gmail.com,Salary,45632.45,670
3177,Akash Verma,68,Nagpur,akashverma471535@gmail.com,Savings,2749.55,710
3178,Kavya Pawar,37,Solapur,kavyapawar260061@gmail.com,Salary,30481.51,838
3179,Karan Shaikh,32,Nashik,karanshaikh147820@gmail.com,Salary,32440.6,598
3180,Arjun Khan,60,Solapur,arjunkhan101614@gmail.com,Salary,31760.82,818
3181,Akash Khan,68,Thane,akashkhan53163@gmail.com,Salary,36688.87,617
3182,Rahul Pawar,61,Mumbai,rahulpawar304409@gmail.com,Savings,27259.7,623
3183,Ananya Verma,19,Aurangabad,ananyaverma991407@gmail.com,Salary,35024.14,843
3184,Ananya Patil,69,Ahmednagar,ananyapatil402910@gmail.com,Salary,13411.78,763
3185,Vijay Pawar,31,Thane,vijaypawar906241@gmail.com,Savings,2132.33,615
3186,Sahil Jadhav,52,Aurangabad,sahiljadhav645370@gmail.com,Salary,22512.84,693
3187,Rahul Gupta,45,Solapur,rahulgupta438546@gmail.com,Current,38508.35,758
3188,Mohit Khan,54,Nashik,mohitkhan260430@gmail.com,Savings,33991.88,567
3189,Rohan Joshi,,Mumbai,rohanjoshi907440@gmail.com,Salary,19307.64,770
3190,Karan Pawar,44,Kolhapur,karanpawar946241@gmail.com,Current,7708.47,764
3191,Sneha Jadhav,49,Solapur,snehajadhav167557@gmail.com,Salary,35923.24,768
3192,Karan Khan,24,Satara,karankhan853093@gmail.com,Savings,34952.86,742
3193,Sneha Verma,28,Pune,snehaverma343441@gmail.com,Salary,25692.96,558
3194,Neha Shaikh,56,Mumbai,nehashaikh979209@gmail.com,Salary,28139.47,738
3195,Kavya Patil,28,Pune,kavyapatil605848@gmail.com,Salary,8066.37,846
3196,Sahil Jadhav,63,Pune,sahiljadhav756257@gmail.com,Savings,25598.95,846
3197,Arjun Sharma,48,Nagpur,arjunsharma328005@gmail.com,Savings,23779.19,653
3198,Sahil Verma,34,Mumbai,sahilverma199155@gmail.com,Savings,13227.11,817
3199,Neha Singh,31,Thane,nehasingh800290@gmail.com,Current,10966.46,623
3200,Aditya Gupta,57,Nashik,adityagupta167182@gmail.com,Current,35081.76,823
3201,Mohit Shaikh,30,Nagpur,mohitshaikh522569@gmail.com,Current,34700.73,798
3202,Simran Shaikh,33,Solapur,simranshaikh539828@gmail.com,Current,47092.37,617
3203,Riya Singh,44,Nashik,riyasingh489591@gmail.com,Savings,16742.96,708
3204,Rahul Sharma,52,Nashik,rahulsharma523087@gmail.com,Salary,46444.09,847
3205,Aditya Pawar,44,Kolhapur,adityapawar921877@gmail.com,Current,29377.31,610
3206,Ayesha Khan,24,Solapur,ayeshakhan323628@gmail.com,Current,20976.03,638
3207,Karan Gupta,48,Nashik,karangupta521630@gmail.com,Current,23483.96,823
3208,Ananya Gupta,28,Kolhapur,ananyagupta24402@gmail.com,Salary,49974.51,588
3209,Kavya Patil,70,Kolhapur,kavyapatil94523@gmail.com,Current,10096.03,606
3210,Ayesha Khan,26,Nashik,ayeshakhan991248@gmail.com,Current,9911.18,708
3211,Rahul Patil,32,Nagpur,rahulpatil412444@gmail.com,Salary,23054.76,660
3212,Pooja Patil,54,Nagpur,poojapatil530096@gmail.com,Savings,18493.6,839
3213,Sahil Shaikh,40,Satara,sahilshaikh479541@gmail.com,Current,35804.9,704
3214,Neha Shaikh,51,Solapur,nehashaikh252522@gmail.com,Current,47066.23,792
3215,Priya Jadhav,42,Solapur,priyajadhav225695@gmail.com,Salary,6169.26,703
3216,Ananya Singh,61,Kolhapur,ananyasingh611780@gmail.com,Salary,19209.06,803
3217,Aditya Shaikh,26,Thane,adityashaikh370137@gmail.com,Current,39738.03,833
3218,Priya Khan,61,Nashik,priyakhan51121@gmail.com,Current,41668.17,712
3219,Arjun Verma,25,Mumbai,arjunverma53095@gmail.com,Current,3204.35,711
3220,Kavya Gupta,34,Kolhapur,kavyagupta295123@gmail.com,Savings,40737.79,832
3221,Riya Singh,39,Ahmednagar,riyasingh519034@gmail.com,Current,24562.97,648
3222,Arjun Pawar,29,Ahmednagar,arjunpawar626643@gmail.com,Savings,45906.1,644
3223,Riya Jadhav,65,Ahmednagar,riyajadhav925299@gmail.com,Savings,42652.43,
3224,Rahul Sharma,49,Pune,rahulsharma883891@gmail.com,Current,18558.35,614
3225,Rohan Pawar,,Pune,rohanpawar686141@gmail.com,Salary,43916.59,795
3226,Vijay Jadhav,69,Kolhapur,vijayjadhav705288@gmail.com,Current,24930.06,607
3227,Sneha Pawar,39,Kolhapur,snehapawar493546@gmail.com,Savings,5481.45,661
3228,Vijay Shaikh,31,Satara,vijayshaikh299728@gmail.com,,47963.2,826
3229,Mohit Gupta,43,Nashik,mohitgupta562861@gmail.com,Current,47613.73,715
3230,Ananya Khan,46,Thane,ananyakhan8674@gmail.com,Salary,33873.2,799
3231,Akash Singh,31,Kolhapur,akashsingh888424@gmail.com,Salary,39550.45,689
3232,Karan Joshi,37,Mumbai,karanjoshi112818@gmail.com,Salary,24736.89,623
3233,Kavya Sharma,44,Pune,kavyasharma451960@gmail.com,Current,29063.56,566
3234,Akash Gupta,47,Ahmednagar,akashgupta140540@gmail.com,Salary,34164.86,739
3235,Pooja Sharma,34,Pune,poojasharma925421@gmail.com,Current,12062.0,846
3236,Neha Patil,55,Nagpur,nehapatil277419@gmail.com,Savings,25055.24,594
3237,Vijay Verma,37,Satara,vijayverma762947@gmail.com,Current,8304.06,798
3238,Riya Joshi,26,Aurangabad,riyajoshi383645@gmail.com,Savings,3041.0,695
3239,Sahil Jadhav,54,Pune,sahiljadhav801061@gmail.com,Savings,21209.56,678
3240,Akash Gupta,57,Pune,akashgupta422942@gmail.com,Current,17990.58,743
3241,Aditya Jadhav,49,Solapur,adityajadhav383813@gmail.com,Savings,44286.17,699
3242,Riya Sharma,,Mumbai,riyasharma47540@gmail.com,Salary,35843.9,841
3243,Karan Verma,65,Thane,karanverma420140@gmail.com,Savings,3541.53,668
3244,Amit Sharma,30,Solapur,amitsharma53742@gmail.com,Salary,40429.11,763
3245,Karan Verma,21,Nashik,karanverma598083@gmail.com,Savings,12358.07,648
3246,Ananya Singh,54,Kolhapur,ananyasingh589207@gmail.com,Current,45094.03,616
3247,Mohit Jadhav,41,Thane,mohitjadhav204210@gmail.com,Salary,6184.31,671
3248,Priya Verma,56,Nagpur,priyaverma380233@gmail.com,Current,1688.23,597
3249,Ananya Singh,68,Pune,ananyasingh580196@gmail.com,Salary,20570.44,787
3250,Ananya Gupta,34,Nagpur,ananyagupta302720@gmail.com,Current,18703.72,586
3251,Rahul Joshi,63,Nashik,rahuljoshi77203@gmail.com,Savings,39934.93,764
3252,Arjun Jadhav,36,Satara,arjunjadhav405216@gmail.com,Savings,9732.48,729
3253,Sneha Verma,68,Nagpur,snehaverma528850@gmail.com,Savings,19124.46,756
3254,Kavya Verma,,Pune,kavyaverma472330@gmail.com,Salary,7761.26,769
3255,Mohit Patil,46,Nagpur,mohitpatil801635@gmail.com,Salary,29213.82,842
3256,Kavya Khan,26,Nagpur,kavyakhan576666@gmail.com,Salary,20203.32,760
3257,Vijay Pawar,33,Solapur,vijaypawar293408@gmail.com,Current,33325.08,692
3258,Mohit Verma,52,Solapur,mohitverma865501@gmail.com,Salary,4022.26,620
3259,Rohan Patil,42,Nashik,rohanpatil653616@gmail.com,Salary,21207.11,674
3260,Kavya Shaikh,42,Solapur,kavyashaikh713549@gmail.com,,49791.22,729
3261,Riya Khan,,Nagpur,riyakhan640825@gmail.com,Current,37865.44,840
3262,Arjun Gupta,57,Thane,arjungupta124682@gmail.com,Current,34161.6,847
3263,Arjun Joshi,61,Ahmednagar,arjunjoshi135013@gmail.com,Salary,24970.86,741
3264,Ananya Verma,55,Solapur,ananyaverma101477@gmail.com,Salary,39835.02,744
3265,Rohan Singh,49,Pune,rohansingh413137@gmail.com,Current,27329.22,699
3266,Amit Singh,55,Nashik,amitsingh391426@gmail.com,Savings,37307.16,632
3267,Ananya Shaikh,42,Ahmednagar,ananyashaikh833610@gmail.com,Salary,33728.9,654
3268,Neha Jadhav,22,Satara,nehajadhav355656@gmail.com,Savings,13651.17,750
3269,Ayesha Sharma,28,Thane,ayeshasharma585029@gmail.com,Savings,45466.75,747
3270,Rohan Jadhav,21,Nagpur,rohanjadhav984658@gmail.com,Salary,2448.37,774
3271,Ananya Gupta,35,Satara,ananyagupta383466@gmail.com,Savings,41506.89,720
3272,Neha Pawar,44,Ahmednagar,nehapawar791738@gmail.com,Savings,35542.71,774
3273,Sahil Sharma,45,Mumbai,sahilsharma151375@gmail.com,Savings,17869.94,581
3274,Ananya Sharma,23,Thane,ananyasharma208827@gmail.com,Current,8164.56,835
3275,Sahil Patil,23,Mumbai,sahilpatil631828@gmail.com,Savings,23045.09,769
3276,Amit Khan,49,Mumbai,amitkhan533953@gmail.com,Current,41092.52,614
3277,Rahul Pawar,19,Satara,rahulpawar420984@gmail.com,Savings,22355.32,809
3278,Karan Patil,,Pune,karanpatil524469@gmail.com,Current,12473.5,753
3279,Rohan Sharma,69,Kolhapur,rohansharma42310@gmail.com,Savings,2055.71,799
3280,Rohan Singh,27,Aurangabad,rohansingh47604@gmail.com,Current,24879.34,606
3281,Arjun Shaikh,63,Thane,arjunshaikh40904@gmail.com,Salary,3901.26,804
3282,Kavya Patil,28,Nagpur,kavyapatil143793@gmail.com,Savings,31730.0,784
3283,Mohit Shaikh,30,Solapur,mohitshaikh748355@gmail.com,Current,926.63,784
3284,Rahul Joshi,23,Ahmednagar,rahuljoshi349318@gmail.com,Savings,19053.46,752
3285,Karan Pawar,37,Nagpur,karanpawar843119@gmail.com,Savings,34618.64,711
3286,Ananya Khan,34,Satara,ananyakhan496856@gmail.com,Current,5733.26,701
3287,Amit Khan,42,Kolhapur,amitkhan544659@gmail.com,Savings,19697.0,702
3288,Amit Khan,40,Kolhapur,amitkhan479287@gmail.com,Savings,12234.75,779
3289,Arjun Patil,54,Thane,arjunpatil156275@gmail.com,Salary,18212.78,848
3290,Simran Khan,,Thane,simrankhan635810@gmail.com,Savings,,638
3291,Simran Verma,52,Nashik,simranverma936616@gmail.com,Savings,18674.74,786
3292,Isha Shaikh,31,Kolhapur,ishashaikh540646@gmail.com,Salary,,710
3293,Rahul Pawar,57,Nashik,rahulpawar146670@gmail.com,Current,2886.45,618
3294,Rahul Singh,30,Solapur,rahulsingh343997@gmail.com,Savings,29104.34,603
3295,Amit Patil,23,Mumbai,amitpatil976710@gmail.com,Salary,33555.66,829
3296,Priya Sharma,68,Solapur,priyasharma642948@gmail.com,Savings,21099.21,614
3297,Amit Shaikh,47,Pune,amitshaikh334102@gmail.com,Salary,11471.32,742
3298,Akash Pawar,21,Kolhapur,akashpawar170495@gmail.com,Current,10646.27,629
3299,Riya Verma,46,Pune,riyaverma412142@gmail.com,Salary,42964.66,572
3300,Riya Patil,36,Nashik,riyapatil646547@gmail.com,Salary,15052.87,651
3301,Simran Shaikh,62,Thane,simranshaikh775332@gmail.com,Current,22132.73,790
3302,Arjun Patil,60,Aurangabad,arjunpatil883632@gmail.com,Salary,3114.87,716
3303,Rohan Khan,35,Pune,rohankhan313869@gmail.com,Savings,36856.37,801
3304,Pooja Verma,53,Satara,poojaverma622665@gmail.com,Salary,5462.06,785
3305,Kavya Pawar,28,Pune,kavyapawar352813@gmail.com,Current,47908.49,629
3306,Vijay Joshi,51,Thane,vijayjoshi532058@gmail.com,Salary,36790.71,727
3307,Sneha Joshi,20,Aurangabad,snehajoshi868624@gmail.com,Current,29357.84,619
3308,Arjun Jadhav,64,Mumbai,arjunjadhav534573@gmail.com,Salary,25507.23,835
3309,Amit Singh,30,Mumbai,amitsingh558298@gmail.com,Current,26489.42,650
3310,Pooja Singh,70,Kolhapur,poojasingh513741@gmail.com,Current,34041.08,574
3311,Riya Khan,40,Ahmednagar,riyakhan743267@gmail.com,Salary,40147.74,816
3312,Akash Pawar,29,Kolhapur,akashpawar590368@gmail.com,Savings,31189.45,570
3313,Priya Gupta,68,Nashik,priyagupta314453@gmail.com,Savings,15075.76,575
3314,Priya Pawar,62,Satara,priyapawar498060@gmail.com,Savings,19212.16,817
3315,Isha Khan,60,Nagpur,ishakhan855474@gmail.com,Current,13631.35,644
3316,Amit Singh,,Thane,amitsingh17545@gmail.com,Salary,32015.66,744
3317,Sneha Sharma,47,Solapur,snehasharma386351@gmail.com,Savings,22570.94,801
3318,Arjun Jadhav,22,Thane,arjunjadhav347429@gmail.com,Savings,18227.56,554
3319,Simran Verma,60,Kolhapur,simranverma706637@gmail.com,Current,17071.72,662
3320,Ayesha Pawar,33,Thane,ayeshapawar115028@gmail.com,Savings,12983.77,775
3321,Ayesha Singh,70,Pune,ayeshasingh436874@gmail.com,Salary,48756.79,748
3322,Akash Gupta,43,Nagpur,akashgupta612156@gmail.com,Savings,40601.12,740
3323,Amit Singh,27,Kolhapur,amitsingh322723@gmail.com,Current,16518.38,619
3324,Arjun Sharma,41,Nagpur,arjunsharma835557@gmail.com,Salary,8637.91,769
3325,Ananya Sharma,21,Mumbai,ananyasharma942525@gmail.com,Savings,48883.12,839
3326,Mohit Gupta,49,Satara,mohitgupta760657@gmail.com,Savings,30832.78,726
3327,Priya Sharma,39,Ahmednagar,priyasharma914562@gmail.com,Savings,29615.42,661
3328,Priya Joshi,34,Mumbai,priyajoshi721566@gmail.com,Savings,10363.68,631
3329,Aditya Pawar,55,Pune,adityapawar659927@gmail.com,Salary,5715.46,566
3330,Akash Patil,52,Solapur,akashpatil28041@gmail.com,Salary,1682.24,712
3331,Isha Patil,,Pune,ishapatil626005@gmail.com,Current,35371.73,672
3332,Amit Gupta,31,Thane,amitgupta497743@gmail.com,Current,3914.94,718
3333,Aditya Sharma,42,Pune,adityasharma278528@gmail.com,Savings,-17666.64,619
3334,Arjun Sharma,45,Pune,arjunsharma687536@gmail.com,Savings,12706.63,758
3335,Rahul Patil,34,Mumbai,rahulpatil821034@gmail.com,Savings,17483.87,716
3336,Sneha Shaikh,24,Thane,snehashaikh813964@gmail.com,Salary,8080.5,755
3337,Amit Patil,26,Mumbai,amitpatil606674@gmail.com,Savings,21105.69,720
3338,Ananya Khan,,Solapur,ananyakhan605793@gmail.com,Savings,17526.65,618
3339,Arjun Gupta,24,Kolhapur,arjungupta238696@gmail.com,Current,35008.91,761
3340,Arjun Sharma,40,Mumbai,arjunsharma756542@gmail.com,Savings,4919.74,605
3341,Vijay Pawar,26,Nashik,vijaypawar53949@gmail.com,,33263.47,682
3342,Mohit Joshi,38,Solapur,mohitjoshi611968@gmail.com,Savings,43061.94,672
3343,Mohit Verma,18,Aurangabad,mohitverma503887@gmail.com,Current,17343.27,753
3344,999,53,Pune,999178894@gmail.com,Salary,36953.25,625
3345,Neha Verma,61,Mumbai,nehaverma549797@gmail.com,Savings,7296.21,708
3346,Ananya Khan,61,Pune,ananyakhan659680@gmail.com,Current,43285.27,567
3347,Pooja Pawar,56,Aurangabad,poojapawar756315@gmail.com,Salary,34985.41,592
3348,Rohan Khan,57,Nagpur,rohankhan649940@gmail.com,Savings,23050.1,696
3349,Riya Singh,66,Mumbai,riyasingh812333@gmail.com,Salary,38433.42,711
3350,Arjun Joshi,29,Kolhapur,arjunjoshi882127@gmail.com,Salary,1190.46,589
3351,Kavya Patil,65,Aurangabad,kavyapatil398758@gmail.com,Salary,27654.58,768
3352,Priya Patil,33,Satara,priyapatil155054@gmail.com,Salary,,812
3353,Simran Patil,52,Pune,simranpatil861674@gmail.com,Current,38282.33,773
3354,Aditya Joshi,42,Nashik,adityajoshi713893@gmail.com,Current,44602.32,794
3355,Akash Verma,62,Nagpur,akashverma254061@gmail.com,Current,29137.24,835
3356,Amit Patil,28,Aurangabad,amitpatil33204@gmail.com,Salary,33742.2,569
3357,Simran Pawar,61,Nagpur,simranpawar600483@gmail.com,Savings,34428.79,571
3358,Neha Shaikh,19,Aurangabad,nehashaikh994365@gmail.com,Salary,46839.8,661
3359,Vijay Joshi,52,Nashik,vijayjoshi734649@gmail.com,Current,13896.6,652
3360,Simran Verma,37,Satara,simranverma115333@gmail.com,Current,10383.65,787
3361,Neha Khan,44,Kolhapur,nehakhan200151@gmail.com,Savings,20392.47,739
3362,Kavya Gupta,21,Nashik,kavyagupta19957@gmail.com,Salary,45486.0,583
3363,Arjun Gupta,28,Solapur,arjungupta462562@gmail.com,Savings,42424.11,828
3364,Kavya Jadhav,32,Nagpur,kavyajadhav329030@gmail.com,Savings,33509.11,717
3365,Ayesha Joshi,30,Nagpur,ayeshajoshi439222@gmail.com,Salary,25402.15,686
3366,Aditya Joshi,50,Satara,adityajoshi158887@gmail.com,Salary,3072.53,831
3367,Ayesha Verma,49,Ahmednagar,ayeshaverma433120@gmail.com,Salary,41131.21,609
3368,Ananya Singh,,Ahmednagar,ananyasingh724142@gmail.com,Current,47060.74,833
3369,Amit Gupta,20,Aurangabad,amitgupta213895@gmail.com,Current,24518.42,604
3370,Riya Joshi,32,Aurangabad,riyajoshi430411@gmail.com,Current,13851.98,803
3371,Akash Gupta,22,Ahmednagar,akashgupta526295@gmail.com,Salary,7977.21,
3372,Riya Gupta,58,Ahmednagar,riyagupta812717@gmail.com,Savings,44888.06,717
3373,Akash Jadhav,47,Satara,akashjadhav641281@gmail.com,Current,20651.36,820
3374,Sneha Pawar,57,Nagpur,snehapawar965336@gmail.com,Current,,
3375,Rahul Sharma,58,Satara,rahulsharma494614@gmail.com,Current,41181.25,553
3376,Akash Gupta,46,Ahmednagar,akashgupta915315@gmail.com,Savings,19641.61,836
3377,Isha Pawar,46,Kolhapur,ishapawar889687@gmail.com,Salary,17042.21,689
3378,Priya Shaikh,54,Nagpur,priyashaikh771681@gmail.com,Salary,12924.32,660
3379,Arjun Pawar,19,Mumbai,arjunpawar762836@gmail.com,Savings,13360.02,817
3380,Aditya Sharma,25,Thane,adityasharma65406@gmail.com,Current,,653
3381,Karan Singh,30,Kolhapur,karansingh740158@gmail.com,Savings,38758.84,843
3382,Neha Joshi,30,Thane,nehajoshi144889@gmail.com,Salary,9609.85,648
3383,Kavya Singh,51,Nashik,kavyasingh543978@gmail.com,,4881.77,561
3384,Priya Gupta,48,Nashik,priyagupta217513@gmail.com,Salary,14255.33,706
3385,Aditya Gupta,24,Satara,adityagupta588232@gmail.com,Salary,43915.11,721
3386,,66,Nagpur,,Savings,18650.24,
3387,Rahul Verma,65,Satara,rahulverma340939@gmail.com,Savings,9392.96,684
3388,Arjun Patil,63,Nashik,arjunpatil694495@gmail.com,,6450.14,763
3389,Simran Singh,24,Pune,simransingh501708@gmail.com,Salary,30412.89,673
3390,Mohit Patil,49,Pune,mohitpatil551102@gmail.com,Current,27939.97,650
3391,Aditya Gupta,,Satara,adityagupta395229@gmail.com,Salary,16106.56,792
3392,Aditya Pawar,40,Ahmednagar,adityapawar329093@gmail.com,Salary,38170.61,785
3393,Kavya Joshi,68,Nagpur,kavyajoshi181694@gmail.com,Current,47678.49,656
3394,Ayesha Gupta,54,Satara,ayeshagupta482092@gmail.com,Salary,20675.01,762
3395,Mohit Patil,42,Nagpur,mohitpatil956531@gmail.com,Salary,40423.97,579
3396,,28,Nashik,,Salary,14482.42,809
3397,Sneha Jadhav,57,Pune,snehajadhav559124@gmail.com,Savings,3357.68,718
3398,Ayesha Pawar,39,Nashik,ayeshapawar359055@gmail.com,Salary,40979.56,614
3399,Sahil Pawar,30,Pune,sahilpawar572908@gmail.com,Current,46768.2,751
3400,Pooja Patil,65,Nashik,poojapatil371596@gmail.com,Current,32632.47,627
3401,Sahil Gupta,35,Nashik,sahilgupta708799@gmail.com,Savings,24829.46,612
3402,Priya Singh,54,Satara,priyasingh809589@gmail.com,Salary,38564.11,841
3403,Kavya Gupta,20,Mumbai,kavyagupta909901@gmail.com,Salary,27062.32,648
3404,Vijay Sharma,49,Solapur,vijaysharma756044@gmail.com,Savings,22430.04,764
3405,Neha Shaikh,36,Kolhapur,nehashaikh713913@gmail.com,Savings,18973.39,779
3406,Karan Pawar,57,Pune,karanpawar674658@gmail.com,Savings,12386.97,762
3407,Arjun Jadhav,43,Nashik,arjunjadhav842790@gmail.com,Salary,22848.6,613
3408,Akash Verma,70,Mumbai,akashverma727091@gmail.com,Current,14177.52,621
3409,Rohan Shaikh,21,Thane,rohanshaikh277303@gmail.com,Salary,9361.89,709
3410,Karan Shaikh,35,Ahmednagar,karanshaikh639811@gmail.com,Salary,2727.3,841
3411,Aditya Khan,63,Satara,adityakhan507799@gmail.com,Salary,25553.52,
3412,Simran Patil,49,Aurangabad,simranpatil201703@gmail.com,Salary,15167.83,644
3413,Priya Sharma,42,Aurangabad,priyasharma258594@gmail.com,Savings,7621.32,645
3414,Aditya Verma,35,Kolhapur,adityaverma292659@gmail.com,Savings,31195.94,736
3415,Rohan Jadhav,45,Nashik,rohanjadhav585296@gmail.com,Current,21377.4,632
3416,Neha Patil,23,Nagpur,nehapatil313099@gmail.com,Current,47917.36,742
3417,Sneha Jadhav,39,Ahmednagar,snehajadhav235890@gmail.com,Salary,49665.13,639
3418,Mohit Khan,67,Thane,mohitkhan987319@gmail.com,Salary,29788.42,833
3419,Karan Singh,36,Aurangabad,karansingh312171@gmail.com,Current,21581.29,
3420,Amit Verma,52,Ahmednagar,amitverma808734@gmail.com,Savings,33750.7,626
3421,Rohan Verma,50,Kolhapur,rohanverma303142@gmail.com,Savings,40166.13,718
3422,Aditya Shaikh,68,Kolhapur,adityashaikh739242@gmail.com,Current,10187.58,793
3423,Priya Shaikh,32,Nagpur,priyashaikh217446@gmail.com,Salary,35656.34,818
3424,Sahil Gupta,35,Ahmednagar,sahilgupta723869@gmail.com,Salary,6829.28,767
3425,Ayesha Joshi,65,Kolhapur,ayeshajoshi739333@gmail.com,Salary,36253.68,708
3426,Priya Pawar,32,Pune,priyapawar512856@gmail.com,Current,38070.0,836
3427,Isha Joshi,32,Mumbai,ishajoshi332541@gmail.com,Current,44365.8,705
3428,Akash Singh,63,Ahmednagar,akashsingh503210@gmail.com,Current,27009.38,774
3429,Akash Khan,42,Ahmednagar,akashkhan365846@gmail.com,Current,14212.48,602
3430,,20,Nagpur,,Savings,15225.59,
3431,Ananya Singh,65,Kolhapur,ananyasingh587813@gmail.com,Current,27840.18,774
3432,Sahil Jadhav,30,Satara,sahiljadhav979155@gmail.com,Current,12918.26,561
3433,Mohit Khan,60,Solapur,mohitkhan979978@gmail.com,Savings,47542.85,
3434,Ananya Pawar,28,Nashik,ananyapawar834142@gmail.com,Salary,32609.16,719
3435,Simran Gupta,36,Pune,simrangupta756819@gmail.com,Savings,27330.11,745
3436,Mohit Joshi,35,Ahmednagar,mohitjoshi286841@gmail.com,Salary,34541.55,818
3437,Ananya Verma,42,Mumbai,ananyaverma301869@gmail.com,Current,21734.78,787
3438,Mohit Singh,22,Ahmednagar,mohitsingh127894@gmail.com,Current,36712.95,690
3439,Neha Patil,56,Aurangabad,nehapatil601434@gmail.com,Current,36147.07,677
3440,Simran Singh,65,Solapur,simransingh709589@gmail.com,Salary,44855.62,567
3441,Arjun Patil,20,Satara,arjunpatil569676@gmail.com,Current,17450.83,844
3442,Karan Pawar,40,Aurangabad,karanpawar398238@gmail.com,Savings,6654.97,603
3443,Karan Verma,,Nashik,karanverma939372@gmail.com,Current,37243.61,793
3444,Akash Patil,38,Thane,akashpatil413797@gmail.com,Salary,33543.05,746
3445,Akash Gupta,28,Pune,akashgupta858230@gmail.com,Savings,7107.13,814
3446,Akash Pawar,19,Solapur,akashpawar361999@gmail.com,Savings,32375.21,749
3447,Kavya Pawar,67,Aurangabad,kavyapawar810716@gmail.com,Current,44091.32,630
3448,Sahil Sharma,27,Kolhapur,sahilsharma843800@gmail.com,Current,30741.24,823
3449,Ayesha Singh,150,Mumbai,ayeshasingh153691@gmail.com,Current,33718.44,736
3450,Aditya Pawar,32,Pune,adityapawar304661@gmail.com,Salary,42858.14,669
3451,Pooja Sharma,67,Thane,poojasharma44209@gmail.com,Salary,44185.83,657
3452,Ananya Sharma,61,Solapur,ananyasharma301702@gmail.com,Savings,48909.7,658
3453,Karan Gupta,25,Satara,karangupta748931@gmail.com,Current,23445.15,645
3454,Kavya Jadhav,22,Solapur,kavyajadhav82968@gmail.com,Salary,34485.51,734
3455,Amit Pawar,68,Mumbai,amitpawar363288@gmail.com,Salary,31292.67,784
3456,Rahul Patil,62,Solapur,rahulpatil968994@gmail.com,Salary,25737.26,696
3457,Simran Patil,46,Satara,simranpatil463964@gmail.com,Salary,37167.86,679
3458,Priya Khan,54,Nashik,priyakhan687936@gmail.com,Current,38659.38,694
3459,Rahul Jadhav,64,Kolhapur,rahuljadhav269000@gmail.com,Current,39148.1,779
3460,Karan Gupta,45,Mumbai,karangupta783741@gmail.com,Salary,40379.87,791
3461,Priya Joshi,42,Nagpur,priyajoshi502451@gmail.com,Salary,47264.96,766
3462,Amit Joshi,,Solapur,amitjoshi224481@gmail.com,Savings,9268.92,720
3463,Arjun Verma,58,Nashik,arjunverma211983@gmail.com,Savings,20563.2,780
3464,Sneha Joshi,54,Satara,snehajoshi868270@gmail.com,Current,25375.6,631
3465,Priya Jadhav,36,Solapur,priyajadhav564839@gmail.com,Salary,10889.49,
3466,Simran Jadhav,58,Nagpur,simranjadhav284403@gmail.com,Current,7412.6,781
3467,Isha Singh,33,Aurangabad,ishasingh978446@gmail.com,Salary,46460.21,659
3468,Amit Singh,37,Aurangabad,amitsingh589418@gmail.com,Savings,32566.32,647
3469,Sahil Singh,30,Pune,sahilsingh730088@gmail.com,Savings,15395.19,696
3470,Arjun Pawar,39,Mumbai,arjunpawar284915@gmail.com,Savings,34586.58,772
3471,Riya Joshi,25,Satara,riyajoshi144041@gmail.com,Savings,32055.55,759
3472,Sahil Verma,21,Ahmednagar,sahilverma114632@gmail.com,Salary,46719.66,826
3473,Riya Patil,45,Nagpur,riyapatil645684@gmail.com,Salary,8658.17,767
3474,Vijay Jadhav,22,Aurangabad,vijayjadhav776980@gmail.com,Savings,2004.13,814
3475,,48,Nagpur,,Salary,32014.51,552
3476,Pooja Patil,150,Solapur,poojapatil615436@gmail.com,Current,5299.03,701
3477,Kavya Verma,27,Satara,kavyaverma251005@gmail.com,Current,29827.32,575
3478,Aditya Singh,61,Aurangabad,adityasingh254335@gmail.com,Current,7154.4,718
3479,Isha Singh,69,Satara,ishasingh53331@gmail.com,Savings,12412.95,707
3480,Amit Joshi,24,Ahmednagar,amitjoshi702471@gmail.com,Salary,10681.31,664
3481,Rahul Verma,33,Solapur,rahulverma949254@gmail.com,Current,42021.71,632
3482,Vijay Verma,46,Satara,vijayverma556937@gmail.com,Savings,19962.77,613
3483,Ayesha Shaikh,25,Satara,ayeshashaikh236733@gmail.com,Salary,38868.3,688
3484,Simran Jadhav,46,Mumbai,simranjadhav669033@gmail.com,Savings,45791.66,731
3485,Ayesha Gupta,23,Thane,ayeshagupta244246@gmail.com,Salary,9820.79,724
3486,Kavya Gupta,53,Nashik,kavyagupta55140@gmail.com,Current,25542.82,792
3487,Sahil Jadhav,,Thane,sahiljadhav105165@gmail.com,Salary,48178.55,818
3488,Arjun Sharma,70,Solapur,arjunsharma433477@gmail.com,Current,19688.23,770
3489,Mohit Jadhav,37,Solapur,mohitjadhav346437@gmail.com,Savings,40053.77,610
3490,Karan Shaikh,33,Pune,karanshaikh752304@gmail.com,Current,32713.37,744
3491,Akash Pawar,49,Solapur,akashpawar495451@gmail.com,Salary,1321.31,676
3492,Ananya Gupta,,Ahmednagar,ananyagupta105528@gmail.com,Salary,4975.65,642
3493,Aditya Pawar,49,Pune,adityapawar714381@gmail.com,Savings,21033.46,782
3494,Sahil Sharma,28,Nagpur,sahilsharma808306@gmail.com,Salary,42178.09,795
3495,Akash Verma,42,Thane,akashverma144244@gmail.com,Current,18474.7,629
3496,,41,Nagpur,,Current,28201.64,673
3497,Sneha Patil,68,Solapur,snehapatil5533@gmail.com,Current,4862.95,777
3498,Rohan Verma,70,Pune,rohanverma577186@gmail.com,Salary,13726.62,804
3499,Aditya Patil,56,Thane,adityapatil974331@gmail.com,Salary,37026.69,798
3500,Ananya Sharma,39,Aurangabad,ananyasharma165713@gmail.com,Salary,49417.99,847
3501,Isha Joshi,65,Aurangabad,ishajoshi426773@gmail.com,Current,3481.17,686
3502,Sahil Sharma,69,Nashik,sahilsharma684707@gmail.com,Salary,24350.46,705
3503,Riya Khan,34,Aurangabad,riyakhan980552@gmail.com,Savings,23458.12,556
3504,Pooja Jadhav,68,Solapur,poojajadhav923525@gmail.com,Savings,34393.21,623
3505,Priya Patil,46,Aurangabad,priyapatil921168@gmail.com,Salary,27701.13,573
3506,Akash Singh,23,Ahmednagar,akashsingh498907@gmail.com,Current,26717.17,833
3507,Isha Patil,19,Thane,ishapatil500741@gmail.com,Savings,5021.89,561
3508,Rahul@123,42,Aurangabad,rahul123682239@gmail.com,Salary,9649.32,618
3509,Amit Patil,52,Kolhapur,amitpatil209244@gmail.com,Savings,44655.41,563
3510,Akash Khan,68,Nagpur,akashkhan792730@gmail.com,Current,44144.12,555
3511,Akash Verma,43,Kolhapur,akashverma301298@gmail.com,Salary,48251.21,710
3512,Neha Verma,30,Solapur,nehaverma336868@gmail.com,Current,11656.15,675
3513,Aditya Gupta,65,Thane,adityagupta299379@gmail.com,Current,39640.01,755
3514,Karan Khan,39,Thane,karankhan677373@gmail.com,Current,28979.7,703
3515,Arjun Joshi,24,Satara,arjunjoshi62136@gmail.com,Current,20542.68,592
3516,Amit Khan,69,Thane,amitkhan952140@gmail.com,Current,13619.58,749
3517,Mohit Shaikh,55,Satara,mohitshaikh806166@gmail.com,Salary,2370.3,833
3518,Amit Jadhav,41,Ahmednagar,amitjadhav93906@gmail.com,Savings,48508.03,696
3519,Pooja Joshi,34,Satara,poojajoshi684084@gmail.com,Savings,35774.04,807
3520,Akash Verma,23,Aurangabad,akashverma602122@gmail.com,Savings,10522.59,654
3521,Riya Singh,62,Kolhapur,riyasingh243600@gmail.com,Current,5196.67,560
3522,Ananya Verma,25,Nagpur,ananyaverma561247@gmail.com,Savings,8050.53,741
3523,Neha Jadhav,23,Nashik,nehajadhav774668@gmail.com,Salary,-10034.78,683
3524,Vijay Singh,34,Kolhapur,vijaysingh758343@gmail.com,Current,10738.23,845
3525,Pooja Patil,60,Nagpur,poojapatil891738@gmail.com,Current,19957.94,777
3526,Aditya Joshi,39,Ahmednagar,adityajoshi982269@gmail.com,Savings,7949.38,767
3527,Akash Pawar,48,Kolhapur,akashpawar39210@gmail.com,Current,18947.71,767
3528,Karan Pawar,45,Nashik,karanpawar957690@gmail.com,Current,27863.78,577
3529,Aditya Singh,66,Nashik,adityasingh966332@gmail.com,Current,42769.59,593
3530,Rahul Patil,24,Satara,rahulpatil183668@gmail.com,Savings,14964.51,775
3531,Akash Patil,46,Satara,akashpatil438284@gmail.com,Salary,16084.32,760
3532,Neha Pawar,65,Thane,nehapawar925200@gmail.com,Savings,15054.67,639
3533,Simran Joshi,33,Solapur,simranjoshi878392@gmail.com,Current,47780.22,698
3534,Arjun Sharma,50,Nagpur,arjunsharma184427@gmail.com,Savings,43559.47,762
3535,Karan Verma,65,Aurangabad,karanverma979388@gmail.com,Current,21665.84,742
3536,Vijay Pawar,61,Mumbai,vijaypawar964406@gmail.com,Salary,41615.0,564
3537,Sahil Pawar,31,Kolhapur,sahilpawar38205@gmail.com,Salary,47344.8,776
3538,Amit Patil,68,Kolhapur,amitpatil876922@gmail.com,Savings,42647.63,694
3539,Amit Sharma,31,Satara,amitsharma416378@gmail.com,Current,40256.14,841
3540,Neha Shaikh,19,Kolhapur,nehashaikh826336@gmail.com,Current,12474.09,714
3541,Arjun Khan,18,Nagpur,arjunkhan519547@gmail.com,Savings,23822.34,688
3542,Isha Sharma,59,Thane,ishasharma195461@gmail.com,Salary,22610.65,677
3543,Rahul Patil,70,Ahmednagar,rahulpatil982205@gmail.com,Current,49011.59,582
3544,Amit Gupta,40,Solapur,amitgupta785486@gmail.com,Current,33811.17,735
3545,Isha Singh,52,Aurangabad,ishasingh914763@gmail.com,Current,30372.3,
3546,Amit Verma,32,Nashik,amitverma971123@gmail.com,Salary,33412.47,702
3547,Riya Sharma,66,Mumbai,riyasharma303628@gmail.com,Current,32453.31,696
3548,Aditya Khan,34,Pune,adityakhan919431@gmail.com,Savings,5847.17,757
3549,Vijay Jadhav,28,Kolhapur,vijayjadhav39386@gmail.com,Current,30228.27,655
3550,Amit Jadhav,68,Nashik,amitjadhav9817@gmail.com,Salary,33770.04,573
3551,Rahul Sharma,45,Aurangabad,rahulsharma312986@gmail.com,Salary,35521.67,564
3552,Sneha Pawar,26,Kolhapur,snehapawar595651@gmail.com,Current,46530.2,632
3553,Ananya Singh,33,Thane,ananyasingh632163@gmail.com,Current,12454.04,720
3554,Rohan Joshi,43,Mumbai,rohanjoshi112612@gmail.com,Current,9713.54,842
3555,Isha Gupta,47,Satara,ishagupta973655@gmail.com,Salary,18340.77,808
3556,Priya Jadhav,40,Pune,priyajadhav351417@gmail.com,Salary,5595.73,683
3557,Isha Pawar,60,Nashik,ishapawar298484@gmail.com,Salary,35179.57,744
3558,Sneha Sharma,54,Kolhapur,snehasharma476519@gmail.com,Savings,35135.1,666
3559,Karan Joshi,49,Mumbai,karanjoshi672564@gmail.com,Savings,37438.87,827
3560,Riya Sharma,47,Ahmednagar,riyasharma569791@gmail.com,Salary,45758.94,594
3561,Amit Pawar,47,Nashik,amitpawar549887@gmail.com,Savings,20160.35,645
3562,Priya Pawar,,Nagpur,priyapawar518004@gmail.com,Current,20890.94,590
3563,,29,Mumbai,,Current,1686.76,827
3564,Pooja Pawar,57,Satara,poojapawar932556@gmail.com,Salary,35053.98,604
3565,Vijay Khan,21,Ahmednagar,vijaykhan984252@gmail.com,Savings,15253.98,553
3566,Sahil Shaikh,41,Ahmednagar,sahilshaikh140818@gmail.com,Salary,6742.33,619
3567,Sneha Singh,21,Ahmednagar,snehasingh892500@gmail.com,Salary,24869.62,805
3568,Isha Patil,62,Satara,ishapatil528805@gmail.com,Current,2508.95,596
3569,Rahul Jadhav,59,Kolhapur,rahuljadhav490855@gmail.com,Current,34777.7,690
3570,Amit Patil,32,Nashik,amitpatil286190@gmail.com,Current,17394.93,671
3571,Akash Gupta,28,Nagpur,akashgupta202277@gmail.com,Salary,34649.16,670
3572,Karan Patil,37,Ahmednagar,karanpatil848202@gmail.com,Salary,8232.07,717
3573,Karan Patil,31,Nagpur,karanpatil118218@gmail.com,Current,26910.41,770
3574,Sahil Khan,64,Mumbai,sahilkhan346847@gmail.com,Savings,28675.15,594
3575,Isha Shaikh,60,Nagpur,ishashaikh170487@gmail.com,Current,19227.83,769
3576,Isha Gupta,66,Kolhapur,ishagupta766734@gmail.com,Current,22674.15,657
3577,Vijay Jadhav,24,Nashik,vijayjadhav481306@gmail.com,Salary,31104.49,803
3578,Isha Patil,54,,ishapatil679876@gmail.com,Savings,819.98,643
3579,Priya Gupta,63,Pune,priyagupta269861@gmail.com,Current,17766.27,709
3580,Amit Gupta,47,Ahmednagar,amitgupta753604@gmail.com,Savings,16381.98,608
3581,Arjun Khan,62,Solapur,arjunkhan195343@gmail.com,Savings,49844.28,850
3582,Sneha Sharma,54,Nashik,snehasharma14868@gmail.com,Current,23958.63,748
3583,Isha Pawar,57,Satara,ishapawar772499@gmail.com,Salary,6328.56,728
3584,Neha Verma,32,Solapur,nehaverma353587@gmail.com,Salary,8413.89,568
3585,Aditya Khan,62,Pune,adityakhan829279@gmail.com,Savings,42403.42,584
3586,Akash Khan,50,Mumbai,akashkhan309455@gmail.com,Savings,30972.79,841
3587,Kavya Sharma,53,Nashik,kavyasharma595461@gmail.com,Savings,21197.1,832
3588,Aditya Patil,62,Solapur,adityapatil707260@gmail.com,Salary,26898.98,690
3589,Akash Singh,49,Nagpur,akashsingh794168@gmail.com,Salary,34821.49,773
3590,Neha Shaikh,68,Nashik,nehashaikh202644@gmail.com,Savings,-33506.52,640
3591,Sneha Gupta,25,Nagpur,snehagupta184119@gmail.com,Salary,31192.98,
3592,Ayesha Gupta,44,Mumbai,ayeshagupta640732@gmail.com,Current,17391.26,621
3593,Rahul Singh,26,Kolhapur,rahulsingh897834@gmail.com,Current,2885.16,652
3594,Ananya Khan,62,Nashik,ananyakhan669852@gmail.com,Current,27668.65,778
3595,Sneha Khan,66,Ahmednagar,snehakhan940717@gmail.com,Savings,36070.17,636
3596,Sneha Verma,30,Ahmednagar,snehaverma425287@gmail.com,Savings,24808.75,631
3597,Akash Jadhav,61,Ahmednagar,akashjadhav867261@gmail.com,Current,1779.0,559
3598,Rohan Shaikh,24,Thane,rohanshaikh448579@gmail.com,Savings,,569
3599,Pooja Jadhav,62,Ahmednagar,poojajadhav540410@gmail.com,Savings,41450.63,819
3600,Arjun Jadhav,46,Kolhapur,arjunjadhav343956@gmail.com,Salary,34561.14,730
3601,Rohan Shaikh,62,Nagpur,rohanshaikh91051@gmail.com,Savings,9751.72,791
3602,Vijay Singh,48,Pune,vijaysingh420404@gmail.com,Current,11984.67,708
3603,Riya Singh,23,Solapur,riyasingh701865@gmail.com,Salary,45907.85,609
3604,Neha Sharma,28,Ahmednagar,nehasharma100118@gmail.com,Current,25868.37,584
3605,Sneha Jadhav,31,Nashik,snehajadhav193857@gmail.com,Current,38728.99,685
3606,Amit Joshi,64,Nashik,amitjoshi147542@gmail.com,Current,40305.39,753
3607,Neha Shaikh,60,Mumbai,nehashaikh500746@gmail.com,Savings,33496.06,828
3608,Priya Gupta,58,Aurangabad,priyagupta339420@gmail.com,Salary,11916.38,559
3609,Isha Verma,56,Satara,ishaverma981384@gmail.com,Savings,25988.5,732
3610,Rahul Shaikh,39,Pune,rahulshaikh260196@gmail.com,Savings,3767.42,708
3611,Ayesha Patil,53,Ahmednagar,ayeshapatil7261@gmail.com,Salary,12322.6,575
3612,Simran Shaikh,44,Nashik,simranshaikh273553@gmail.com,Savings,20778.31,707
3613,Isha Khan,27,Nashik,ishakhan402306@gmail.com,Salary,,570
3614,Priya Patil,49,Mumbai,priyapatil247061@gmail.com,Savings,15859.96,661
3615,Riya Jadhav,35,Solapur,riyajadhav468536@gmail.com,Current,20406.34,827
3616,Amit Verma,32,Mumbai,amitverma790471@gmail.com,Savings,29307.0,704
3617,Rohan Verma,,Mumbai,rohanverma280063@gmail.com,Savings,33373.56,673
3618,Rahul Jadhav,36,Aurangabad,rahuljadhav345737@gmail.com,Savings,25312.64,734
3619,Vijay Jadhav,35,Mumbai,vijayjadhav316713@gmail.com,Savings,21767.58,697
3620,Kavya Shaikh,66,Aurangabad,kavyashaikh610854@gmail.com,Current,47240.25,632
3621,Neha Gupta,45,Thane,nehagupta758097@gmail.com,Savings,11193.34,766
3622,Aditya Jadhav,52,Aurangabad,adityajadhav600805@gmail.com,,31570.92,675
3623,Riya Shaikh,50,Pune,riyashaikh12091@gmail.com,Salary,4664.24,718
3624,Rahul Gupta,25,Nashik,rahulgupta274358@gmail.com,Current,1009.07,651
3625,Neha Pawar,56,Thane,nehapawar685536@gmail.com,Salary,29609.68,613
3626,Isha Khan,19,Solapur,ishakhan377117@gmail.com,Savings,11420.07,589
3627,Simran Jadhav,69,Pune,simranjadhav726520@gmail.com,Savings,14237.1,584
3628,Ayesha Gupta,67,Aurangabad,ayeshagupta247881@gmail.com,Current,42895.39,582
3629,Akash Jadhav,51,Solapur,akashjadhav65242@gmail.com,Salary,36046.37,726
3630,Rahul Singh,56,Solapur,rahulsingh700324@gmail.com,Salary,25415.08,603
3631,Priya Shaikh,68,Solapur,priyashaikh124067@gmail.com,Current,34550.3,780
3632,Amit Sharma,33,Ahmednagar,amitsharma488102@gmail.com,Salary,33343.75,594
3633,Neha Khan,53,Mumbai,nehakhan321809@gmail.com,Salary,8604.42,603
3634,Isha Jadhav,58,Solapur,ishajadhav167575@gmail.com,Savings,3065.21,591
3635,Aditya Singh,68,Pune,adityasingh425210@gmail.com,Current,,562
3636,Ayesha Khan,31,Thane,ayeshakhan719500@gmail.com,Salary,12802.47,839
3637,Riya Pawar,68,Nashik,riyapawar527030@gmail.com,Savings,25700.6,700
3638,Vijay Patil,70,Satara,vijaypatil968046@gmail.com,Salary,11041.51,770
3639,Ananya Gupta,46,Solapur,ananyagupta938699@gmail.com,Current,21380.07,748
3640,Ananya Verma,68,Kolhapur,ananyaverma931027@gmail.com,Current,911.83,725
3641,Simran Verma,63,Solapur,simranverma737833@gmail.com,Salary,2470.63,762
3642,Kavya Patil,42,Nashik,kavyapatil807336@gmail.com,Savings,31696.61,618
3643,Riya Khan,26,,riyakhan326184@gmail.com,Salary,22726.92,566
3644,Sahil Sharma,62,Aurangabad,sahilsharma723921@gmail.com,Savings,29985.56,802
3645,Akash Gupta,53,Nashik,akashgupta123219@gmail.com,Savings,15471.78,663
3646,Simran Sharma,70,Kolhapur,simransharma669837@gmail.com,Salary,34284.67,584
3647,Akash Patil,19,Pune,akashpatil960732@gmail.com,Salary,24880.01,681
3648,Riya Singh,24,Mumbai,riyasingh986427@gmail.com,Savings,45653.36,629
3649,Vijay Sharma,26,Thane,vijaysharma309469@gmail.com,Salary,49334.2,756
3650,Simran Pawar,28,Thane,simranpawar385497@gmail.com,Current,1707.81,687
3651,Aditya Patil,49,Ahmednagar,adityapatil644581@gmail.com,Current,2599.86,691
3652,Riya Patil,31,Thane,riyapatil231677@gmail.com,Current,9118.24,613
3653,Pooja Sharma,47,Aurangabad,poojasharma229872@gmail.com,Savings,46391.05,766
3654,Pooja Patil,52,Nashik,poojapatil140157@gmail.com,,31775.31,837
3655,Vijay Sharma,49,Aurangabad,vijaysharma501510@gmail.com,Current,13255.05,831
3656,Karan Sharma,18,Nashik,karansharma160726@gmail.com,Salary,9992.59,634
3657,Riya Verma,20,Solapur,riyaverma477179@gmail.com,Salary,30385.28,712
3658,Rohan Sharma,26,Nagpur,rohansharma784156@gmail.com,Savings,46676.02,687
3659,Pooja Khan,22,Ahmednagar,poojakhan635263@gmail.com,Savings,43139.33,807
3660,Arjun Jadhav,37,Ahmednagar,arjunjadhav391874@gmail.com,Current,19145.11,633
3661,Karan Joshi,28,Ahmednagar,karanjoshi436145@gmail.com,Salary,24915.26,670
3662,Arjun Singh,54,Nashik,arjunsingh736138@gmail.com,Current,39227.3,743
3663,Ayesha Pawar,33,Aurangabad,ayeshapawar576014@gmail.com,Salary,8025.08,710
3664,Riya Pawar,66,Satara,riyapawar957236@gmail.com,Salary,17824.99,670
3665,Vijay Joshi,49,Satara,vijayjoshi493799@gmail.com,Salary,12977.21,846
3666,Sahil Pawar,44,Satara,sahilpawar794239@gmail.com,Current,19532.93,751
3667,Rohan Verma,56,Satara,rohanverma563728@gmail.com,Savings,25089.46,735
3668,Ananya Pawar,58,Nagpur,ananyapawar841052@gmail.com,Current,13852.34,621
3669,Arjun Shaikh,39,Solapur,arjunshaikh696453@gmail.com,Current,25263.29,550
3670,,35,Thane,,Salary,4125.58,567
3671,Amit Joshi,54,Pune,amitjoshi865808@gmail.com,Salary,40258.2,831
3672,Simran Khan,40,Kolhapur,simrankhan229121@gmail.com,Current,15511.82,648
3673,Ananya Pawar,21,Kolhapur,ananyapawar798967@gmail.com,Current,21229.85,620
3674,Rohan Verma,42,Aurangabad,rohanverma259586@gmail.com,Current,1391.31,774
3675,Sahil Joshi,67,Kolhapur,sahiljoshi713490@gmail.com,Current,26912.79,820
3676,Rahul Gupta,70,Satara,rahulgupta791501@gmail.com,Salary,21973.53,710
3677,Sahil Jadhav,59,Mumbai,sahiljadhav624856@gmail.com,Salary,14450.06,783
3678,Simran Shaikh,27,Nagpur,simranshaikh915648@gmail.com,Savings,35634.62,791
3679,Priya Gupta,69,Thane,priyagupta825718@gmail.com,Savings,8397.3,
3680,Isha Khan,24,Nagpur,ishakhan85947@gmail.com,Salary,9312.6,618
3681,Vijay Singh,43,Pune,vijaysingh551133@gmail.com,Savings,39971.79,736
3682,Priya Verma,54,Ahmednagar,priyaverma468549@gmail.com,Current,12858.36,667
3683,Simran Sharma,24,Aurangabad,simransharma553929@gmail.com,Salary,8551.55,675
3684,Karan Gupta,46,Kolhapur,karangupta738052@gmail.com,Current,14689.41,840
3685,Rahul Verma,21,Nagpur,rahulverma379458@gmail.com,Salary,19113.69,661
3686,Rahul Sharma,57,Thane,rahulsharma81996@gmail.com,Salary,12814.94,720
3687,Karan Verma,54,Mumbai,karanverma961900@gmail.com,Savings,29376.17,728
3688,Mohit Sharma,37,Kolhapur,mohitsharma591673@gmail.com,Savings,48804.77,686
3689,Isha Khan,65,Aurangabad,ishakhan117759@gmail.com,Salary,21150.66,550
3690,Sneha Pawar,18,Nagpur,snehapawar64858@gmail.com,Current,17191.16,676
3691,Rohan Patil,27,Pune,rohanpatil869132@gmail.com,Savings,34342.44,559
3692,Ayesha Patil,33,Kolhapur,ayeshapatil574351@gmail.com,Salary,26168.29,723
3693,Pooja Patil,27,Satara,poojapatil946846@gmail.com,Savings,12873.41,665
3694,Karan Pawar,70,Pune,karanpawar530141@gmail.com,Salary,10583.81,654
3695,Rahul Gupta,64,Thane,rahulgupta212076@gmail.com,Current,40815.38,724
3696,Ayesha Singh,70,Thane,ayeshasingh600621@gmail.com,Current,36309.94,600
3697,Kavya Joshi,49,Ahmednagar,kavyajoshi562828@gmail.com,Savings,25573.72,691
3698,Ananya Patil,25,Nagpur,ananyapatil157231@gmail.com,Salary,32690.47,606
3699,Rahul Sharma,18,Ahmednagar,rahulsharma172629@gmail.com,Salary,47208.04,753
3700,Rahul Patil,25,Satara,rahulpatil344156@gmail.com,Salary,35879.57,590
3701,,35,Ahmednagar,,Current,32499.06,771
3702,Karan Verma,45,Thane,karanverma896093@gmail.com,Savings,31145.89,638
3703,Amit Gupta,50,Nashik,amitgupta545717@gmail.com,Current,35858.45,576
3704,Sneha Sharma,51,Solapur,snehasharma463403@gmail.com,Savings,43417.19,550
3705,Sahil Pawar,37,Aurangabad,sahilpawar121986@gmail.com,Salary,21169.83,588
3706,Amit Gupta,58,Ahmednagar,amitgupta713441@gmail.com,Savings,16354.47,777
3707,Pooja Patil,59,Aurangabad,poojapatil215479@gmail.com,Salary,38335.68,698
3708,Neha Khan,50,Solapur,nehakhan751842@gmail.com,Salary,26510.25,760
3709,Aditya Pawar,60,Kolhapur,adityapawar611574@gmail.com,Savings,29143.85,
3710,Simran Sharma,50,Aurangabad,simransharma512673@gmail.com,Savings,47055.66,771
3711,Arjun Joshi,39,Aurangabad,arjunjoshi95459@gmail.com,Current,7279.71,719
3712,Karan Jadhav,25,Pune,karanjadhav942653@gmail.com,Salary,27976.15,629
3713,Arjun Jadhav,27,Nashik,arjunjadhav535267@gmail.com,Salary,22764.85,627
3714,Neha Khan,23,Pune,nehakhan467222@gmail.com,Current,29700.34,626
3715,Rohan Shaikh,63,Ahmednagar,rohanshaikh848075@gmail.com,Current,12932.63,701
3716,Neha Joshi,68,Solapur,nehajoshi58438@gmail.com,Current,953.69,678
3717,Mohit Jadhav,64,Kolhapur,mohitjadhav475558@gmail.com,Current,6023.74,642
3718,Arjun Sharma,39,Kolhapur,arjunsharma138453@gmail.com,Current,4465.15,798
3719,,60,Thane,,Current,2810.85,641
3720,Pooja Gupta,69,Nashik,poojagupta538279@gmail.com,Current,8599.22,646
3721,Mohit Gupta,32,Satara,mohitgupta435704@gmail.com,Current,35553.81,557
3722,Akash Patil,48,Thane,akashpatil479087@gmail.com,Current,43485.4,644
3723,Ananya Khan,29,Nashik,ananyakhan591403@gmail.com,Savings,1143.58,779
3724,Isha Jadhav,46,Mumbai,ishajadhav60641@gmail.com,Current,43856.42,787
3725,Simran Jadhav,33,Thane,simranjadhav586041@gmail.com,Savings,29499.64,820
3726,Rahul Sharma,66,Ahmednagar,rahulsharma484938@gmail.com,Salary,45507.1,691
3727,Kavya Sharma,28,Solapur,kavyasharma705548@gmail.com,Salary,16442.67,842
3728,Riya Patil,52,Kolhapur,riyapatil846212@gmail.com,Current,47112.81,777
3729,Karan Shaikh,32,Solapur,karanshaikh323239@gmail.com,Salary,48510.39,815
3730,Pooja Verma,61,Solapur,poojaverma758514@gmail.com,Current,19555.07,757
3731,Amit Patil,49,Aurangabad,amitpatil22927@gmail.com,Savings,40302.6,
3732,Riya Khan,35,Aurangabad,riyakhan415282@gmail.com,Salary,3903.1,620
3733,Amit Pawar,21,Solapur,amitpawar266917@gmail.com,Current,7830.84,685
3734,Sahil Singh,32,Thane,sahilsingh856213@gmail.com,Current,16597.63,558
3735,Mohit Sharma,51,Thane,mohitsharma3261@gmail.com,Salary,37027.83,578
3736,Simran Sharma,47,Mumbai,simransharma782132@gmail.com,Salary,9468.39,727
3737,Sneha Sharma,68,,snehasharma228586@gmail.com,Current,30387.27,654
3738,Rahul Shaikh,22,Kolhapur,rahulshaikh606503@gmail.com,Salary,14097.62,725
3739,Kavya Jadhav,35,Satara,kavyajadhav76677@gmail.com,Current,44679.01,681
3740,Sahil Patil,20,Nashik,sahilpatil47589@gmail.com,Savings,22960.36,578
3741,Aditya Khan,55,Ahmednagar,adityakhan444378@gmail.com,Savings,20556.85,737
3742,Amit Sharma,51,Thane,amitsharma361364@gmail.com,Current,38878.86,695
3743,Pooja Patil,,Solapur,poojapatil734506@gmail.com,Current,18766.01,822
3744,Karan Singh,70,Kolhapur,karansingh66957@gmail.com,Salary,29175.49,727
3745,Pooja Joshi,52,Nagpur,poojajoshi567551@gmail.com,Current,22505.94,844
3746,Ayesha Gupta,53,Mumbai,ayeshagupta63282@gmail.com,Current,2331.84,665
3747,Priya Verma,38,Solapur,priyaverma980081@gmail.com,Current,10913.21,561
3748,Kavya Jadhav,25,,kavyajadhav937756@gmail.com,Salary,19658.59,590
3749,Kavya Verma,48,Nashik,kavyaverma72471@gmail.com,Savings,4081.17,823
3750,Arjun Pawar,38,Mumbai,arjunpawar979234@gmail.com,Savings,35284.84,825
3751,Ayesha Shaikh,32,Solapur,ayeshashaikh495102@gmail.com,Salary,27094.61,838
3752,Sahil Gupta,66,Kolhapur,sahilgupta33376@gmail.com,saving,40593.14,705
3753,Rahul Joshi,30,Pune,rahuljoshi301136@gmail.com,Current,19880.69,554
3754,Kavya Pawar,41,Mumbai,kavyapawar428828@gmail.com,Salary,40175.29,658
3755,Arjun Shaikh,63,Satara,arjunshaikh188824@gmail.com,Savings,38142.24,556
3756,Sahil Pawar,32,Kolhapur,sahilpawar806425@gmail.com,Savings,4710.21,713
3757,Aditya Patil,55,Nashik,adityapatil142107@gmail.com,Salary,25380.03,609
3758,Amit Verma,28,Satara,amitverma803128@gmail.com,Current,40157.19,672
3759,Simran Joshi,36,Thane,simranjoshi672787@gmail.com,Savings,14842.41,756
3760,Rohan Patil,23,Satara,rohanpatil764815@gmail.com,Savings,19850.02,684
3761,Aditya Gupta,,Mumbai,adityagupta677355@gmail.com,Current,33241.92,625
3762,Ananya Khan,46,Pune,ananyakhan440881@gmail.com,Salary,31515.7,803
3763,Kavya Pawar,37,Nagpur,kavyapawar392750@gmail.com,Savings,47383.12,705
3764,Rohan Joshi,61,Pune,rohanjoshi934731@gmail.com,Current,19890.86,776
3765,Akash Shaikh,23,Ahmednagar,akashshaikh401158@gmail.com,Savings,17577.99,704
3766,Amit Gupta,69,Ahmednagar,amitgupta470425@gmail.com,Savings,42496.21,802
3767,Sahil Jadhav,65,Nashik,sahiljadhav911962@gmail.com,Savings,47480.12,734
3768,Amit Verma,63,Solapur,amitverma961764@gmail.com,Savings,27858.45,785
3769,Rohan Shaikh,42,Aurangabad,rohanshaikh950914@gmail.com,Savings,20031.12,702
3770,Ayesha Gupta,44,Kolhapur,ayeshagupta395933@gmail.com,Savings,7489.21,554
3771,Aditya Joshi,47,Aurangabad,adityajoshi393992@gmail.com,Current,28509.04,728
3772,Arjun Patil,20,Nashik,arjunpatil84248@gmail.com,Current,12415.03,720
3773,Sneha Gupta,65,Satara,snehagupta715994@gmail.com,Current,874.35,664
3774,Mohit Shaikh,55,Thane,mohitshaikh694039@gmail.com,Current,16606.96,669
3775,Rohan Jadhav,57,Nagpur,rohanjadhav917136@gmail.com,Savings,20416.94,689
3776,Sneha Khan,47,Mumbai,snehakhan565597@gmail.com,Salary,42706.12,588
3777,Pooja Khan,58,Thane,poojakhan139549@gmail.com,Savings,28748.25,777
3778,Priya Sharma,46,Pune,priyasharma685380@gmail.com,Savings,22446.87,844
3779,Priya Patil,25,Thane,priyapatil902175@gmail.com,Salary,4587.24,557
3780,Sneha Joshi,22,Kolhapur,snehajoshi364763@gmail.com,Salary,45779.18,694
3781,Mohit Pawar,42,Aurangabad,mohitpawar124495@gmail.com,Current,8921.9,768
3782,Rahul Khan,57,Ahmednagar,rahulkhan187243@gmail.com,Current,40282.02,749
3783,Ananya Sharma,,Aurangabad,ananyasharma563456@gmail.com,Savings,20160.19,789
3784,Pooja Singh,24,Nashik,poojasingh412251@gmail.com,Savings,12258.2,654
3785,Sneha Singh,37,Nashik,snehasingh554631@gmail.com,Current,31430.64,639
3786,Isha Singh,44,Mumbai,ishasingh133633@gmail.com,Current,14652.1,690
3787,Arjun Singh,56,Aurangabad,arjunsingh763314@gmail.com,Savings,14496.61,559
3788,Kavya Jadhav,34,Kolhapur,kavyajadhav233607@gmail.com,Salary,30225.87,714
3789,Karan Joshi,47,Ahmednagar,karanjoshi875473@gmail.com,Salary,47764.88,577
3790,Simran Jadhav,43,Nashik,simranjadhav3742@gmail.com,Savings,11427.88,648
3791,Amit Shaikh,24,Aurangabad,amitshaikh793011@gmail.com,Salary,2359.73,745
3792,Riya Gupta,38,Kolhapur,riyagupta23939@gmail.com,Savings,27452.05,649
3793,Sahil Singh,36,Aurangabad,sahilsingh312956@gmail.com,Savings,30948.28,633
3794,Riya Sharma,54,Mumbai,riyasharma485594@gmail.com,Savings,26918.87,725
3795,Pooja Jadhav,67,Mumbai,poojajadhav706315@gmail.com,Current,3630.98,582
3796,Rohan Sharma,35,Kolhapur,rohansharma754124@gmail.com,Savings,8500.9,692
3797,Kavya Gupta,42,Kolhapur,kavyagupta570992@gmail.com,Salary,43741.1,845
3798,Karan Shaikh,56,Thane,karanshaikh444830@gmail.com,Salary,7537.84,632
3799,Isha Khan,64,Kolhapur,ishakhan557872@gmail.com,Savings,7344.5,655
3800,Mohit Joshi,48,Aurangabad,mohitjoshi397800@gmail.com,Savings,13357.55,768
3801,Neha Verma,20,Pune,nehaverma863455@gmail.com,Salary,11106.24,812
3802,Kavya Shaikh,58,Kolhapur,kavyashaikh240920@gmail.com,Salary,21419.72,774
3803,Arjun Sharma,48,Mumbai,arjunsharma259635@gmail.com,Current,45794.59,796
3804,Rahul Joshi,29,Pune,rahuljoshi483100@gmail.com,Salary,36578.36,780
3805,Sneha Shaikh,64,Mumbai,snehashaikh363074@gmail.com,Salary,4769.25,832
3806,Vijay Gupta,57,Kolhapur,vijaygupta162756@gmail.com,Current,24365.06,609
3807,Vijay Patil,44,Ahmednagar,vijaypatil289139@gmail.com,Salary,44103.43,754
3808,Neha Gupta,,Nashik,nehagupta197736@gmail.com,Salary,750.54,577
3809,Simran Shaikh,50,Aurangabad,simranshaikh983046@gmail.com,Current,17191.39,836
3810,Rahul Shaikh,67,Satara,rahulshaikh917822@gmail.com,Salary,29880.67,687
3811,Riya Sharma,60,Satara,riyasharma760342@gmail.com,Current,18656.15,771
3812,Kavya Sharma,34,Solapur,kavyasharma802774@gmail.com,Savings,18664.05,555
3813,Aditya Gupta,27,Solapur,adityagupta118426@gmail.com,Current,34983.52,
3814,Vijay Shaikh,61,Pune,vijayshaikh33882@gmail.com,Salary,14918.75,823
3815,Rahul Singh,36,Nagpur,rahulsingh848899@gmail.com,Salary,18261.75,760
3816,Ananya Khan,22,Mumbai,ananyakhan692367@gmail.com,Current,42856.1,795
3817,Aditya Sharma,63,Kolhapur,adityasharma439705@gmail.com,Salary,46867.2,667
3818,Isha Khan,64,Kolhapur,ishakhan644893@gmail.com,Savings,49812.12,
3819,Rohan Sharma,35,Pune,rohansharma803365@gmail.com,Salary,12441.35,614
3820,Priya Verma,24,Kolhapur,priyaverma981816@gmail.com,Salary,31882.65,799
3821,Neha Sharma,61,Kolhapur,nehasharma926785@gmail.com,Current,24982.06,711
3822,Kavya Shaikh,25,Kolhapur,kavyashaikh932327@gmail.com,Salary,16340.48,731
3823,Aditya Jadhav,52,Ahmednagar,adityajadhav16505@gmail.com,Savings,30292.54,669
3824,Isha Shaikh,35,Mumbai,ishashaikh252456@gmail.com,Current,14021.13,722
3825,Pooja Jadhav,37,Satara,poojajadhav216192@gmail.com,Current,4449.48,616
3826,Sahil Patil,64,Kolhapur,sahilpatil70659@gmail.com,Current,24777.0,569
3827,Isha Verma,61,Nagpur,ishaverma105897@gmail.com,Current,17714.27,785
3828,Sneha Jadhav,26,Thane,snehajadhav622895@gmail.com,Savings,8259.61,845
3829,Karan Joshi,28,Satara,karanjoshi35307@gmail.com,Savings,44409.89,684
3830,Ayesha Sharma,69,Nashik,ayeshasharma468227@gmail.com,Salary,38739.1,649
3831,Isha Joshi,69,Mumbai,ishajoshi626922@gmail.com,Savings,28911.2,559
3832,Ayesha Khan,20,Nagpur,ayeshakhan704767@gmail.com,Savings,42391.9,816
3833,Sneha Joshi,59,Mumbai,snehajoshi737549@gmail.com,Salary,9728.51,
3834,Riya Gupta,26,Mumbai,riyagupta914681@gmail.com,Savings,26254.71,554
3835,Riya Sharma,32,Satara,riyasharma51140@gmail.com,Savings,42647.86,585
3836,Riya Verma,32,Mumbai,riyaverma256722@gmail.com,Salary,26493.95,741
3837,Vijay Jadhav,58,Nagpur,vijayjadhav776613@gmail.com,Salary,39359.88,749
3838,Kavya Khan,38,Nagpur,kavyakhan46485@gmail.com,,10427.75,771
3839,Karan Jadhav,30,Nagpur,karanjadhav421905@gmail.com,Current,34884.03,560
3840,Priya Shaikh,31,Aurangabad,priyashaikh460385@gmail.com,Salary,6447.76,597
3841,Priya Sharma,33,Aurangabad,priyasharma245822@gmail.com,Current,15083.37,551
3842,Amit Gupta,49,Satara,amitgupta566079@gmail.com,Salary,1301.9,717
3843,Mohit Pawar,58,Solapur,mohitpawar227923@gmail.com,Savings,49643.44,779
3844,Ananya Patil,53,Satara,ananyapatil791130@gmail.com,Savings,9327.23,610
3845,Amit Pawar,57,Mumbai,amitpawar905786@gmail.com,Salary,46619.77,723
3846,Isha Khan,23,Solapur,ishakhan813861@gmail.com,Current,10997.81,1200
3847,Sneha Patil,47,Nashik,snehapatil59285@gmail.com,Salary,38694.76,848
3848,Akash Khan,40,Nagpur,akashkhan147042@gmail.com,Salary,30043.57,652
3849,Sneha Gupta,65,Solapur,snehagupta528473@gmail.com,Current,25369.65,828
3850,Sahil Jadhav,19,Ahmednagar,sahiljadhav303414@gmail.com,Savings,42631.11,663
3851,Kavya Singh,39,Kolhapur,kavyasingh245636@gmail.com,Current,7475.61,834
3852,Isha Verma,42,Ahmednagar,ishaverma855513@gmail.com,Current,10088.8,566
3853,Kavya Verma,41,Satara,kavyaverma961011@gmail.com,Current,3523.3,709
3854,Riya Gupta,29,Solapur,riyagupta767151@gmail.com,Savings,13646.94,785
3855,Simran Jadhav,54,Satara,simranjadhav604195@gmail.com,Salary,10613.46,834
3856,Amit Shaikh,22,Nagpur,amitshaikh334494@gmail.com,Current,5198.34,805
3857,Sneha Singh,64,Pune,snehasingh605626@gmail.com,Salary,38873.81,593
3858,Ananya Sharma,66,Nashik,ananyasharma627062@gmail.com,Savings,45756.88,630
3859,Sneha Shaikh,47,Aurangabad,snehashaikh810165@gmail.com,Savings,26402.15,773
3860,Mohit Gupta,25,Ahmednagar,mohitgupta705300@gmail.com,Current,16413.72,608
3861,Riya Singh,57,Aurangabad,riyasingh858236@gmail.com,Savings,39556.72,789
3862,Priya Patil,19,Thane,priyapatil336341@gmail.com,Current,4532.88,617
3863,Ayesha Joshi,46,Nagpur,ayeshajoshi248511@gmail.com,Salary,18838.0,640
3864,Ayesha Verma,34,Mumbai,ayeshaverma316522@gmail.com,Salary,48791.73,626
3865,Riya Shaikh,60,Satara,riyashaikh918923@gmail.com,Salary,31915.59,744
3866,Simran Jadhav,62,Mumbai,simranjadhav150319@gmail.com,Savings,20341.74,581
3867,Vijay Khan,36,Thane,vijaykhan692382@gmail.com,Savings,8908.94,769
3868,Pooja Pawar,40,Aurangabad,poojapawar546671@gmail.com,Current,30851.32,560
3869,Mohit Shaikh,28,Ahmednagar,mohitshaikh231880@gmail.com,Current,30582.36,822
3870,Ayesha Jadhav,30,Nagpur,ayeshajadhav433749@gmail.com,Current,35949.43,566
3871,Isha Gupta,58,Pune,ishagupta315198@gmail.com,Salary,33512.24,643
3872,Kavya Khan,41,Pune,kavyakhan288619@gmail.com,Salary,10481.73,792
3873,Mohit Verma,38,Satara,mohitverma64018@gmail.com,Current,48296.72,597
3874,Pooja Singh,49,Satara,poojasingh583861@gmail.com,Savings,22838.61,788
3875,Sneha Singh,64,Nashik,snehasingh994695@gmail.com,Salary,12429.07,719
3876,Sneha Joshi,56,Nashik,snehajoshi620507@gmail.com,Current,5980.56,718
3877,Riya Shaikh,69,Aurangabad,riyashaikh922546@gmail.com,Current,41377.1,690
3878,Neha Pawar,33,Nagpur,nehapawar771025@gmail.com,Current,18433.17,816
3879,Arjun Joshi,28,Thane,arjunjoshi955958@gmail.com,Savings,28601.93,586
3880,Sahil Joshi,57,Aurangabad,sahiljoshi183740@gmail.com,Current,48746.21,815
3881,Rahul Joshi,51,Aurangabad,rahuljoshi656501@gmail.com,Salary,22213.0,775
3882,Riya Pawar,21,Aurangabad,riyapawar711821@gmail.com,Savings,39971.52,643
3883,Rohan Sharma,42,Aurangabad,rohansharma448052@gmail.com,Savings,18151.15,728
3884,Kavya Jadhav,32,Solapur,kavyajadhav582951@gmail.com,Current,48479.51,650
3885,Sneha Pawar,41,Aurangabad,snehapawar519796@gmail.com,Current,22211.02,680
3886,Pooja Joshi,36,Nagpur,poojajoshi49261@gmail.com,Current,39280.96,
3887,Akash Gupta,60,Pune,akashgupta361245@gmail.com,Salary,49211.44,648
3888,Riya Singh,46,Thane,riyasingh987424@gmail.com,Salary,25269.36,632
3889,Sahil Patil,56,Solapur,sahilpatil674665@gmail.com,Savings,48127.24,577
3890,Vijay Jadhav,45,Nashik,vijayjadhav704053@gmail.com,Savings,-26233.7,846
3891,Simran Jadhav,48,Thane,simranjadhav399769@gmail.com,Savings,41972.31,638
3892,Ananya Verma,24,Nagpur,ananyaverma824075@gmail.com,Savings,8868.19,830
3893,Karan Patil,49,Satara,karanpatil550039@gmail.com,Current,35839.94,578
3894,Karan Singh,65,Nagpur,karansingh334317@gmail.com,Current,6467.94,623
3895,Rohan Gupta,61,Nagpur,rohangupta730232@gmail.com,Salary,7392.94,690
3896,Akash Verma,51,Aurangabad,akashverma436648@gmail.com,Current,35476.2,761
3897,Neha Khan,30,Nagpur,nehakhan428190@gmail.com,Salary,14571.28,556
3898,Pooja Sharma,44,Kolhapur,poojasharma156566@gmail.com,Savings,25088.3,739
3899,Sahil Verma,33,Pune,sahilverma314555@gmail.com,Salary,47835.49,837
3900,Amit Sharma,64,Aurangabad,amitsharma394847@gmail.com,Savings,11396.18,648
3901,Priya Khan,63,Pune,priyakhan192911@gmail.com,Salary,7691.51,570
3902,Rahul Singh,21,Solapur,rahulsingh791162@gmail.com,Salary,27051.78,763
3903,Rahul Verma,69,Nashik,rahulverma564158@gmail.com,Current,44023.46,581
3904,Rahul Gupta,68,Nagpur,rahulgupta496620@gmail.com,Salary,35223.5,746
3905,,,Kolhapur,,Current,4407.42,655
3906,Neha Joshi,56,Solapur,nehajoshi252773@gmail.com,Salary,10797.01,766
3907,Isha Patil,68,Pune,ishapatil890698@gmail.com,Salary,34557.57,795
3908,Mohit Singh,25,Ahmednagar,mohitsingh236390@gmail.com,Current,42332.64,629
3909,Kavya Sharma,24,Kolhapur,kavyasharma315444@gmail.com,Current,48272.41,804
3910,Arjun Khan,53,Solapur,arjunkhan899297@gmail.com,Salary,43876.67,634
3911,Kavya Shaikh,53,Nashik,kavyashaikh742048@gmail.com,Current,15494.78,
3912,Rahul Verma,52,Satara,rahulverma151463@gmail.com,Salary,,837
3913,Isha Shaikh,26,Solapur,ishashaikh845017@gmail.com,Salary,11068.6,
3914,Neha Jadhav,25,Satara,nehajadhav485617@gmail.com,Salary,33284.07,705
3915,Rohan Khan,29,Mumbai,rohankhan959275@gmail.com,Current,31654.6,586
3916,Karan Singh,51,Nashik,karansingh60523@gmail.com,Savings,40352.6,670
3917,Akash Shaikh,26,Solapur,akashshaikh589804@gmail.com,Current,1449.04,558
3918,Pooja Gupta,65,Satara,poojagupta432823@gmail.com,Salary,40637.68,743
3919,Aditya Khan,,Aurangabad,adityakhan436840@gmail.com,Salary,18946.16,643
3920,Sneha Sharma,28,Thane,snehasharma584457@gmail.com,Salary,46703.02,833
3921,Akash Sharma,67,Kolhapur,akashsharma555836@gmail.com,Salary,14033.38,720
3922,Isha Verma,41,Nashik,ishaverma140706@gmail.com,Savings,555.05,666
3923,12345,50,Nashik,12345407386@gmail.com,Savings,3791.5,556
3924,Karan Jadhav,65,Thane,karanjadhav254755@gmail.com,Salary,16242.64,638
3925,Mohit Sharma,21,Nashik,mohitsharma267482@gmail.com,Current,10609.78,778
3926,Akash Jadhav,55,Kolhapur,akashjadhav213314@gmail.com,Current,33051.18,739
3927,Priya Pawar,24,Kolhapur,priyapawar346405@gmail.com,Current,47718.13,713
3928,Riya Khan,34,Kolhapur,riyakhan678220@gmail.com,Current,40346.15,783
3929,Karan Singh,18,Ahmednagar,karansingh83011@gmail.com,Salary,20225.59,747
3930,Ananya Joshi,39,,ananyajoshi967124@gmail.com,Current,40251.44,574
3931,Karan Jadhav,62,Solapur,karanjadhav471735@gmail.com,Savings,20208.0,806
3932,Sneha Sharma,64,Ahmednagar,snehasharma888383@gmail.com,Salary,28728.63,670
3933,Sneha Jadhav,32,Mumbai,snehajadhav389202@gmail.com,Savings,630.29,650
3934,Ayesha Sharma,48,Pune,ayeshasharma97055@gmail.com,Current,5028.31,847
3935,Karan Khan,45,Pune,karankhan561754@gmail.com,Salary,27074.44,679
3936,Amit Gupta,43,Thane,amitgupta759882@gmail.com,Salary,,694
3937,,42,Satara,,Current,8870.47,703
3938,Pooja Gupta,65,Solapur,poojagupta869795@gmail.com,Savings,20317.25,739
3939,Karan Joshi,22,Solapur,karanjoshi199834@gmail.com,Savings,22563.18,687
3940,Vijay Verma,30,Pune,vijayverma54140@gmail.com,Salary,47537.87,588
3941,Ayesha Joshi,57,Pune,ayeshajoshi281602@gmail.com,Savings,8759.41,752
3942,Isha Singh,55,Mumbai,ishasingh395589@gmail.com,Current,20772.86,603
3943,Rohan Singh,53,Satara,rohansingh706496@gmail.com,Salary,4763.45,706
3944,Ananya Singh,59,Kolhapur,ananyasingh634456@gmail.com,Salary,21801.56,635
3945,,60,Nashik,,Savings,24406.48,560
3946,Arjun Patil,65,Nagpur,arjunpatil632309@gmail.com,Current,11198.51,820
3947,Ananya Gupta,57,Nashik,ananyagupta41568@gmail.com,Current,11789.72,627
3948,Akash Gupta,32,Thane,akashgupta916157@gmail.com,Salary,49071.27,843
3949,Sahil Khan,69,Solapur,sahilkhan76419@gmail.com,Current,43668.38,659
3950,Arjun Sharma,41,Kolhapur,arjunsharma197403@gmail.com,Current,30443.97,
3951,Simran Verma,48,Ahmednagar,simranverma843837@gmail.com,Salary,11616.6,767
3952,Simran Shaikh,26,Mumbai,simranshaikh798796@gmail.com,Current,39173.11,658
3953,Mohit Shaikh,31,Mumbai,mohitshaikh616226@gmail.com,Current,15989.2,568
3954,Simran Jadhav,61,Aurangabad,simranjadhav759589@gmail.com,Current,42823.14,599
3955,Amit Verma,23,Mumbai,amitverma704166@gmail.com,Salary,20447.12,824
3956,Pooja Gupta,58,Nagpur,poojagupta586097@gmail.com,Savings,44241.47,666
3957,Pooja Jadhav,19,Ahmednagar,poojajadhav227658@gmail.com,Current,28807.11,766
3958,Sahil Singh,21,Aurangabad,sahilsingh502781@gmail.com,Current,1813.32,685
3959,Priya Singh,20,Aurangabad,priyasingh219136@gmail.com,Salary,14491.75,733
3960,Pooja Patil,53,Aurangabad,poojapatil911809@gmail.com,Current,12918.95,611
3961,Priya Sharma,31,Satara,priyasharma951192@gmail.com,Salary,11343.69,659
3962,Kavya Shaikh,52,Nashik,kavyashaikh349238@gmail.com,Savings,32710.21,686
3963,Rahul Verma,59,Ahmednagar,rahulverma318015@gmail.com,Salary,869.42,610
3964,Sneha Khan,41,Ahmednagar,snehakhan953249@gmail.com,Current,38613.91,593
3965,Simran Patil,47,Mumbai,simranpatil16178@gmail.com,Savings,38756.49,738
3966,Isha Pawar,54,Nagpur,ishapawar222196@gmail.com,Current,10200.96,826
3967,Simran Sharma,24,Nashik,simransharma982783@gmail.com,Current,6428.0,587
3968,Pooja Patil,19,Ahmednagar,poojapatil199354@gmail.com,Salary,28114.19,764
3969,Pooja Joshi,35,Kolhapur,poojajoshi777593@gmail.com,Current,27547.75,690
3970,Amit Joshi,29,Thane,amitjoshi123114@gmail.com,Savings,,764
3971,Arjun Singh,41,Kolhapur,arjunsingh783259@gmail.com,Savings,7556.41,632
3972,Isha Khan,19,Ahmednagar,ishakhan791073@gmail.com,Current,18925.77,829
3973,Riya Singh,50,Pune,riyasingh502284@gmail.com,Salary,18705.04,
3974,Ananya Patil,28,Pune,ananyapatil958961@gmail.com,Salary,25924.34,824
3975,Riya Singh,55,Mumbai,riyasingh254477@gmail.com,Current,28105.03,698
3976,Priya Jadhav,23,Nagpur,priyajadhav729517@gmail.com,Current,7643.3,604
3977,Riya Singh,50,Solapur,riyasingh633860@gmail.com,Savings,40930.46,628
3978,Riya Jadhav,48,Kolhapur,riyajadhav738054@gmail.com,Current,43590.21,788
3979,,22,Nashik,,Salary,41804.85,813
3980,Rahul Khan,28,Solapur,rahulkhan214547@gmail.com,Salary,44365.11,803
3981,Neha Patil,50,Kolhapur,nehapatil415998@gmail.com,Salary,25267.24,785
3982,Sneha Khan,45,Mumbai,snehakhan959679@gmail.com,Salary,26350.52,629
3983,Sahil Pawar,39,Ahmednagar,sahilpawar251056@gmail.com,Salary,1584.69,733
3984,Arjun Shaikh,26,Satara,arjunshaikh578997@gmail.com,Savings,6584.45,603
3985,Pooja Patil,58,Kolhapur,poojapatil337337@gmail.com,Savings,20064.94,603
3986,Neha Pawar,30,Ahmednagar,nehapawar813285@gmail.com,Savings,45490.52,663
3987,Ananya Jadhav,64,Thane,ananyajadhav296909@gmail.com,Current,49479.52,590
3988,Pooja Jadhav,46,Mumbai,poojajadhav399252@gmail.com,Salary,22614.78,783
3989,Neha Jadhav,29,Mumbai,nehajadhav488999@gmail.com,Savings,39563.19,776
3990,Sneha Khan,21,Kolhapur,snehakhan559672@gmail.com,Savings,48583.09,750
3991,Arjun Gupta,69,Satara,arjungupta680333@gmail.com,Current,24327.96,
3992,Aditya Sharma,18,Nashik,adityasharma376810@gmail.com,Current,12377.23,661
3993,Riya Verma,64,Solapur,riyaverma323504@gmail.com,Salary,34735.66,594
3994,,28,Kolhapur,,Current,22386.29,818
3995,Isha Pawar,44,Pune,ishapawar274367@gmail.com,Current,32999.2,697
3996,Pooja Sharma,68,Nashik,poojasharma377214@gmail.com,Current,3322.78,567
3997,Priya Shaikh,52,Thane,priyashaikh537827@gmail.com,Salary,13265.93,838
3998,Kavya Joshi,29,Thane,kavyajoshi925795@gmail.com,Savings,4663.2,
3999,Kavya Singh,66,Nagpur,kavyasingh521533@gmail.com,Current,17891.77,639
4000,Ayesha Gupta,52,Ahmednagar,ayeshagupta488740@gmail.com,Current,27454.94,
4001,,39,Mumbai,,Savings,7771.23,774
4002,Karan Gupta,67,Satara,karangupta103498@gmail.com,Current,14972.67,614
4003,Arjun Verma,21,Thane,arjunverma841914@gmail.com,Salary,22709.89,683
4004,Vijay Patil,51,Aurangabad,vijaypatil757605@gmail.com,Savings,25486.88,577
4005,Akash Pawar,57,Aurangabad,akashpawar492396@gmail.com,Salary,6670.68,653
4006,Isha Gupta,57,Nagpur,ishagupta798725@gmail.com,Current,31995.79,834
4007,Akash Gupta,24,Ahmednagar,akashgupta880621@gmail.com,Salary,14366.36,747
4008,Arjun Patil,36,,arjunpatil335888@gmail.com,Current,45521.74,616
4009,Karan Pawar,67,Satara,karanpawar958845@gmail.com,Salary,5875.96,708
4010,Akash Gupta,65,Pune,akashgupta213094@gmail.com,Salary,3398.21,592
4011,Aditya Verma,44,Pune,adityaverma388812@gmail.com,Current,32591.09,692
4012,Priya Joshi,50,Satara,priyajoshi328222@gmail.com,Salary,12008.81,694
4013,Isha Khan,63,Nagpur,ishakhan434137@gmail.com,Current,21768.4,660
4014,Arjun Sharma,66,Ahmednagar,arjunsharma48036@gmail.com,Salary,29962.44,554
4015,Vijay Shaikh,37,Mumbai,vijayshaikh589949@gmail.com,Current,43348.56,803
4016,Ayesha Patil,50,Pune,ayeshapatil906158@gmail.com,Salary,26880.88,631
4017,Pooja Joshi,65,Solapur,poojajoshi232122@gmail.com,Savings,17422.33,553
4018,Amit Jadhav,67,Aurangabad,amitjadhav777359@gmail.com,Current,,844
4019,Amit Shaikh,20,Ahmednagar,amitshaikh153111@gmail.com,Current,45022.03,803
4020,Sneha Shaikh,44,Aurangabad,snehashaikh17107@gmail.com,Salary,33254.41,773
4021,Rohan Pawar,42,Thane,rohanpawar273541@gmail.com,Savings,23087.23,680
4022,Isha Patil,41,Kolhapur,ishapatil580289@gmail.com,Savings,11328.98,789
4023,Arjun Patil,49,Solapur,arjunpatil980265@gmail.com,Current,18158.93,550
4024,Priya Shaikh,62,Nagpur,priyashaikh612501@gmail.com,Savings,23395.01,688
4025,Priya Gupta,21,Aurangabad,priyagupta607375@gmail.com,Current,47856.7,605
4026,Isha Joshi,47,Ahmednagar,ishajoshi755087@gmail.com,Salary,40962.94,563
4027,Mohit Pawar,38,Satara,mohitpawar437962@gmail.com,Savings,9618.95,562
4028,Isha Singh,36,Nagpur,ishasingh309631@gmail.com,Savings,19226.24,821
4029,Sneha Gupta,37,Nagpur,snehagupta159914@gmail.com,Savings,47399.18,700
4030,Riya Khan,43,Nagpur,riyakhan205821@gmail.com,Current,4520.79,775
4031,Vijay Jadhav,38,Kolhapur,vijayjadhav345988@gmail.com,Current,4762.66,655
4032,Isha Singh,31,Thane,ishasingh241292@gmail.com,Savings,46628.75,
4033,Riya Pawar,57,Solapur,riyapawar398390@gmail.com,Current,15893.31,644
4034,Riya Khan,69,Satara,riyakhan597567@gmail.com,Current,21751.05,567
4035,Akash Verma,54,Thane,akashverma873944@gmail.com,Savings,5776.25,838
4036,Sahil Verma,20,Satara,sahilverma257766@gmail.com,Current,2759.57,624
4037,Ayesha Verma,21,Kolhapur,ayeshaverma523655@gmail.com,Current,20765.49,709
4038,Sahil Pawar,20,Solapur,sahilpawar577490@gmail.com,Current,39920.54,579
4039,Rahul Verma,65,Mumbai,rahulverma686506@gmail.com,Salary,46503.18,638
4040,,,Satara,,Current,44039.39,768
4041,Rohan Verma,54,Ahmednagar,rohanverma989394@gmail.com,Current,33788.99,557
4042,Vijay Singh,38,Satara,vijaysingh718213@gmail.com,Current,8011.12,771
4043,Rahul Shaikh,41,Pune,rahulshaikh354061@gmail.com,Current,25543.11,634
4044,Priya Shaikh,51,Aurangabad,priyashaikh269926@gmail.com,Savings,15018.48,753
4045,Arjun Jadhav,24,Thane,arjunjadhav800541@gmail.com,Salary,,772
4046,Priya Jadhav,50,Kolhapur,priyajadhav861601@gmail.com,Current,27814.97,
4047,Aditya Patil,40,Pune,adityapatil512456@gmail.com,Savings,35932.62,575
4048,Neha Pawar,40,Solapur,nehapawar758805@gmail.com,Salary,18545.67,
4049,Karan Sharma,64,Mumbai,karansharma672965@gmail.com,Savings,36553.63,667
4050,Rohan Shaikh,56,Ahmednagar,rohanshaikh775620@gmail.com,Savings,18329.08,625
4051,Arjun Sharma,41,Thane,arjunsharma514526@gmail.com,Salary,35275.05,734
4052,Mohit Joshi,69,Mumbai,mohitjoshi483314@gmail.com,Savings,33325.15,606
4053,,20,Kolhapur,,Current,29217.95,676
4054,Ayesha Pawar,20,Solapur,ayeshapawar176505@gmail.com,Savings,42382.05,807
4055,Neha Singh,69,Solapur,nehasingh768467@gmail.com,Savings,27060.08,613
4056,Karan Shaikh,56,Mumbai,karanshaikh833692@gmail.com,Salary,46394.37,739
4057,Karan Singh,61,Nagpur,karansingh369383@gmail.com,Savings,31497.97,847
4058,Simran Sharma,38,Mumbai,simransharma177587@gmail.com,Current,4671.31,796
4059,Rohan Joshi,57,Nagpur,rohanjoshi146857@gmail.com,Current,14117.12,638
4060,,50,Nagpur,,Savings,5770.74,832
4061,Mohit Joshi,61,Mumbai,mohitjoshi755403@gmail.com,Current,40227.19,721
4062,Riya Joshi,18,Kolhapur,riyajoshi573195@gmail.com,Current,,698
4063,Arjun Verma,62,Thane,arjunverma512136@gmail.com,Savings,47634.03,737
4064,Rahul Khan,23,Pune,rahulkhan193088@gmail.com,Current,14102.62,664
4065,Arjun Verma,40,Nagpur,arjunverma961538@gmail.com,Salary,32472.78,846
4066,Akash Pawar,33,Nashik,akashpawar932666@gmail.com,Salary,8209.55,826
4067,Rohan Jadhav,45,Satara,rohanjadhav568571@gmail.com,Salary,12340.71,626
4068,Kavya Joshi,45,Nagpur,kavyajoshi673085@gmail.com,Current,42174.87,643
4069,Simran Shaikh,36,Nagpur,simranshaikh61685@gmail.com,Current,38174.75,719
4070,Ananya Jadhav,58,Ahmednagar,ananyajadhav549495@gmail.com,Current,49185.59,625
4071,Simran Verma,59,Aurangabad,simranverma35566@gmail.com,Savings,35458.28,657
4072,Ananya Jadhav,34,Kolhapur,ananyajadhav879927@gmail.com,,47642.19,839
4073,Ayesha Singh,70,Satara,ayeshasingh887926@gmail.com,Salary,28819.51,621
4074,Riya Sharma,22,Pune,riyasharma78041@gmail.com,Savings,22272.41,809
4075,Rahul Shaikh,50,Satara,rahulshaikh991201@gmail.com,Savings,49476.84,672
4076,Ayesha Shaikh,47,Thane,ayeshashaikh857830@gmail.com,Salary,,726
4077,Rahul Khan,49,Mumbai,rahulkhan700774@gmail.com,Savings,38958.07,792
4078,Kavya Joshi,30,Nagpur,kavyajoshi50971@gmail.com,Current,41070.61,576
4079,Karan Gupta,58,Solapur,karangupta801567@gmail.com,Current,28325.6,642
4080,Ananya Joshi,59,Aurangabad,ananyajoshi6793@gmail.com,Salary,3057.55,645
4081,Ayesha Joshi,68,Nashik,ayeshajoshi432524@gmail.com,Current,19461.55,838
4082,Rahul Verma,30,Solapur,rahulverma144270@gmail.com,Savings,3637.0,669
4083,Neha Verma,25,Nagpur,nehaverma883572@gmail.com,Savings,13092.13,821
4084,Mohit Sharma,62,Nagpur,mohitsharma661438@gmail.com,Savings,19599.66,551
4085,,26,Nagpur,,Current,20399.95,790
4086,Pooja Khan,35,Pune,poojakhan242775@gmail.com,Savings,36954.69,735
4087,Akash Sharma,39,Satara,akashsharma71369@gmail.com,Savings,,704
4088,Priya Verma,25,Nagpur,priyaverma741621@gmail.com,Savings,44484.78,660
4089,Amit Gupta,62,Kolhapur,amitgupta158466@gmail.com,Salary,13685.43,731
4090,Neha Verma,45,Solapur,nehaverma9685@gmail.com,Savings,31426.18,806
4091,Simran Patil,60,Thane,simranpatil229444@gmail.com,Savings,11808.28,699
4092,Isha Sharma,32,Kolhapur,ishasharma530399@gmail.com,Current,3544.47,618
4093,Rahul Sharma,23,Ahmednagar,rahulsharma478260@gmail.com,Savings,9368.43,657
4094,Ayesha Pawar,49,Mumbai,ayeshapawar391429@gmail.com,Current,37432.74,649
4095,Neha Singh,,Ahmednagar,nehasingh63486@gmail.com,Savings,15283.97,554
4096,Kavya Jadhav,41,Thane,kavyajadhav647947@gmail.com,Salary,26912.16,637
4097,Amit Sharma,55,Solapur,amitsharma668806@gmail.com,Savings,33137.36,584
4098,Vijay Patil,48,Ahmednagar,vijaypatil699243@gmail.com,Current,15835.13,666
4099,Priya Singh,44,Nashik,priyasingh979369@gmail.com,,23452.61,606
4100,Aditya Sharma,43,Satara,adityasharma646567@gmail.com,Salary,,707
4101,Sahil Verma,20,Aurangabad,sahilverma957189@gmail.com,Salary,43404.27,681
4102,Aditya Khan,27,Ahmednagar,adityakhan506776@gmail.com,Savings,8857.09,838
4103,Kavya Jadhav,23,Pune,kavyajadhav691409@gmail.com,Salary,14826.97,758
4104,Arjun Shaikh,56,Solapur,arjunshaikh511652@gmail.com,Savings,10920.95,828
4105,Ananya Pawar,54,Ahmednagar,ananyapawar16595@gmail.com,Savings,14482.1,775
4106,Isha Joshi,29,Solapur,ishajoshi7033@gmail.com,Savings,48077.97,680
4107,Simran Singh,61,Ahmednagar,simransingh558165@gmail.com,Current,29970.96,578
4108,Sneha Jadhav,60,Nagpur,snehajadhav578540@gmail.com,Salary,32142.87,675
4109,Sneha Jadhav,67,Pune,snehajadhav431419@gmail.com,Savings,43041.15,592
4110,Simran Patil,68,Satara,simranpatil12526@gmail.com,,47007.71,747
4111,Riya Verma,18,Mumbai,riyaverma17638@gmail.com,Salary,3091.52,747
4112,Kavya Sharma,62,Solapur,kavyasharma555234@gmail.com,Savings,1986.26,769
4113,Aditya Patil,42,Nagpur,adityapatil757373@gmail.com,Salary,5790.3,764
4114,Karan Khan,29,Nashik,karankhan288186@gmail.com,Savings,19741.57,646
4115,Simran Shaikh,,Kolhapur,simranshaikh561862@gmail.com,Savings,21190.54,651
4116,Rahul Shaikh,44,Ahmednagar,rahulshaikh300714@gmail.com,Savings,33179.11,665
4117,Sneha Pawar,46,Satara,snehapawar18075@gmail.com,Current,28483.28,787
4118,Mohit Shaikh,20,Pune,mohitshaikh526711@gmail.com,Salary,46080.75,659
4119,Priya Pawar,55,Aurangabad,priyapawar852757@gmail.com,Salary,16011.47,
4120,Vijay Khan,67,Ahmednagar,vijaykhan731858@gmail.com,Current,12710.83,
4121,Vijay Jadhav,53,Ahmednagar,vijayjadhav706874@gmail.com,Salary,47522.13,795
4122,Karan Singh,52,Nashik,karansingh451588@gmail.com,Savings,15412.33,748
4123,Akash Pawar,35,Nashik,akashpawar845428@gmail.com,Current,33217.54,703
4124,Sahil Gupta,34,Solapur,sahilgupta985459@gmail.com,Salary,46703.03,756
4125,Pooja Jadhav,42,Ahmednagar,poojajadhav954066@gmail.com,Salary,40453.39,815
4126,Ananya Pawar,25,Ahmednagar,ananyapawar188074@gmail.com,Salary,11155.6,642
4127,Arjun Khan,62,Nashik,arjunkhan112314@gmail.com,Current,9837.11,839
4128,Neha Sharma,33,Nagpur,nehasharma962743@gmail.com,Current,8457.45,
4129,Kavya Verma,42,Aurangabad,kavyaverma101092@gmail.com,Current,25635.84,635
4130,Neha Pawar,45,Nashik,nehapawar549957@gmail.com,Current,1030.4,776
4131,Neha Khan,53,Nagpur,nehakhan156230@gmail.com,Salary,25109.65,616
4132,Akash Sharma,59,Ahmednagar,akashsharma252774@gmail.com,Savings,18985.79,776
4133,Amit Gupta,37,Nashik,amitgupta201355@gmail.com,Salary,45341.72,583
4134,Karan Khan,38,Solapur,karankhan649987@gmail.com,Current,16805.8,646
4135,Mohit Jadhav,32,Aurangabad,mohitjadhav552129@gmail.com,Savings,45418.52,727
4136,Simran Patil,60,Nagpur,simranpatil264779@gmail.com,Current,22309.41,831
4137,Rahul Patil,27,Aurangabad,rahulpatil854914@gmail.com,Current,18102.93,763
4138,Sahil Joshi,39,Nagpur,sahiljoshi371758@gmail.com,Current,38754.81,551
4139,Rohan Joshi,45,Pune,rohanjoshi280410@gmail.com,Salary,33776.34,629
4140,Simran Gupta,25,Mumbai,simrangupta833651@gmail.com,Salary,17076.14,579
4141,Isha Sharma,28,Mumbai,ishasharma416276@gmail.com,Current,41009.01,824
4142,Aditya Patil,22,Mumbai,adityapatil82957@gmail.com,Salary,26848.83,750
4143,Karan Joshi,41,Thane,karanjoshi391272@gmail.com,Savings,43634.12,720
4144,Karan Patil,28,Pune,karanpatil425850@gmail.com,Current,26122.61,632
4145,Arjun Singh,29,Pune,arjunsingh481394@gmail.com,Savings,,561
4146,Amit Khan,54,Nagpur,amitkhan592547@gmail.com,Current,10190.81,726
4147,Vijay Khan,67,Satara,vijaykhan255121@gmail.com,Savings,35261.11,746
4148,Sneha Khan,23,Nashik,snehakhan731205@gmail.com,Salary,31082.82,658
4149,Riya Joshi,29,Mumbai,riyajoshi236928@gmail.com,Salary,23735.17,662
4150,Sahil Singh,47,Satara,sahilsingh314646@gmail.com,Savings,37936.59,632
4151,Kavya Singh,31,Pune,kavyasingh717369@gmail.com,Savings,1392.57,768
4152,Aditya Khan,65,Thane,adityakhan868386@gmail.com,Salary,-48371.55,713
4153,Vijay Pawar,38,Mumbai,vijaypawar889153@gmail.com,Current,29238.54,566
4154,Rahul Sharma,23,Pune,rahulsharma84632@gmail.com,Salary,46953.24,850
4155,Sneha Pawar,70,Ahmednagar,snehapawar685591@gmail.com,Salary,9580.98,769
4156,Isha Shaikh,60,Nashik,ishashaikh900008@gmail.com,Salary,10358.07,687
4157,Arjun Verma,44,Aurangabad,arjunverma681563@gmail.com,Current,8091.41,802
4158,Isha Sharma,69,Satara,ishasharma796583@gmail.com,Salary,33526.34,637
4159,Ananya Jadhav,32,Nashik,ananyajadhav33323@gmail.com,Savings,40629.86,602
4160,Aditya Jadhav,34,Solapur,adityajadhav98142@gmail.com,Salary,1262.03,631
4161,Arjun Joshi,54,Nashik,arjunjoshi425065@gmail.com,Current,13618.96,656
4162,Riya Verma,36,Thane,riyaverma397787@gmail.com,Current,3379.05,754
4163,Ananya Pawar,55,Mumbai,ananyapawar395590@gmail.com,Current,5342.69,707
4164,Rohan Gupta,59,Satara,rohangupta579649@gmail.com,Savings,26933.84,763
4165,Neha Patil,35,Thane,nehapatil499227@gmail.com,Savings,1472.73,586
4166,Neha Pawar,59,Nashik,nehapawar58940@gmail.com,Current,9141.73,583
4167,Simran Gupta,50,Thane,simrangupta667778@gmail.com,Current,19747.76,818
4168,Riya Gupta,51,Thane,riyagupta10009@gmail.com,Salary,11963.13,653
4169,Ananya Joshi,27,Nashik,ananyajoshi737086@gmail.com,Current,6838.14,649
4170,Ananya Shaikh,52,Satara,ananyashaikh179808@gmail.com,Current,31999.89,820
4171,Karan Khan,,Thane,karankhan86802@gmail.com,Savings,32418.57,748
4172,Mohit Gupta,55,Nashik,mohitgupta524239@gmail.com,Current,10222.55,596
4173,Kavya Joshi,64,Mumbai,kavyajoshi886492@gmail.com,Savings,48297.82,820
4174,Aditya Jadhav,67,Aurangabad,adityajadhav455087@gmail.com,Savings,29823.93,844
4175,Arjun Pawar,48,Thane,arjunpawar676334@gmail.com,Current,20952.71,693
4176,Sneha Jadhav,57,Nagpur,snehajadhav822578@gmail.com,Savings,12487.84,557
4177,Vijay Joshi,44,Mumbai,vijayjoshi347462@gmail.com,Salary,34472.51,784
4178,Ayesha Jadhav,68,Nagpur,ayeshajadhav593443@gmail.com,Salary,11728.21,
4179,Rohan Sharma,66,Solapur,rohansharma899736@gmail.com,Savings,5542.9,750
4180,Rohan Sharma,70,Ahmednagar,rohansharma100094@gmail.com,Salary,12536.78,568
4181,Aditya Patil,28,Nashik,adityapatil938356@gmail.com,Savings,35876.74,557
4182,Mohit Shaikh,19,Nagpur,mohitshaikh553915@gmail.com,Savings,38441.73,774
4183,Rohan Jadhav,67,Thane,rohanjadhav963900@gmail.com,Savings,957.99,794
4184,Aditya Verma,32,Nashik,adityaverma44718@gmail.com,Salary,42700.24,556
4185,Ananya Verma,55,Pune,ananyaverma241027@gmail.com,Savings,5371.9,757
4186,Pooja Khan,39,Nashik,poojakhan221786@gmail.com,Salary,,779
4187,Kavya Shaikh,52,Nagpur,kavyashaikh945153@gmail.com,Current Account,11749.19,839
4188,Arjun Patil,63,Aurangabad,arjunpatil910386@gmail.com,Salary,25324.64,782
4189,Ayesha Pawar,25,Thane,ayeshapawar726016@gmail.com,Salary,24606.81,817
4190,Aditya Jadhav,27,,adityajadhav930768@gmail.com,Savings,38372.01,723
4191,Mohit Shaikh,18,Kolhapur,mohitshaikh594416@gmail.com,Current,4838.23,657
4192,Kavya Verma,56,Ahmednagar,kavyaverma498698@gmail.com,Current,28438.06,777
4193,Ayesha Verma,60,Pune,ayeshaverma284363@gmail.com,Savings,18701.56,716
4194,Isha Sharma,47,Thane,ishasharma48923@gmail.com,Salary,30421.6,550
4195,Vijay Pawar,24,Satara,vijaypawar969151@gmail.com,Salary,34749.71,604
4196,Pooja Verma,,Kolhapur,poojaverma78059@gmail.com,Savings,34774.9,567
4197,Aditya Verma,34,Ahmednagar,adityaverma717775@gmail.com,Salary,48037.19,649
4198,Mohit Sharma,68,Aurangabad,mohitsharma970646@gmail.com,Current,34756.95,663
4199,Isha Jadhav,23,Satara,ishajadhav294092@gmail.com,Current,32943.43,749
4200,Vijay Patil,45,Mumbai,vijaypatil943096@gmail.com,Salary,845.61,600
4201,Amit Verma,49,Thane,amitverma569508@gmail.com,,11025.68,828
4202,Riya Shaikh,23,Thane,riyashaikh590982@gmail.com,Salary,23484.87,733
4203,Sahil Verma,29,Solapur,sahilverma690177@gmail.com,Current,10174.98,703
4204,Rahul Jadhav,65,Solapur,rahuljadhav34600@gmail.com,Salary,46965.67,647
4205,Ananya Patil,68,Nagpur,ananyapatil188166@gmail.com,,16842.39,705
4206,Arjun Jadhav,50,Satara,arjunjadhav973982@gmail.com,Savings,49856.67,770
4207,Priya Patil,55,Satara,priyapatil891837@gmail.com,Current,39585.31,717
4208,Isha Shaikh,61,Satara,ishashaikh329861@gmail.com,Current,30167.9,757
4209,Sneha Joshi,50,Aurangabad,snehajoshi16518@gmail.com,Current,32220.26,729
4210,Sahil Singh,38,Nashik,sahilsingh217321@gmail.com,Current,43655.38,701
4211,Vijay Singh,50,Thane,vijaysingh615651@gmail.com,Savings,4811.0,782
4212,Sahil Shaikh,38,Mumbai,sahilshaikh151295@gmail.com,Current,45704.49,608
4213,Simran Shaikh,31,Nashik,simranshaikh788895@gmail.com,Savings,1321.08,799
4214,Riya Gupta,59,Mumbai,riyagupta860656@gmail.com,,46359.03,657
4215,Sneha Singh,28,,snehasingh747432@gmail.com,Current,33261.42,760
4216,Karan Pawar,50,Nashik,karanpawar860878@gmail.com,Salary,41512.67,786
4217,Akash Verma,49,Mumbai,akashverma417743@gmail.com,Savings,48558.81,796
4218,Mohit Singh,60,Satara,mohitsingh974095@gmail.com,Savings,12724.33,688
4219,Ananya Khan,,Mumbai,ananyakhan80774@gmail.com,Salary,5722.82,587
4220,Priya Pawar,62,Aurangabad,priyapawar313914@gmail.com,Salary,41218.59,848
4221,Riya Sharma,54,Mumbai,riyasharma170441@gmail.com,Salary,23342.67,807
4222,Kavya Verma,21,Solapur,kavyaverma591453@gmail.com,Savings,48072.02,796
4223,Ayesha Joshi,28,Mumbai,ayeshajoshi252253@gmail.com,Salary,49920.85,794
4224,Simran Patil,34,Nagpur,simranpatil594323@gmail.com,Savings,26220.26,788
4225,Mohit Sharma,22,Ahmednagar,mohitsharma875294@gmail.com,Savings,21360.09,705
4226,Rohan Jadhav,,Solapur,rohanjadhav890804@gmail.com,Salary,46365.05,555
4227,Arjun Singh,58,Thane,arjunsingh408160@gmail.com,Salary,25864.7,712
4228,Ananya Singh,66,Mumbai,ananyasingh710022@gmail.com,Salary,40169.33,571
4229,Akash Singh,40,Aurangabad,akashsingh940175@gmail.com,Savings,27735.66,
4230,Mohit Jadhav,65,Solapur,mohitjadhav566920@gmail.com,,1844.76,571
4231,Amit Shaikh,58,Mumbai,amitshaikh347943@gmail.com,Savings,28504.14,667
4232,Rahul Singh,57,Kolhapur,rahulsingh402591@gmail.com,Salary,46553.79,561
4233,Riya Jadhav,42,Nashik,riyajadhav792413@gmail.com,Salary,28464.59,648
4234,,32,Solapur,,Current,35421.38,742
4235,Amit Verma,21,Pune,amitverma775779@gmail.com,Savings,45785.95,605
4236,Isha Shaikh,56,Nashik,ishashaikh146848@gmail.com,Current,28225.18,734
4237,Riya Jadhav,62,Aurangabad,riyajadhav828997@gmail.com,Current,6788.03,759
4238,Isha Gupta,53,Nagpur,ishagupta722894@gmail.com,Savings,17865.2,764
4239,Simran Khan,52,Thane,simrankhan759440@gmail.com,Salary,47860.63,719
4240,Pooja Khan,40,Mumbai,poojakhan82337@gmail.com,Savings,43387.08,707
4241,Rohan Sharma,27,Thane,rohansharma525219@gmail.com,Current,29257.36,735
4242,Simran Jadhav,54,Thane,simranjadhav781767@gmail.com,Savings,10032.6,849
4243,Amit Verma,28,Nagpur,amitverma362759@gmail.com,Savings,26716.87,773
4244,Pooja Joshi,27,Ahmednagar,poojajoshi56404@gmail.com,Savings,39653.91,754
4245,Rohan Patil,32,Mumbai,rohanpatil102530@gmail.com,Salary,15602.13,625
4246,Neha Shaikh,34,Ahmednagar,nehashaikh458420@gmail.com,Current,12373.53,745
4247,Ananya Gupta,51,Solapur,ananyagupta243520@gmail.com,,35589.84,648
4248,,40,Mumbai,,Current,15937.72,
4249,Ananya Verma,28,Mumbai,ananyaverma879514@gmail.com,Salary,2486.83,647
4250,Ayesha Khan,46,Aurangabad,ayeshakhan79810@gmail.com,Salary,39608.33,641
4251,Akash Gupta,66,Pune,akashgupta357237@gmail.com,Savings,45769.24,691
4252,Isha Singh,42,Aurangabad,ishasingh634665@gmail.com,Savings,37878.54,784
4253,Priya Gupta,34,Mumbai,priyagupta806460@gmail.com,Current,17292.07,638
4254,Amit Gupta,33,Nashik,amitgupta643784@gmail.com,Savings,38675.76,696
4255,Amit Jadhav,45,Nashik,amitjadhav624640@gmail.com,Savings,15742.22,574
4256,Pooja Shaikh,40,Satara,poojashaikh416073@gmail.com,Current,41214.77,774
4257,Simran Khan,48,Satara,simrankhan811231@gmail.com,Salary,36435.28,587
4258,Kavya Gupta,65,Mumbai,kavyagupta342330@gmail.com,Current,39803.45,821
4259,Mohit Gupta,66,Solapur,mohitgupta31164@gmail.com,Salary,16375.99,809
4260,Akash Khan,24,Satara,akashkhan665026@gmail.com,Salary,46753.5,846
4261,Pooja Pawar,52,Pune,poojapawar286704@gmail.com,Salary,44269.25,
4262,Simran Verma,62,Mumbai,simranverma821709@gmail.com,Current,46660.53,637
4263,Isha Patil,19,Thane,ishapatil472536@gmail.com,,4631.39,643
4264,Aditya Jadhav,31,Solapur,adityajadhav514535@gmail.com,Salary,2990.93,789
4265,Amit Verma,25,Ahmednagar,amitverma239320@gmail.com,Current,13218.88,782
4266,Ayesha Verma,24,Solapur,ayeshaverma373195@gmail.com,Salary,27036.23,628
4267,Arjun Sharma,54,Solapur,arjunsharma580002@gmail.com,Savings,11165.2,613
4268,Karan Gupta,68,Mumbai,karangupta986959@gmail.com,Salary,34358.55,786
4269,Ananya Gupta,38,Nashik,ananyagupta393763@gmail.com,Savings,,608
4270,Arjun Khan,21,Thane,arjunkhan452925@gmail.com,Salary,18402.11,797
4271,Sneha Khan,34,,snehakhan194860@gmail.com,Savings,22843.21,685
4272,Rahul Pawar,19,Nashik,rahulpawar712811@gmail.com,Current,33042.84,771
4273,Arjun Jadhav,29,Pune,arjunjadhav614434@gmail.com,Savings,4471.49,581
4274,Pooja Joshi,62,Ahmednagar,poojajoshi692864@gmail.com,Salary,9792.07,727
4275,Arjun Gupta,22,Kolhapur,arjungupta398635@gmail.com,Savings,33112.68,629
4276,Pooja Shaikh,50,Aurangabad,poojashaikh89956@gmail.com,Savings,49969.98,756
4277,Arjun Shaikh,42,Nagpur,arjunshaikh809776@gmail.com,Salary,17620.87,757
4278,Sneha Patil,35,Mumbai,snehapatil648765@gmail.com,Savings,42204.62,733
4279,Akash Joshi,55,Aurangabad,akashjoshi309827@gmail.com,Salary,25539.2,784
4280,Neha Pawar,30,Ahmednagar,nehapawar836921@gmail.com,Savings,47595.57,819
4281,Vijay Khan,51,Aurangabad,vijaykhan258521@gmail.com,Salary,17198.94,557
4282,Akash Khan,58,Pune,akashkhan747848@gmail.com,Savings,8549.38,835
4283,Rohan Gupta,51,Mumbai,rohangupta77177@gmail.com,Salary,8999.47,741
4284,Ananya Shaikh,31,Thane,ananyashaikh86123@gmail.com,Current,45589.98,596
4285,Rohan Pawar,38,Pune,rohanpawar281089@gmail.com,Current,,712
4286,Rohan Sharma,60,Ahmednagar,rohansharma161812@gmail.com,Salary,23312.54,706
4287,Sneha Shaikh,51,Pune,snehashaikh398558@gmail.com,Salary,47793.73,613
4288,Isha Gupta,,Ahmednagar,ishagupta746347@gmail.com,Salary,44442.81,710
4289,Kavya Singh,50,Nagpur,kavyasingh822068@gmail.com,Savings,-39085.86,707
4290,Amit Shaikh,49,Ahmednagar,amitshaikh664793@gmail.com,Salary,1460.34,609
4291,Simran Verma,33,Nashik,simranverma161871@gmail.com,Savings,48307.73,735
4292,Sahil Sharma,57,Aurangabad,sahilsharma775684@gmail.com,Savings,28473.53,793
4293,Mohit Joshi,66,Mumbai,mohitjoshi408648@gmail.com,Salary,,637
4294,Ayesha Gupta,53,Solapur,ayeshagupta332161@gmail.com,Salary,18569.49,801
4295,Ayesha Sharma,31,Mumbai,ayeshasharma378321@gmail.com,Current,1943.87,570
4296,Simran Gupta,56,Mumbai,simrangupta111826@gmail.com,Savings,36406.06,812
4297,Isha Gupta,36,Nashik,ishagupta96066@gmail.com,Current,4459.05,684
4298,Karan Sharma,36,Satara,karansharma5547@gmail.com,Salary,1754.84,566
4299,Amit Patil,38,Nagpur,amitpatil988865@gmail.com,Current,19502.23,696
4300,Arjun Shaikh,,Mumbai,arjunshaikh323341@gmail.com,Current,43178.18,724
4301,Aditya Sharma,64,Thane,adityasharma466439@gmail.com,Current,8090.74,699
4302,Karan Singh,54,Pune,karansingh377500@gmail.com,Savings,6967.16,584
4303,Sneha Gupta,42,Thane,snehagupta798429@gmail.com,Salary,47142.95,729
4304,Neha Patil,53,Satara,nehapatil282970@gmail.com,Savings,20552.18,653
4305,Sneha Joshi,63,Kolhapur,snehajoshi107297@gmail.com,Savings,49192.74,597
4306,Pooja Jadhav,36,Satara,poojajadhav139043@gmail.com,Salary,30605.85,842
4307,Riya Pawar,24,Aurangabad,riyapawar91637@gmail.com,Current,42150.81,682
4308,Mohit Joshi,38,Satara,mohitjoshi196594@gmail.com,Salary,13898.57,714
4309,Karan Shaikh,48,Thane,karanshaikh452014@gmail.com,Current,39389.71,561
4310,Amit Singh,56,Nagpur,amitsingh470746@gmail.com,Savings,6349.04,757
4311,Pooja Gupta,60,Kolhapur,poojagupta584141@gmail.com,Salary,45838.26,806
4312,Neha Sharma,65,Kolhapur,nehasharma581787@gmail.com,Current,28592.7,815
4313,Kavya Sharma,56,Thane,kavyasharma537433@gmail.com,Savings,49817.55,
4314,Isha Singh,68,Thane,ishasingh427965@gmail.com,Savings,2522.96,
4315,Rohan Sharma,53,Ahmednagar,rohansharma108410@gmail.com,Current,34032.51,675
4316,Riya Joshi,19,Nagpur,riyajoshi27637@gmail.com,Savings,7161.39,737
4317,Sneha Verma,44,Nashik,snehaverma94072@gmail.com,Current,13523.81,752
4318,Kavya Verma,50,Aurangabad,kavyaverma371206@gmail.com,Savings,20298.76,668
4319,Rahul Joshi,,Aurangabad,rahuljoshi581241@gmail.com,Salary,10599.56,816
4320,Arjun Gupta,42,Thane,arjungupta97684@gmail.com,Salary,39535.65,724
4321,Ananya Gupta,65,Thane,ananyagupta626020@gmail.com,Salary,49808.81,809
4322,Mohit Pawar,33,Mumbai,mohitpawar627194@gmail.com,Salary,15552.38,813
4323,Neha Patil,38,Thane,nehapatil822643@gmail.com,Savings,9430.8,
4324,Arjun Shaikh,68,Nagpur,arjunshaikh340289@gmail.com,Current,16288.97,722
4325,Ayesha Singh,67,Pune,ayeshasingh905774@gmail.com,Savings,9631.39,638
4326,Rahul Singh,54,Nashik,rahulsingh404051@gmail.com,Current,21271.14,606
4327,Priya Shaikh,45,Ahmednagar,priyashaikh13040@gmail.com,Savings,37056.94,585
4328,Rohan Sharma,57,Kolhapur,rohansharma306124@gmail.com,Salary,43640.95,816
4329,Isha Pawar,65,Solapur,ishapawar434011@gmail.com,Current,14638.2,807
4330,Priya Joshi,33,Satara,priyajoshi406737@gmail.com,Savings,14075.69,774
4331,Rahul Khan,30,Satara,rahulkhan817118@gmail.com,Salary,5286.28,824
4332,Sneha Jadhav,33,Kolhapur,snehajadhav88913@gmail.com,Current,37052.5,733
4333,Mohit Verma,24,Nagpur,mohitverma760153@gmail.com,Current,13911.39,834
4334,Sneha Sharma,70,Nagpur,snehasharma945009@gmail.com,Current,1395.0,615
4335,Akash Patil,36,Pune,akashpatil586816@gmail.com,Savings,45951.92,
4336,Akash Singh,26,Ahmednagar,akashsingh949278@gmail.com,Savings,40989.43,830
4337,Sahil Khan,27,Thane,sahilkhan254633@gmail.com,Savings,23509.6,689
4338,Ayesha Patil,30,Solapur,ayeshapatil599843@gmail.com,Current,17690.43,744
4339,Amit Singh,49,Kolhapur,amitsingh546517@gmail.com,Salary,38384.72,682
4340,Neha Gupta,19,Pune,nehagupta177920@gmail.com,Salary,21422.56,641
4341,Sahil Shaikh,30,Nagpur,sahilshaikh718705@gmail.com,Current,24103.05,717
4342,Sahil Joshi,39,Solapur,sahiljoshi399326@gmail.com,Salary,34955.26,774
4343,Simran Sharma,43,Solapur,simransharma177835@gmail.com,Savings,40713.66,725
4344,Kavya Verma,32,Solapur,kavyaverma145684@gmail.com,Salary,39111.6,605
4345,Riya Pawar,61,Kolhapur,riyapawar282081@gmail.com,Savings,4634.4,552
4346,Mohit Patil,35,Nagpur,mohitpatil315859@gmail.com,Savings,1552.81,841
4347,Mohit Sharma,53,Nashik,mohitsharma281544@gmail.com,Savings,26586.35,836
4348,Riya Verma,34,Satara,riyaverma517177@gmail.com,Salary,20450.02,
4349,Isha Singh,51,Satara,ishasingh153123@gmail.com,Salary,16160.27,625
4350,Rohan Pawar,66,Satara,rohanpawar66440@gmail.com,Savings,17800.22,558
4351,Isha Patil,54,Nashik,ishapatil175429@gmail.com,Current,29100.87,755
4352,Amit Patil,54,Nagpur,amitpatil455891@gmail.com,Savings,22016.13,644
4353,Priya Shaikh,41,Solapur,priyashaikh289466@gmail.com,Savings,4372.91,701
4354,Kavya Shaikh,20,Nashik,kavyashaikh441657@gmail.com,Savings,14016.73,657
4355,Ayesha Joshi,64,Thane,ayeshajoshi314413@gmail.com,Salary,24507.91,587
4356,Rahul Singh,59,Aurangabad,rahulsingh507853@gmail.com,Current,20100.14,712
4357,Riya Gupta,69,,riyagupta820785@gmail.com,Savings,43234.15,814
4358,Karan Verma,42,Pune,karanverma80757@gmail.com,Savings,45217.78,632
4359,Riya Joshi,49,Thane,riyajoshi378766@gmail.com,Current,29548.05,589
4360,Arjun Gupta,41,Satara,arjungupta264026@gmail.com,Current,34038.76,747
4361,Rohan Shaikh,65,Aurangabad,rohanshaikh990188@gmail.com,Salary,3467.13,
4362,Karan Jadhav,39,Kolhapur,karanjadhav258668@gmail.com,Salary,45784.87,617
4363,Akash Patil,60,Pune,akashpatil756017@gmail.com,Current,8852.93,591
4364,Rahul Pawar,65,Nagpur,rahulpawar655495@gmail.com,Current,3503.75,686
4365,Sneha Jadhav,63,Pune,snehajadhav519986@gmail.com,Current,23763.95,847
4366,Aditya Sharma,68,Nagpur,adityasharma622751@gmail.com,Current,47187.25,
4367,Rohan Khan,24,Nashik,rohankhan646724@gmail.com,Current,17716.86,704
4368,Arjun Singh,54,Kolhapur,arjunsingh205147@gmail.com,Current,12320.17,813
4369,Arjun Gupta,42,Ahmednagar,arjungupta480202@gmail.com,Salary,9144.86,763
4370,Ananya Verma,59,Thane,ananyaverma112268@gmail.com,Savings,29547.03,809
4371,Simran Jadhav,18,Kolhapur,simranjadhav142171@gmail.com,Savings,27343.31,668
4372,Karan Patil,67,Mumbai,karanpatil319557@gmail.com,Salary,46325.61,784
4373,Karan Verma,18,Thane,karanverma7196@gmail.com,Savings,19646.57,771
4374,Sahil Verma,64,Thane,sahilverma995013@gmail.com,Current,34012.69,650
4375,Isha Khan,44,Mumbai,ishakhan415013@gmail.com,Salary,40167.09,719
4376,Karan Pawar,26,Pune,karanpawar348454@gmail.com,Current,43239.0,647
4377,Neha Pawar,60,Pune,nehapawar882595@gmail.com,Salary,43744.0,836
4378,Karan Patil,,Ahmednagar,karanpatil650418@gmail.com,Savings,42168.69,658
4379,Priya Joshi,26,Aurangabad,priyajoshi398443@gmail.com,Current,22851.13,617
4380,Ayesha Gupta,20,Solapur,ayeshagupta843235@gmail.com,Current,8492.0,602
4381,Vijay Singh,40,Mumbai,vijaysingh904180@gmail.com,Savings,6733.94,780
4382,Kavya Joshi,29,Mumbai,kavyajoshi345649@gmail.com,Savings,38544.01,685
4383,Priya Sharma,26,Ahmednagar,priyasharma461707@gmail.com,Salary,1493.5,636
4384,Sahil Jadhav,20,Solapur,sahiljadhav351096@gmail.com,Salary,34900.91,835
4385,Pooja Gupta,33,Mumbai,poojagupta451633@gmail.com,Savings,22553.87,670
4386,Mohit Joshi,22,Pune,mohitjoshi855188@gmail.com,Savings,21670.32,615
4387,Ananya Gupta,23,Aurangabad,ananyagupta863639@gmail.com,Salary,30785.02,691
4388,Vijay Jadhav,32,Nagpur,vijayjadhav901359@gmail.com,Salary,8107.55,738
4389,Mohit Singh,35,Nagpur,mohitsingh682761@gmail.com,Savings,20970.27,768
4390,Simran Shaikh,58,Pune,simranshaikh623366@gmail.com,Current,37025.16,703
4391,Akash Sharma,30,Kolhapur,akashsharma142836@gmail.com,Current,6490.62,825
4392,Neha Jadhav,54,Mumbai,nehajadhav315129@gmail.com,Current,41701.16,782
4393,Rohan Patil,64,Satara,rohanpatil336341@gmail.com,Current,9959.54,653
4394,Rahul Joshi,46,Aurangabad,rahuljoshi632612@gmail.com,Salary,39085.3,753
4395,Riya Patil,41,Satara,riyapatil993393@gmail.com,Salary,9673.66,712
4396,Rahul Verma,67,Nashik,rahulverma729166@gmail.com,Savings,1895.44,735
4397,Rahul Shaikh,69,Kolhapur,rahulshaikh210708@gmail.com,Current,35457.8,588
4398,Akash Joshi,25,Satara,akashjoshi502378@gmail.com,Savings,3164.56,830
4399,Rohan Shaikh,39,Kolhapur,rohanshaikh329545@gmail.com,Salary,20337.37,693
4400,Isha Singh,47,Ahmednagar,ishasingh186366@gmail.com,Savings,32686.98,668
4401,Sahil Singh,31,Solapur,sahilsingh417684@gmail.com,Current,13276.07,786
4402,Isha Pawar,46,Kolhapur,ishapawar334740@gmail.com,Current,33455.66,799
4403,Ayesha Gupta,18,Nagpur,ayeshagupta305705@gmail.com,Savings,1401.96,631
4404,Neha Patil,22,Ahmednagar,nehapatil770671@gmail.com,Salary,,616
4405,Aditya Singh,45,Nashik,adityasingh728816@gmail.com,Savings,19559.99,841
4406,Sneha Patil,,Thane,snehapatil663746@gmail.com,Current,7498.34,590
4407,Sahil Verma,22,Thane,sahilverma514958@gmail.com,Savings,26885.7,627
4408,Pooja Patil,47,Kolhapur,poojapatil603953@gmail.com,Salary,41103.68,604
4409,Sneha Pawar,24,Mumbai,snehapawar820059@gmail.com,Current,2083.69,661
4410,Riya Sharma,52,Satara,riyasharma254300@gmail.com,Savings,29070.82,565
4411,Rahul Verma,63,Aurangabad,rahulverma341816@gmail.com,Current,34849.81,704
4412,Ananya Patil,27,Nagpur,ananyapatil394422@gmail.com,Current,13768.88,717
4413,Mohit Jadhav,,Pune,mohitjadhav294016@gmail.com,Current,28779.77,747
4414,Pooja Shaikh,62,Satara,poojashaikh856256@gmail.com,Salary,13016.07,700
4415,Aditya Jadhav,43,Kolhapur,adityajadhav824140@gmail.com,Salary,42201.13,820
4416,Simran Pawar,,Kolhapur,simranpawar412122@gmail.com,Savings,33511.15,848
4417,Simran Patil,30,Aurangabad,simranpatil382846@gmail.com,Salary,33630.44,665
4418,Riya Verma,32,Nashik,riyaverma119520@gmail.com,Current,46725.08,672
4419,Rohan Jadhav,39,Nashik,rohanjadhav977443@gmail.com,Salary,7842.84,615
4420,Kavya Sharma,35,Satara,kavyasharma591340@gmail.com,Savings,31447.35,805
4421,Rahul Singh,37,Kolhapur,rahulsingh209605@gmail.com,Salary,,725
4422,Sneha Singh,,Kolhapur,snehasingh621095@gmail.com,Current,30485.25,751
4423,Pooja Pawar,26,Aurangabad,poojapawar572233@gmail.com,Savings,21209.86,564
4424,Akash Patil,53,Thane,akashpatil188767@gmail.com,Savings,32052.91,726
4425,Karan Patil,63,Nagpur,karanpatil714927@gmail.com,Salary,29466.56,608
4426,Rohan Singh,51,Nagpur,rohansingh805005@gmail.com,Current,36062.75,730
4427,Ananya Khan,33,Kolhapur,ananyakhan576920@gmail.com,Savings,6910.86,794
4428,Riya Khan,22,Pune,riyakhan28323@gmail.com,Current,2673.0,673
4429,Rahul Singh,56,Ahmednagar,rahulsingh999397@gmail.com,Current,1240.01,838
4430,Rohan Shaikh,38,Thane,rohanshaikh762638@gmail.com,Salary,17329.88,812
4431,Amit Khan,56,Nagpur,amitkhan484145@gmail.com,Savings,43018.68,724
4432,Simran Pawar,46,Nagpur,simranpawar988880@gmail.com,Savings,16372.49,606
4433,Kavya Pawar,25,Nashik,kavyapawar742876@gmail.com,Current,5299.7,
4434,Akash Shaikh,54,Solapur,akashshaikh219932@gmail.com,Salary,23274.62,803
4435,Riya Sharma,56,Mumbai,riyasharma459853@gmail.com,Savings,40378.81,580
4436,Priya Sharma,45,Satara,priyasharma836533@gmail.com,Current,26150.67,778
4437,Priya Singh,51,Nagpur,priyasingh305582@gmail.com,Salary,32904.55,615
4438,Aditya Khan,61,Ahmednagar,adityakhan871762@gmail.com,Current,16123.24,736
4439,Kavya Jadhav,63,Thane,kavyajadhav726590@gmail.com,Current,27717.94,693
4440,Neha Sharma,40,Solapur,nehasharma72618@gmail.com,Current,43947.72,577
4441,Ayesha Joshi,30,Aurangabad,ayeshajoshi858847@gmail.com,Current,39890.94,830
4442,Mohit Shaikh,47,Mumbai,mohitshaikh889070@gmail.com,Salary,23251.36,836
4443,Rahul Pawar,24,Mumbai,rahulpawar834406@gmail.com,Salary,6768.41,591
4444,Kavya Khan,30,Aurangabad,kavyakhan833765@gmail.com,Salary,27758.63,744
4445,Aditya Pawar,21,Ahmednagar,adityapawar429116@gmail.com,Salary,18692.59,695
4446,Amit Joshi,58,Thane,amitjoshi705768@gmail.com,Salary,43686.04,665
4447,Akash Sharma,67,Aurangabad,akashsharma523657@gmail.com,Current,20393.01,595
4448,Arjun Joshi,44,Mumbai,arjunjoshi146039@gmail.com,Current,21064.01,674
4449,Priya Shaikh,26,Pune,priyashaikh664200@gmail.com,Current,36382.46,836
4450,Priya Sharma,66,Thane,priyasharma317643@gmail.com,Salary,38227.52,578
4451,Sneha Pawar,67,Thane,snehapawar253877@gmail.com,Savings,32947.09,840
4452,Sneha Patil,19,Solapur,snehapatil265055@gmail.com,Current,8474.29,582
4453,Riya Singh,26,Ahmednagar,riyasingh690758@gmail.com,Savings,,603
4454,Riya Pawar,64,Satara,riyapawar161730@gmail.com,Savings,7601.59,844
4455,Aditya Gupta,32,Ahmednagar,adityagupta750079@gmail.com,Current,15953.08,675
4456,Simran Joshi,62,Satara,simranjoshi443781@gmail.com,Savings,9365.02,838
4457,Ananya Singh,65,Satara,ananyasingh827506@gmail.com,Savings,45582.21,765
4458,Vijay Verma,24,Satara,vijayverma395403@gmail.com,Salary,33676.9,749
4459,Ananya Pawar,34,Ahmednagar,ananyapawar77658@gmail.com,Current,3032.64,701
4460,Neha Verma,40,Satara,nehaverma470980@gmail.com,Salary,13267.85,742
4461,Sahil Patil,51,Mumbai,sahilpatil627079@gmail.com,Current,6630.25,631
4462,Isha Khan,44,Solapur,ishakhan502614@gmail.com,Salary,19914.39,567
4463,Sneha Gupta,33,Aurangabad,snehagupta610627@gmail.com,Savings,31986.12,684
4464,Sahil Shaikh,62,Nagpur,sahilshaikh420374@gmail.com,Current,28265.87,592
4465,Rahul Verma,65,Nagpur,rahulverma560424@gmail.com,Savings,12811.11,642
4466,Akash Joshi,68,Kolhapur,akashjoshi531321@gmail.com,Salary,33007.81,839
4467,Akash Singh,,Solapur,akashsingh968455@gmail.com,Current,6140.18,800
4468,Mohit Khan,44,Ahmednagar,mohitkhan965201@gmail.com,Savings,23288.66,567
4469,Pooja Patil,48,Aurangabad,poojapatil911977@gmail.com,Salary,11182.93,756
4470,Mohit Khan,49,Pune,mohitkhan725409@gmail.com,Salary,18846.42,834
4471,Aditya Shaikh,,Aurangabad,adityashaikh438720@gmail.com,Current,32884.02,844
4472,Ayesha Sharma,18,Solapur,ayeshasharma570153@gmail.com,,22835.9,636
4473,Arjun Joshi,22,Nashik,arjunjoshi38651@gmail.com,Current,26038.81,697
4474,Sneha Sharma,59,Mumbai,snehasharma829230@gmail.com,Salary,15345.7,735
4475,Sneha Gupta,29,Satara,snehagupta377093@gmail.com,Current,45961.19,728
4476,Amit Patil,62,Nagpur,amitpatil735816@gmail.com,Current,7570.95,720
4477,Vijay Joshi,,Mumbai,vijayjoshi939101@gmail.com,Current,1599.02,647
4478,Amit Gupta,,Pune,amitgupta851855@gmail.com,Salary,31894.4,732
4479,Priya Gupta,56,Thane,priyagupta563086@gmail.com,Salary,2108.05,681
4480,Aditya Patil,36,Solapur,adityapatil622765@gmail.com,Current,13840.57,779
4481,Pooja Verma,34,Solapur,poojaverma669280@gmail.com,Salary,1747.33,642
4482,Sahil Joshi,58,Kolhapur,sahiljoshi958919@gmail.com,Savings,18211.44,625
4483,Pooja Singh,32,Satara,poojasingh89210@gmail.com,Current,25045.35,
4484,Sahil Patil,40,Nagpur,sahilpatil114782@gmail.com,Current,44464.58,678
4485,Ayesha Pawar,22,Nagpur,ayeshapawar806406@gmail.com,Current,-7886.51,687
4486,Riya Shaikh,39,Mumbai,riyashaikh260389@gmail.com,Current,9458.18,639
4487,Isha Joshi,46,Nashik,ishajoshi689645@gmail.com,Savings,23649.75,634
4488,Pooja Singh,67,Pune,poojasingh697082@gmail.com,Current,48106.28,
4489,Simran Shaikh,66,Kolhapur,simranshaikh372353@gmail.com,Savings,44051.09,626
4490,Karan Khan,53,Aurangabad,karankhan174518@gmail.com,Salary,17419.62,999
4491,Ananya Khan,20,Thane,ananyakhan678528@gmail.com,Salary,14627.28,723
4492,Aditya Pawar,70,Satara,adityapawar642539@gmail.com,Salary,1673.51,603
4493,Neha Sharma,39,Aurangabad,nehasharma46548@gmail.com,Salary,8821.68,840
4494,Rahul Patil,52,Pune,rahulpatil590679@gmail.com,Current,36380.38,847
4495,Karan Singh,25,Thane,karansingh676464@gmail.com,Savings,37172.98,814
4496,Isha Verma,27,Kolhapur,ishaverma710480@gmail.com,Salary,10695.81,606
4497,Priya Shaikh,47,Thane,priyashaikh678259@gmail.com,Savings,17266.94,800
4498,Mohit Singh,46,Pune,mohitsingh419129@gmail.com,Savings,25730.79,570
4499,Pooja Khan,26,Ahmednagar,poojakhan789345@gmail.com,Current,13799.26,683
4500,Riya Sharma,23,Mumbai,riyasharma347804@gmail.com,Current,43857.81,
4501,Ananya Joshi,56,Aurangabad,ananyajoshi835008@gmail.com,Savings,9578.34,737
4502,Mohit Jadhav,38,Satara,mohitjadhav451465@gmail.com,Current,15393.18,730
4503,Kavya Sharma,25,Satara,kavyasharma111190@gmail.com,Current,24556.54,765
4504,,27,Nashik,,Savings,25781.48,839
4505,Simran Khan,52,Nashik,simrankhan11160@gmail.com,Savings,6878.93,805
4506,Arjun Gupta,19,Satara,arjungupta103496@gmail.com,Salary,20741.49,761
4507,Simran Joshi,40,Aurangabad,simranjoshi271406@gmail.com,Savings,14591.11,668
4508,Rahul Shaikh,45,Nashik,rahulshaikh232885@gmail.com,Current,,661
4509,Arjun Singh,43,Aurangabad,arjunsingh535582@gmail.com,Savings,9612.83,552
4510,Ananya Pawar,26,Thane,ananyapawar783232@gmail.com,Savings,13628.55,706
4511,Sahil Verma,37,Aurangabad,sahilverma544098@gmail.com,Savings,29721.62,823
4512,Vijay Verma,57,Solapur,vijayverma585198@gmail.com,Salary,29641.62,832
4513,Vijay Pawar,52,Ahmednagar,vijaypawar608817@gmail.com,Savings,8148.63,603
4514,Akash Sharma,70,Kolhapur,akashsharma721168@gmail.com,Savings,,700
4515,Riya Khan,34,Thane,riyakhan603278@gmail.com,Savings,31814.15,618
4516,Amit Jadhav,25,Thane,amitjadhav231868@gmail.com,Savings,5565.34,806
4517,Sahil Patil,65,Nagpur,sahilpatil467532@gmail.com,Salary,41465.88,581
4518,Ananya Khan,63,Nashik,ananyakhan392392@gmail.com,Savings,31037.27,676
4519,Vijay Patil,33,Nashik,vijaypatil410233@gmail.com,Current,2142.84,564
4520,Amit Khan,36,Ahmednagar,amitkhan485656@gmail.com,Savings,29966.92,658
4521,Amit Jadhav,39,Ahmednagar,amitjadhav809959@gmail.com,Current,48995.87,802
4522,###,64,Nashik,customer712665@gmail.com,Salary,36559.56,761
4523,Mohit Patil,55,Aurangabad,mohitpatil617281@gmail.com,Salary,31458.33,593
4524,Mohit Pawar,30,Pune,mohitpawar724075@gmail.com,Salary,16697.12,655
4525,Sahil Joshi,53,Nagpur,sahiljoshi524876@gmail.com,Salary,37772.06,732
4526,Sahil Gupta,55,Aurangabad,sahilgupta158167@gmail.com,Current,23803.39,601
4527,Kavya Gupta,23,Kolhapur,kavyagupta361824@gmail.com,Current,16027.99,746
4528,Priya Gupta,52,Nashik,priyagupta25855@gmail.com,,44617.6,623
4529,Ayesha Gupta,30,Thane,ayeshagupta506322@gmail.com,Savings,14348.18,820
4530,Ananya Joshi,67,,ananyajoshi109727@gmail.com,Salary,12753.96,810
4531,Sahil Singh,26,Satara,sahilsingh309883@gmail.com,Current,9283.08,645
4532,Isha Pawar,49,Mumbai,ishapawar436281@gmail.com,Salary,24715.72,581
4533,Mohit Verma,47,Satara,mohitverma965364@gmail.com,Salary,11885.21,566
4534,Aditya Pawar,27,Satara,adityapawar90125@gmail.com,Current,39617.07,795
4535,Pooja Shaikh,56,Mumbai,poojashaikh121807@gmail.com,Current,24804.99,704
4536,Arjun Khan,18,Nagpur,arjunkhan871799@gmail.com,Savings,41828.21,812
4537,Amit Shaikh,48,Satara,amitshaikh986470@gmail.com,Salary,11884.46,740
4538,Isha Jadhav,30,Satara,ishajadhav765718@gmail.com,Salary,21558.68,793
4539,Ananya Verma,19,Ahmednagar,ananyaverma148657@gmail.com,Savings,21702.99,755
4540,Akash Patil,30,Solapur,akashpatil365349@gmail.com,Salary,7181.3,570
4541,Aditya Pawar,30,Ahmednagar,adityapawar327140@gmail.com,Savings,22884.34,780
4542,Aditya Joshi,31,Thane,adityajoshi359831@gmail.com,Current,10234.16,617
4543,Karan Sharma,18,Ahmednagar,karansharma477550@gmail.com,Salary,3727.56,726
4544,Vijay Khan,39,Nagpur,vijaykhan822466@gmail.com,Current,8973.47,780
4545,Sneha Khan,67,Ahmednagar,snehakhan217016@gmail.com,Salary,13309.35,740
4546,Sneha Pawar,19,Pune,snehapawar546528@gmail.com,Current,21197.75,678
4547,Sneha Shaikh,59,Ahmednagar,snehashaikh506484@gmail.com,Current,27710.45,834
4548,Karan Shaikh,62,Thane,karanshaikh365319@gmail.com,Savings,1595.63,637
4549,Rahul Pawar,56,Satara,rahulpawar499392@gmail.com,Savings,26055.51,783
4550,Sahil Jadhav,52,Solapur,sahiljadhav102465@gmail.com,Salary,35207.21,672
4551,Sahil Patil,51,Solapur,sahilpatil459550@gmail.com,Savings,20184.98,681
4552,Rahul Jadhav,24,Thane,rahuljadhav757165@gmail.com,Salary,3857.87,604
4553,Aditya Singh,67,Aurangabad,adityasingh730709@gmail.com,Salary,29124.29,681
4554,Karan Pawar,43,Nagpur,karanpawar474525@gmail.com,Salary,715.79,650
4555,Sahil Joshi,64,Pune,sahiljoshi334500@gmail.com,Current,28503.81,822
4556,Priya Patil,62,Nagpur,priyapatil70537@gmail.com,Current,20251.85,829
4557,Arjun Joshi,65,Thane,arjunjoshi314949@gmail.com,Savings,33319.18,659
4558,Aditya Khan,31,Pune,adityakhan46953@gmail.com,Savings,34736.26,621
4559,Neha Sharma,28,Mumbai,nehasharma849641@gmail.com,Savings,24322.78,681
4560,Karan Patil,32,Kolhapur,karanpatil745405@gmail.com,Savings,15856.34,573
4561,Isha Pawar,31,Nagpur,ishapawar120775@gmail.com,Savings,25432.24,591
4562,Sneha Singh,57,Satara,snehasingh23782@gmail.com,Salary,46982.95,803
4563,Ayesha Gupta,28,Pune,ayeshagupta890529@gmail.com,Savings,20600.66,843
4564,Mohit Singh,63,Ahmednagar,mohitsingh359843@gmail.com,,,753
4565,Rahul Khan,58,Pune,rahulkhan679545@gmail.com,Savings,10551.79,744
4566,Rahul Jadhav,67,Ahmednagar,rahuljadhav114775@gmail.com,Current,24064.02,774
4567,Priya Khan,43,Pune,priyakhan710132@gmail.com,Salary,12709.35,571
4568,Akash Pawar,60,Nagpur,akashpawar839013@gmail.com,Current,1612.21,693
4569,Isha Patil,25,Ahmednagar,ishapatil172437@gmail.com,Savings,25017.73,736
4570,Simran Joshi,43,Ahmednagar,simranjoshi975194@gmail.com,Salary,49843.04,593
4571,Ananya Shaikh,29,Nagpur,ananyashaikh776559@gmail.com,Current,25584.61,639
4572,Isha Shaikh,24,Ahmednagar,ishashaikh255861@gmail.com,Savings,12399.51,624
4573,Kavya Singh,25,Mumbai,kavyasingh541158@gmail.com,Savings,19704.26,574
4574,Sahil Joshi,53,Ahmednagar,sahiljoshi183027@gmail.com,Current,21669.19,830
4575,Neha Khan,29,Solapur,nehakhan578819@gmail.com,Salary,31002.48,787
4576,Ayesha Singh,57,Mumbai,ayeshasingh168014@gmail.com,Current,11542.73,677
4577,Vijay Patil,40,Nagpur,vijaypatil347167@gmail.com,Salary,49579.88,750
4578,Ananya Verma,35,Pune,ananyaverma587144@gmail.com,Salary,10574.77,698
4579,,58,Kolhapur,,Current,41382.82,609
4580,Rohan Khan,,Aurangabad,rohankhan447180@gmail.com,Savings,40254.28,567
4581,Riya Patil,37,Nagpur,riyapatil484598@gmail.com,Current,532.34,753
4582,Neha Verma,25,Pune,nehaverma243218@gmail.com,Salary,26160.68,828
4583,Aditya Pawar,48,Satara,adityapawar836607@gmail.com,Savings,9873.17,735
4584,Sneha Pawar,66,Ahmednagar,snehapawar424823@gmail.com,Current,27498.33,727
4585,Rahul Khan,23,Solapur,rahulkhan660451@gmail.com,Current,10074.86,773
4586,Karan Verma,29,Aurangabad,karanverma193511@gmail.com,Salary,38168.28,613
4587,Isha Verma,18,Nashik,ishaverma195540@gmail.com,Savings,32491.7,701
4588,Arjun Gupta,32,Ahmednagar,arjungupta671690@gmail.com,Salary,2458.06,763
4589,Neha Verma,33,Thane,nehaverma689337@gmail.com,Current,36585.13,664
4590,Sneha Joshi,58,Aurangabad,snehajoshi453225@gmail.com,Savings,33593.68,724
4591,Rohan Jadhav,59,Nashik,rohanjadhav414898@gmail.com,Salary,34798.86,576
4592,Vijay Patil,23,Solapur,vijaypatil30710@gmail.com,Current,7577.95,575
4593,Aditya Sharma,36,Thane,adityasharma773307@gmail.com,Current,19980.6,813
4594,Sahil Verma,65,Kolhapur,sahilverma644037@gmail.com,Current,29444.88,830
4595,Mohit Gupta,58,Pune,mohitgupta926094@gmail.com,Salary,19407.63,638
4596,Rohan Shaikh,27,Pune,rohanshaikh207009@gmail.com,Current,35743.68,580
4597,Mohit Singh,29,Aurangabad,mohitsingh471513@gmail.com,Savings,22355.49,742
4598,Isha Shaikh,50,Mumbai,ishashaikh621070@gmail.com,Salary,44267.34,759
4599,Ananya Khan,21,Aurangabad,ananyakhan450518@gmail.com,Salary,47051.76,626
4600,Sneha Singh,32,Solapur,snehasingh407823@gmail.com,Salary,17611.61,687
4601,Priya Shaikh,32,Nashik,priyashaikh4766@gmail.com,,,614
4602,Mohit Pawar,58,Pune,mohitpawar739068@gmail.com,Savings,3045.53,583
4603,Mohit Sharma,67,Kolhapur,mohitsharma225330@gmail.com,Savings,30276.32,557
4604,Arjun Verma,27,Pune,arjunverma215880@gmail.com,Current,17432.09,574
4605,Ananya Shaikh,35,Thane,ananyashaikh291965@gmail.com,Current,6457.88,751
4606,Rohan Patil,37,Mumbai,rohanpatil788970@gmail.com,Savings,23527.21,550
4607,Mohit Joshi,69,Ahmednagar,mohitjoshi738045@gmail.com,Savings,23233.17,698
4608,Ayesha Singh,19,Satara,ayeshasingh848114@gmail.com,Salary,37005.93,838
4609,Mohit Khan,47,Pune,mohitkhan834774@gmail.com,Salary,39745.5,688
4610,Ayesha Shaikh,67,Solapur,ayeshashaikh65702@gmail.com,Salary,15700.54,672
4611,Priya Gupta,40,,priyagupta605493@gmail.com,Salary,29311.89,726
4612,Amit Singh,34,Nashik,amitsingh106794@gmail.com,Salary,21374.76,705
4613,Mohit Shaikh,26,Pune,mohitshaikh838438@gmail.com,Salary,8902.88,647
4614,Sneha Shaikh,,Mumbai,snehashaikh914436@gmail.com,Current,25918.62,600
4615,Arjun Patil,67,Mumbai,arjunpatil563068@gmail.com,Salary,31107.52,587
4616,Akash Singh,37,Ahmednagar,akashsingh196141@gmail.com,Salary,27571.77,598
4617,Rohan Patil,47,Kolhapur,rohanpatil383661@gmail.com,Savings,5600.46,726
4618,Aditya Singh,46,Kolhapur,adityasingh341919@gmail.com,Current,8922.39,794
4619,,35,Solapur,,Current,,722
4620,Ananya Jadhav,56,Mumbai,ananyajadhav206747@gmail.com,Current,27230.05,793
4621,Simran Sharma,39,Ahmednagar,simransharma479876@gmail.com,Savings,48860.87,562
4622,Akash Pawar,31,Satara,akashpawar119590@gmail.com,Salary,17270.32,692
4623,Amit Verma,62,Mumbai,amitverma275197@gmail.com,Salary,48217.9,760
4624,Aditya Sharma,69,Nagpur,adityasharma703381@gmail.com,Current,45040.85,666
4625,Aditya Verma,53,Thane,adityaverma904639@gmail.com,Current,27538.71,694
4626,Amit Joshi,49,Ahmednagar,amitjoshi513361@gmail.com,Savings,33979.2,654
4627,,42,Nagpur,,Current,,731
4628,Rohan Pawar,21,Kolhapur,rohanpawar553449@gmail.com,Current,25255.08,823
4629,Simran Jadhav,56,Thane,simranjadhav670253@gmail.com,Savings,11782.56,614
4630,Vijay Pawar,,Nashik,vijaypawar328728@gmail.com,Current,8266.52,670
4631,Karan Singh,62,Ahmednagar,karansingh626069@gmail.com,Salary,44426.63,567
4632,Simran Pawar,26,Thane,simranpawar407617@gmail.com,Salary,-29816.17,806
4633,Neha Patil,68,Kolhapur,nehapatil641103@gmail.com,Savings,30444.42,609
4634,Aditya Shaikh,55,Kolhapur,adityashaikh411712@gmail.com,Current,29150.36,571
4635,Riya Patil,63,Pune,riyapatil615619@gmail.com,Salary,10018.11,747
4636,Aditya Shaikh,29,Nashik,adityashaikh119881@gmail.com,Current,21178.75,839
4637,Aditya Singh,65,Solapur,adityasingh364925@gmail.com,Savings,47822.02,830
4638,Arjun Verma,25,Pune,arjunverma369182@gmail.com,Current,38519.66,741
4639,Isha Khan,69,Kolhapur,ishakhan886689@gmail.com,Salary,24610.1,629
4640,Sneha Pawar,30,Solapur,snehapawar480201@gmail.com,Salary,13122.43,744
4641,Karan Shaikh,52,Kolhapur,karanshaikh647451@gmail.com,Current,43295.03,803
4642,Mohit Gupta,42,Solapur,mohitgupta181008@gmail.com,Salary,34609.15,747
4643,Sahil Pawar,68,Aurangabad,sahilpawar853366@gmail.com,Current,42485.21,580
4644,Ananya Jadhav,29,Kolhapur,ananyajadhav706409@gmail.com,Current,34771.07,696
4645,Akash Shaikh,43,Nashik,akashshaikh740382@gmail.com,Current,46607.84,777
4646,Akash Singh,59,Ahmednagar,akashsingh839603@gmail.com,Current,42169.68,680
4647,Neha Verma,64,Mumbai,nehaverma311993@gmail.com,Savings,24707.41,600
4648,Priya Gupta,29,Nagpur,priyagupta963408@gmail.com,Salary,25069.63,579
4649,Sneha Jadhav,29,Kolhapur,snehajadhav644433@gmail.com,Salary,22816.1,844
4650,Sneha Joshi,24,Solapur,snehajoshi618936@gmail.com,Savings,2673.23,733
4651,Amit Shaikh,27,Kolhapur,amitshaikh88968@gmail.com,Current,33545.2,559
4652,Simran Verma,52,Nagpur,simranverma704858@gmail.com,Salary,36763.6,645
4653,Kavya Verma,23,Mumbai,kavyaverma140554@gmail.com,Salary,5818.83,570
4654,Rahul Patil,68,Pune,rahulpatil328499@gmail.com,Salary,12085.63,816
4655,Karan Singh,,Solapur,karansingh123686@gmail.com,Savings,,751
4656,Karan Pawar,60,Pune,karanpawar250261@gmail.com,Savings,3382.71,601
4657,Sahil Patil,32,Kolhapur,sahilpatil320314@gmail.com,Salary,8503.72,603
4658,Riya Jadhav,27,Ahmednagar,riyajadhav122729@gmail.com,Salary,18741.69,819
4659,Simran Verma,65,Thane,simranverma192036@gmail.com,Salary,32106.4,621
4660,Neha Verma,59,Nagpur,nehaverma391539@gmail.com,Current,7363.16,762
4661,Riya Patil,39,Mumbai,riyapatil727220@gmail.com,Salary,1673.94,759
4662,Kavya Jadhav,51,Nagpur,kavyajadhav148325@gmail.com,Current,7228.54,679
4663,Vijay Sharma,24,Ahmednagar,vijaysharma535738@gmail.com,Current,30090.9,829
4664,Arjun Joshi,19,Thane,arjunjoshi407433@gmail.com,Current,37759.24,589
4665,Pooja Khan,46,Kolhapur,poojakhan438655@gmail.com,Salary,598.61,624
4666,Amit Gupta,32,Nashik,amitgupta625497@gmail.com,Current,27360.37,
4667,Sneha Shaikh,54,Pune,snehashaikh144664@gmail.com,Savings,36101.92,611
4668,Sahil Patil,22,Aurangabad,sahilpatil602827@gmail.com,Salary,36488.58,689
4669,Neha Shaikh,58,Mumbai,nehashaikh402449@gmail.com,Salary,3280.66,702
4670,Kavya Verma,30,Thane,kavyaverma443688@gmail.com,Savings,30848.64,588
4671,Priya Pawar,57,Nashik,priyapawar194876@gmail.com,Current,35056.09,752
4672,Aditya Gupta,,Nashik,adityagupta510410@gmail.com,Current,15623.15,551
4673,Sneha Verma,42,Satara,snehaverma666471@gmail.com,Current,47062.68,758
4674,Riya Sharma,51,Nashik,riyasharma563583@gmail.com,Salary,1759.64,590
4675,Ayesha Khan,69,Pune,ayeshakhan727217@gmail.com,Salary,21498.57,641
4676,Simran Singh,65,Kolhapur,simransingh963910@gmail.com,Salary,17996.78,768
4677,Riya Sharma,48,Aurangabad,riyasharma676704@gmail.com,Current,25522.77,793
4678,Priya Khan,36,Satara,priyakhan976004@gmail.com,Savings,6711.45,734
4679,Sneha Verma,55,Thane,snehaverma181749@gmail.com,Salary,5014.61,748
4680,Ayesha Verma,31,Kolhapur,ayeshaverma581968@gmail.com,,48324.85,628
4681,Karan Gupta,56,Satara,karangupta175071@gmail.com,Current,18472.21,638
4682,Ananya Shaikh,27,Aurangabad,ananyashaikh513526@gmail.com,Salary,49859.53,762
4683,Kavya Joshi,41,Nashik,kavyajoshi302965@gmail.com,Savings,49535.82,675
4684,Simran Joshi,36,Thane,simranjoshi147211@gmail.com,Current,18177.14,641
4685,Simran Shaikh,33,Mumbai,simranshaikh196287@gmail.com,Current,34813.18,599
4686,Simran Patil,50,Kolhapur,simranpatil329961@gmail.com,Salary,42589.88,756
4687,Akash Shaikh,59,Nagpur,akashshaikh882985@gmail.com,Savings,27323.55,602
4688,Arjun Joshi,44,Pune,arjunjoshi473008@gmail.com,Current,22429.73,615
4689,Sneha Shaikh,42,Mumbai,snehashaikh649598@gmail.com,Current,2032.28,
4690,Priya Jadhav,19,Pune,priyajadhav56315@gmail.com,Current,22253.1,789
4691,Sneha Gupta,37,Mumbai,snehagupta907665@gmail.com,Salary,44841.98,601
4692,Arjun Sharma,27,Satara,arjunsharma376579@gmail.com,Current,28327.78,567
4693,Aditya Shaikh,52,Aurangabad,adityashaikh998178@gmail.com,Savings,30355.43,
4694,Ayesha Jadhav,58,Ahmednagar,ayeshajadhav10148@gmail.com,Current,11981.15,593
4695,Amit Singh,31,Nashik,amitsingh508249@gmail.com,Salary,42452.76,614
4696,Rahul Gupta,35,Nashik,rahulgupta143267@gmail.com,Salary,-4062.89,810
4697,Kavya Sharma,21,Solapur,kavyasharma204707@gmail.com,Savings,33700.33,675
4698,Sahil Khan,61,Mumbai,sahilkhan854915@gmail.com,Salary,34689.01,838
4699,Priya Sharma,61,Mumbai,priyasharma402694@gmail.com,Current,28044.44,627
4700,Rohan Sharma,43,Kolhapur,rohansharma588961@gmail.com,Current,,773
4701,Priya Patil,53,Satara,priyapatil530090@gmail.com,Savings,7431.05,782
4702,Priya Sharma,21,Nashik,priyasharma684893@gmail.com,Current,37448.63,647
4703,Rahul Khan,21,Nashik,rahulkhan519113@gmail.com,Current,43367.9,846
4704,Isha Jadhav,55,Solapur,ishajadhav429108@gmail.com,Salary,38156.83,556
4705,Akash Pawar,54,Nashik,akashpawar718056@gmail.com,Savings,46314.72,813
4706,Ananya Khan,69,Pune,ananyakhan515711@gmail.com,Savings,35486.07,697
4707,Isha Sharma,34,Thane,ishasharma435920@gmail.com,Current,49282.46,614
4708,Riya Joshi,29,Pune,riyajoshi744738@gmail.com,Savings,32306.33,646
4709,Arjun Singh,45,Aurangabad,arjunsingh880790@gmail.com,Current,15465.19,600
4710,Ananya Sharma,42,Solapur,ananyasharma465512@gmail.com,Savings,13285.61,599
4711,Amit Shaikh,18,Nashik,amitshaikh512538@gmail.com,Current,24306.13,578
4712,Kavya Sharma,40,Ahmednagar,kavyasharma175477@gmail.com,Current,32050.79,659
4713,Arjun Singh,64,Kolhapur,arjunsingh86786@gmail.com,Current,20776.22,754
4714,Sahil Khan,62,Ahmednagar,sahilkhan592962@gmail.com,Savings,1384.74,841
4715,Aditya Jadhav,68,Aurangabad,adityajadhav32459@gmail.com,Current,3120.28,787
4716,Mohit Sharma,36,Aurangabad,mohitsharma834641@gmail.com,Salary,33944.64,833
4717,Ananya Jadhav,34,Solapur,ananyajadhav798125@gmail.com,Salary,,629
4718,Akash Jadhav,68,Satara,akashjadhav231341@gmail.com,Savings,48240.63,608
4719,Amit Joshi,32,Pune,amitjoshi306378@gmail.com,Salary,45694.64,697
4720,Riya Shaikh,38,Thane,riyashaikh34383@gmail.com,Current,26160.26,723
4721,Priya Sharma,43,Pune,priyasharma288304@gmail.com,Savings,14635.91,722
4722,Sahil Singh,64,Solapur,sahilsingh235865@gmail.com,Current,43504.79,695
4723,Rohan Shaikh,62,Kolhapur,rohanshaikh563823@gmail.com,Savings,19823.24,742
4724,Pooja Singh,63,Mumbai,poojasingh302792@gmail.com,Savings,4050.83,555
4725,Vijay Khan,40,Ahmednagar,vijaykhan176479@gmail.com,Savings,18648.2,820
4726,Riya Joshi,41,Thane,riyajoshi818765@gmail.com,Salary,36744.4,769
4727,Simran Shaikh,53,Mumbai,simranshaikh479636@gmail.com,Salary,19220.34,791
4728,Sahil Patil,63,Kolhapur,sahilpatil593227@gmail.com,Current,9598.55,692
4729,Riya Verma,,Ahmednagar,riyaverma778686@gmail.com,Savings,21353.97,800
4730,Isha Shaikh,22,Thane,ishashaikh810174@gmail.com,Salary,36013.8,768
4731,Simran Khan,39,Thane,simrankhan803224@gmail.com,,,588
4732,Sneha Gupta,65,Mumbai,snehagupta519473@gmail.com,Savings,18639.48,746
4733,Ayesha Sharma,38,Mumbai,ayeshasharma576529@gmail.com,Current,31426.75,809
4734,Sneha Joshi,19,Pune,snehajoshi535718@gmail.com,Salary,6039.91,753
4735,Aditya Khan,66,Satara,adityakhan118810@gmail.com,Salary,25505.2,642
4736,Sneha Jadhav,57,Satara,snehajadhav600634@gmail.com,Salary,34233.7,638
4737,Rahul Gupta,70,Pune,rahulgupta119854@gmail.com,Salary,37070.11,643
4738,Akash Joshi,58,Thane,akashjoshi281001@gmail.com,Current,2528.38,764
4739,Kavya Khan,32,Aurangabad,kavyakhan812864@gmail.com,Salary,8952.86,811
4740,Vijay Khan,32,Nagpur,vijaykhan569588@gmail.com,Savings,47362.37,677
4741,Arjun Shaikh,40,Ahmednagar,arjunshaikh863374@gmail.com,Salary,20088.97,652
4742,Ayesha Shaikh,62,Thane,ayeshashaikh384782@gmail.com,Salary,21606.29,711
4743,Riya Khan,58,Pune,riyakhan568473@gmail.com,Salary,14617.4,652
4744,Kavya Jadhav,21,Ahmednagar,kavyajadhav862670@gmail.com,Salary,39127.84,630
4745,Aditya Sharma,59,Aurangabad,adityasharma793647@gmail.com,Savings,34494.32,724
4746,Sneha Verma,66,Thane,snehaverma43731@gmail.com,Salary,30200.42,678
4747,Sneha Singh,46,Solapur,snehasingh797022@gmail.com,Current,31357.97,571
4748,Rohan Patil,25,Nagpur,rohanpatil754005@gmail.com,Salary,13706.06,
4749,Karan Sharma,24,Aurangabad,karansharma462906@gmail.com,Current,-2715.32,721
4750,Kavya Singh,30,Kolhapur,kavyasingh572992@gmail.com,Salary,,631
4751,Ananya Joshi,63,Pune,ananyajoshi229257@gmail.com,Current,,703
4752,Aditya Gupta,63,Pune,adityagupta445907@gmail.com,Current,36256.77,839
4753,Aditya Patil,65,Kolhapur,adityapatil107491@gmail.com,Current,37943.57,779
4754,Ayesha Joshi,41,Mumbai,ayeshajoshi771840@gmail.com,Savings,30020.89,691
4755,Kavya Joshi,18,Solapur,kavyajoshi870492@gmail.com,Salary,11819.27,792
4756,Rahul Shaikh,25,Pune,rahulshaikh685524@gmail.com,Salary,49077.49,576
4757,Mohit Gupta,20,Ahmednagar,mohitgupta787942@gmail.com,Salary,8019.03,678
4758,Priya Gupta,56,Aurangabad,priyagupta259655@gmail.com,Salary,31315.45,759
4759,Rohan Patil,19,Nashik,rohanpatil312270@gmail.com,Current,43215.64,726
4760,Sneha Patil,67,Kolhapur,snehapatil917404@gmail.com,Current,22371.32,763
4761,Simran Sharma,67,Kolhapur,simransharma33896@gmail.com,Savings,35957.39,596
4762,Kavya Singh,5,Satara,kavyasingh471678@gmail.com,Savings,36358.18,577
4763,Simran Gupta,64,Kolhapur,simrangupta275681@gmail.com,Current,40431.23,838
4764,Ananya Shaikh,69,Nashik,ananyashaikh365609@gmail.com,Savings,6318.97,761
4765,Vijay Joshi,20,Solapur,vijayjoshi904181@gmail.com,Current,13197.98,829
4766,Mohit Singh,57,Nashik,mohitsingh856501@gmail.com,Savings,43044.54,791
4767,Vijay Gupta,25,Nashik,vijaygupta91308@gmail.com,Savings,20193.45,740
4768,Kavya Verma,38,Solapur,kavyaverma460498@gmail.com,Current,9151.5,654
4769,Rohan Sharma,55,Aurangabad,rohansharma907422@gmail.com,Salary,11048.47,655
4770,Kavya Shaikh,41,Ahmednagar,kavyashaikh123188@gmail.com,Current,23651.7,631
4771,Priya Sharma,22,Satara,priyasharma813408@gmail.com,Current,30862.78,551
4772,Aditya Gupta,51,Solapur,adityagupta851427@gmail.com,Current,8729.47,776
4773,Kavya Verma,45,Nagpur,kavyaverma248555@gmail.com,Current,11070.16,755
4774,Ayesha Singh,64,Pune,ayeshasingh220173@gmail.com,Salary,49207.67,680
4775,Kavya Khan,31,Satara,kavyakhan850183@gmail.com,Savings,1950.29,838
4776,Isha Shaikh,62,Pune,ishashaikh773543@gmail.com,Savings,33766.27,739
4777,Neha Verma,25,Satara,nehaverma616582@gmail.com,Savings,33144.1,735
4778,Karan Khan,25,Nashik,karankhan722708@gmail.com,Current,12939.48,552
4779,Arjun Singh,43,Kolhapur,arjunsingh367763@gmail.com,Savings,15010.52,797
4780,Ayesha Pawar,28,Solapur,ayeshapawar902974@gmail.com,Salary,32717.78,794
4781,Simran Patil,40,Mumbai,simranpatil745379@gmail.com,Salary,35840.2,797
4782,Aditya Verma,19,Solapur,adityaverma640005@gmail.com,SAVINGS,31261.87,779
4783,Rohan Gupta,19,Solapur,rohangupta663608@gmail.com,Current,24232.54,850
4784,Sahil Gupta,22,Nashik,sahilgupta449065@gmail.com,Current,21845.65,685
4785,Aditya Singh,35,Ahmednagar,adityasingh174144@gmail.com,Current,29651.74,558
4786,Sneha Patil,46,Kolhapur,snehapatil646181@gmail.com,Salary,31498.49,670
4787,Karan Jadhav,44,Pune,karanjadhav146098@gmail.com,Current,4131.45,776
4788,Amit Pawar,29,Thane,amitpawar823074@gmail.com,Salary,19947.91,729
4789,Vijay Patil,19,Pune,vijaypatil216756@gmail.com,Savings,16123.53,696
4790,Arjun Gupta,19,Ahmednagar,arjungupta853147@gmail.com,Salary,36251.49,583
4791,Sneha Verma,50,Pune,snehaverma217095@gmail.com,Savings,30066.37,814
4792,Akash Patil,59,Kolhapur,akashpatil844665@gmail.com,Salary,21041.97,702
4793,Aditya Sharma,42,Thane,adityasharma62341@gmail.com,Current,23132.45,734
4794,Arjun Verma,61,Mumbai,arjunverma597866@gmail.com,Salary,22175.61,680
4795,Sneha Shaikh,63,Ahmednagar,snehashaikh367956@gmail.com,Savings,21641.64,593
4796,Ananya Patil,25,Aurangabad,ananyapatil558236@gmail.com,Salary,46967.18,693
4797,Kavya Singh,35,Aurangabad,kavyasingh294839@gmail.com,Current,,596
4798,Simran Patil,59,Pune,simranpatil625950@gmail.com,Current,31852.71,848
4799,Aditya Shaikh,54,Pune,adityashaikh565039@gmail.com,Savings,31606.48,792
4800,Mohit Jadhav,20,Mumbai,mohitjadhav176656@gmail.com,Savings,31325.67,737
4801,Rahul Shaikh,51,Nagpur,rahulshaikh339475@gmail.com,Salary,13814.9,719
4802,Pooja Patil,25,Nagpur,poojapatil738353@gmail.com,Savings,47417.95,
4803,Pooja Pawar,33,Satara,poojapawar306949@gmail.com,Savings,22228.65,607
4804,Rahul Singh,52,Satara,rahulsingh303487@gmail.com,Salary,29279.95,718
4805,Ayesha Pawar,36,Solapur,ayeshapawar600656@gmail.com,Current,2533.54,737
4806,Amit Pawar,68,Solapur,amitpawar280429@gmail.com,Current,13298.33,610
4807,Priya Verma,37,Nashik,priyaverma998760@gmail.com,Salary,18257.4,789
4808,Ayesha Joshi,57,Pune,ayeshajoshi899795@gmail.com,Salary,33714.47,682
4809,Priya Singh,43,Ahmednagar,priyasingh539503@gmail.com,Savings,21921.76,606
4810,Akash Khan,69,Aurangabad,akashkhan943981@gmail.com,Savings,41413.45,700
4811,Aditya Singh,26,Pune,adityasingh712396@gmail.com,Salary,12858.32,592
4812,Simran Verma,29,Kolhapur,simranverma854879@gmail.com,Savings,10266.84,768
4813,Sahil Sharma,19,Ahmednagar,sahilsharma99950@gmail.com,Current,46945.15,764
4814,Priya Gupta,,Satara,priyagupta142275@gmail.com,Savings,43765.68,759
4815,Rohan Gupta,53,Satara,rohangupta786630@gmail.com,Salary,33348.76,733
4816,Mohit Verma,19,Satara,mohitverma823956@gmail.com,Current,30072.15,798
4817,Neha Pawar,42,Thane,nehapawar431689@gmail.com,Current,8415.55,779
4818,,40,Pune,,Salary,47534.5,703
4819,Rahul Joshi,48,Nashik,rahuljoshi963498@gmail.com,Savings,39442.0,810
4820,Mohit Shaikh,22,Ahmednagar,mohitshaikh62265@gmail.com,Salary,990.57,643
4821,Arjun Khan,52,Ahmednagar,arjunkhan290894@gmail.com,Salary,48635.87,658
4822,Vijay Gupta,46,Aurangabad,vijaygupta909265@gmail.com,Salary,6419.8,849
4823,Arjun Sharma,41,Solapur,arjunsharma687857@gmail.com,Savings,14812.65,782
4824,Sahil Shaikh,57,Satara,sahilshaikh133151@gmail.com,Savings,38214.99,
4825,Sneha Singh,59,Solapur,snehasingh735599@gmail.com,Salary,41443.5,
4826,Karan Khan,54,Thane,karankhan908249@gmail.com,Current,21686.53,
4827,Rohan Sharma,53,Ahmednagar,rohansharma139236@gmail.com,Savings,30956.64,595
4828,Sneha Verma,69,Nashik,snehaverma261905@gmail.com,Salary,29396.17,649
4829,Isha Shaikh,,Nashik,ishashaikh153447@gmail.com,Savings,6497.07,584
4830,Ananya Verma,50,Pune,ananyaverma746051@gmail.com,Salary,4219.25,671
4831,,37,Satara,,Current,13186.22,746
4832,Rahul Gupta,19,Solapur,rahulgupta337842@gmail.com,Salary,28131.91,683
4833,Mohit Shaikh,35,Mumbai,mohitshaikh868826@gmail.com,Current,45145.14,574
4834,Isha Sharma,57,Kolhapur,ishasharma259679@gmail.com,Savings,16998.01,623
4835,Rohan Shaikh,51,Nashik,rohanshaikh798562@gmail.com,Savings,11864.88,683
4836,Mohit Pawar,29,Nashik,mohitpawar884632@gmail.com,Current,24468.07,637
4837,Vijay Khan,32,Aurangabad,vijaykhan709183@gmail.com,,3209.82,575
4838,Arjun Shaikh,51,Nagpur,arjunshaikh411876@gmail.com,Salary,27115.22,649
4839,Sahil Gupta,64,Ahmednagar,sahilgupta513334@gmail.com,Current,29147.87,849
4840,Karan Jadhav,27,Thane,karanjadhav149177@gmail.com,,37499.06,792
4841,Karan Joshi,36,Nagpur,karanjoshi605574@gmail.com,Current,,745
4842,Riya Singh,24,Mumbai,riyasingh663221@gmail.com,Savings,30712.36,814
4843,Isha Pawar,35,Thane,ishapawar281870@gmail.com,Salary,-11131.63,817
4844,Pooja Jadhav,37,Ahmednagar,poojajadhav658409@gmail.com,Savings,19009.59,613
4845,Neha Singh,63,Ahmednagar,nehasingh434446@gmail.com,Current,13514.49,783
4846,Riya Sharma,56,Kolhapur,riyasharma393496@gmail.com,Savings,14937.01,824
4847,Aditya Shaikh,65,Thane,adityashaikh474047@gmail.com,Savings,844.12,785
4848,Amit Shaikh,30,Nashik,amitshaikh79284@gmail.com,Salary,46201.73,635
4849,Pooja Joshi,26,Nashik,poojajoshi664506@gmail.com,Current,3536.75,686
4850,Rahul Pawar,52,Solapur,rahulpawar833297@gmail.com,Savings,955.44,616
4851,Vijay Joshi,56,,vijayjoshi922978@gmail.com,Current,16130.46,674
4852,Pooja Gupta,59,Aurangabad,poojagupta806333@gmail.com,Savings,38382.39,642
4853,Arjun Pawar,42,Satara,arjunpawar97716@gmail.com,,32467.56,647
4854,Ayesha Pawar,65,Ahmednagar,ayeshapawar422519@gmail.com,,30008.47,747
4855,Neha Pawar,24,Nashik,nehapawar540759@gmail.com,Salary,24769.98,743
4856,Priya Singh,40,Mumbai,priyasingh786324@gmail.com,Current,32601.79,784
4857,Isha Jadhav,26,Aurangabad,ishajadhav291840@gmail.com,Savings,34549.66,844
4858,Amit Khan,50,Nashik,amitkhan728549@gmail.com,Salary,25342.04,721
4859,Aditya Shaikh,65,Aurangabad,adityashaikh981919@gmail.com,Salary,13594.78,621
4860,Kavya Gupta,69,Solapur,kavyagupta920033@gmail.com,Salary,23019.91,750
4861,Vijay Jadhav,35,Mumbai,vijayjadhav387099@gmail.com,Savings,21767.58,697
4862,Vijay Verma,37,Nagpur,vijayverma476882@gmail.com,Savings,40291.49,663
4863,Pooja Pawar,50,Aurangabad,poojapawar996513@gmail.com,Savings,6462.02,631
4864,Isha Joshi,32,Nagpur,ishajoshi511851@gmail.com,Salary,44199.52,759
4865,Isha Khan,24,Ahmednagar,ishakhan343287@gmail.com,Current,22087.83,556
4866,Neha Sharma,54,Pune,nehasharma610324@gmail.com,Savings,43612.1,825
4867,Arjun Khan,31,Kolhapur,arjunkhan2693@gmail.com,Current,11263.7,812
4868,Aditya Pawar,67,Pune,adityapawar911215@gmail.com,Savings,13581.41,798
4869,Ananya Joshi,47,Kolhapur,ananyajoshi811839@gmail.com,Salary,30713.89,786
4870,,19,Mumbai,,Savings,2461.09,766
4871,Ananya Joshi,30,Thane,ananyajoshi888419@gmail.com,Current,20182.53,620
4872,Arjun Shaikh,40,Nashik,arjunshaikh768416@gmail.com,,4117.46,
4873,Arjun Joshi,33,Thane,arjunjoshi97766@gmail.com,Current,31048.06,570
4874,Karan Joshi,23,Ahmednagar,karanjoshi766537@gmail.com,Current,41179.81,750
4875,Pooja Khan,36,Nagpur,poojakhan480818@gmail.com,Savings,43927.42,599
4876,Ananya Joshi,54,Satara,ananyajoshi665778@gmail.com,Savings,9392.56,699
4877,Ananya Gupta,34,Satara,ananyagupta696505@gmail.com,Current,15818.09,745
4878,Akash Pawar,65,Nagpur,akashpawar731260@gmail.com,Current,2573.04,625
4879,Aditya Sharma,70,Thane,adityasharma375723@gmail.com,Salary,29969.51,710
4880,Riya Joshi,21,Solapur,riyajoshi891501@gmail.com,Current,3114.83,562
4881,Ayesha Sharma,41,Thane,ayeshasharma66507@gmail.com,Salary,23799.47,807
4882,Ananya Sharma,68,Ahmednagar,ananyasharma834428@gmail.com,Current,11422.01,846
4883,Ananya Pawar,64,Solapur,ananyapawar560484@gmail.com,Current,16472.52,633
4884,Pooja Verma,35,Pune,poojaverma417135@gmail.com,Current,41197.08,576
4885,Rohan Singh,55,Nagpur,rohansingh228511@gmail.com,Current,25672.17,838
4886,Vijay Singh,25,Aurangabad,vijaysingh450613@gmail.com,Current,14121.64,771
4887,Sahil Pawar,38,Thane,sahilpawar865015@gmail.com,Current,20789.88,813
4888,Aditya Singh,64,Ahmednagar,adityasingh222242@gmail.com,Savings,12709.25,834
4889,Kavya Gupta,66,Satara,kavyagupta518846@gmail.com,Current,34645.45,817
4890,Vijay Jadhav,69,Aurangabad,vijayjadhav281681@gmail.com,Salary,3491.55,673
4891,Kavya Jadhav,24,Satara,kavyajadhav338648@gmail.com,Savings,24334.87,640
4892,Vijay Shaikh,40,Mumbai,vijayshaikh868681@gmail.com,Salary,33378.2,632
4893,Aditya Sharma,68,Satara,adityasharma297468@gmail.com,Savings,30884.76,689
4894,Ayesha Pawar,63,Kolhapur,ayeshapawar354261@gmail.com,Current,31947.87,
4895,Pooja Patil,58,Ahmednagar,poojapatil573996@gmail.com,Current,9043.98,767
4896,Sahil Singh,67,Pune,sahilsingh606107@gmail.com,Current,30544.56,792
4897,Pooja Joshi,59,Nagpur,poojajoshi137037@gmail.com,Savings,10571.7,791
4898,Ayesha Singh,47,Nashik,ayeshasingh593743@gmail.com,Current,3648.21,714
4899,Arjun Sharma,30,Pune,arjunsharma893929@gmail.com,Salary,20488.24,636
4900,Kavya Khan,26,Aurangabad,kavyakhan509013@gmail.com,Current,9352.45,555
4901,Sneha Patil,49,Nagpur,snehapatil826696@gmail.com,Salary,32809.39,579
4902,Vijay Singh,50,Pune,vijaysingh360537@gmail.com,Salary,18231.48,795
4903,Sneha Joshi,44,Solapur,snehajoshi937689@gmail.com,Savings,26681.86,780
4904,Mohit Verma,,Ahmednagar,mohitverma715807@gmail.com,Current,42420.07,605
4905,Priya Joshi,29,Nashik,priyajoshi799381@gmail.com,Salary,42878.75,763
4906,Priya Sharma,49,Aurangabad,priyasharma50860@gmail.com,Current,47176.7,786
4907,Rohan Pawar,58,Nagpur,rohanpawar48274@gmail.com,Savings,43419.21,656
4908,Karan Sharma,,Pune,karansharma104511@gmail.com,Savings,26407.33,551
4909,Simran Khan,60,Kolhapur,simrankhan656696@gmail.com,Current,12805.69,850
4910,Sneha Sharma,27,Solapur,snehasharma822067@gmail.com,Savings,48187.06,570
4911,Sahil Patil,59,Mumbai,sahilpatil877445@gmail.com,Current,48841.6,700
4912,Isha Patil,250,Nashik,ishapatil482006@gmail.com,Salary,8435.14,849
4913,Simran Jadhav,70,Pune,simranjadhav17172@gmail.com,Current,30863.25,723
4914,Aditya Jadhav,45,Ahmednagar,adityajadhav130372@gmail.com,Savings,37304.7,720
4915,Aditya Jadhav,52,Kolhapur,adityajadhav974681@gmail.com,Current,539.08,748
4916,Simran Pawar,21,Aurangabad,simranpawar899412@gmail.com,Current,41117.71,583
4917,Aditya Patil,42,Pune,adityapatil165757@gmail.com,Current,27986.59,
4918,Pooja Joshi,64,Aurangabad,poojajoshi462821@gmail.com,Salary,33775.74,599
4919,Arjun Sharma,52,Nagpur,arjunsharma478793@gmail.com,Savings,7256.76,743
4920,Mohit Joshi,33,Solapur,mohitjoshi808@gmail.com,Savings,37210.33,553
4921,Karan Singh,66,Solapur,karansingh448680@gmail.com,Savings,31986.59,836
4922,Karan Shaikh,34,Satara,karanshaikh212246@gmail.com,Current,6141.2,568
4923,Rahul Patil,33,Ahmednagar,rahulpatil722140@gmail.com,Savings,24359.38,567
4924,Rahul Verma,58,Mumbai,rahulverma953682@gmail.com,Current,16281.14,579
4925,Rohan Sharma,20,Aurangabad,rohansharma138420@gmail.com,Current,32612.33,824
4926,Riya Joshi,64,Aurangabad,riyajoshi925098@gmail.com,Savings,31630.18,669
4927,Simran Pawar,24,Pune,simranpawar681671@gmail.com,Current,41363.15,729
4928,Amit Pawar,51,Nagpur,amitpawar316628@gmail.com,Salary,36596.66,635
4929,Ayesha Patil,48,Pune,ayeshapatil166799@gmail.com,Current,24680.05,698
4930,Ananya Verma,36,Kolhapur,ananyaverma916999@gmail.com,Current,7108.89,734
4931,Riya Gupta,50,Ahmednagar,riyagupta978133@gmail.com,Savings,49520.46,601
4932,Rahul Gupta,41,Kolhapur,rahulgupta919276@gmail.com,Current,38133.59,778
4933,Aditya Khan,60,Mumbai,adityakhan287430@gmail.com,Savings,33426.6,807
4934,Riya Jadhav,61,Satara,riyajadhav97974@gmail.com,Current,47409.61,697
4935,Kavya Gupta,55,Solapur,kavyagupta686485@gmail.com,Salary,48833.62,823
4936,Pooja Sharma,36,Aurangabad,poojasharma378043@gmail.com,Salary,41581.18,776
4937,Arjun Joshi,30,Satara,arjunjoshi262652@gmail.com,Salary,11178.95,660
4938,Akash Pawar,37,,akashpawar86524@gmail.com,Current,24672.09,578
4939,Aditya Patil,58,Nashik,adityapatil390006@gmail.com,Savings,9966.29,754
4940,Akash Shaikh,51,Ahmednagar,akashshaikh696887@gmail.com,Savings,5023.79,691
4941,Rohan Singh,27,Solapur,rohansingh947803@gmail.com,Salary,16397.21,601
4942,Karan Singh,47,Nagpur,karansingh680532@gmail.com,Current,37263.23,636
4943,Arjun Gupta,23,Aurangabad,arjungupta173665@gmail.com,Salary,9154.34,736
4944,Amit Patil,46,Thane,amitpatil54402@gmail.com,Savings,12064.19,634
4945,Sneha Sharma,70,Nagpur,snehasharma415694@gmail.com,Current,39132.54,623
4946,Kavya Joshi,63,Solapur,kavyajoshi656093@gmail.com,Salary,18793.55,830
4947,Pooja Verma,41,Kolhapur,poojaverma320449@gmail.com,Savings,19319.3,581
4948,Riya Verma,49,Ahmednagar,riyaverma761353@gmail.com,Salary,33237.18,781
4949,Arjun Jadhav,34,,arjunjadhav733517@gmail.com,Current,1255.59,592
4950,Akash Patil,29,,akashpatil792018@gmail.com,Salary,8937.72,772
4951,Karan Khan,46,Pune,karankhan245617@gmail.com,Savings,3828.02,784
4952,Arjun Singh,52,Nashik,arjunsingh450181@gmail.com,Salary,16455.43,847
4953,Amit Jadhav,31,Nagpur,amitjadhav687426@gmail.com,Salary,28887.27,672
4954,Aditya Verma,21,Solapur,adityaverma95729@gmail.com,Salary,8645.86,764
4955,Mohit Khan,65,Satara,mohitkhan737980@gmail.com,Savings,40648.86,632
4956,Ananya Patil,38,Nashik,ananyapatil99907@gmail.com,Current,519.88,670
4957,Simran Joshi,20,Kolhapur,simranjoshi1239@gmail.com,Savings,,606
4958,Arjun Joshi,67,Mumbai,arjunjoshi223888@gmail.com,Savings,5025.3,571
4959,Isha Khan,32,Satara,ishakhan500068@gmail.com,Savings,41421.19,670
4960,Vijay Pawar,40,Thane,vijaypawar81824@gmail.com,Savings,25799.61,817
4961,Neha Joshi,64,Solapur,nehajoshi139245@gmail.com,Current,34639.54,662
4962,Mohit Shaikh,24,Pune,mohitshaikh622618@gmail.com,Current,23237.05,589
4963,Neha Patil,50,Kolhapur,nehapatil237278@gmail.com,Savings,25113.3,730
4964,Ananya Verma,67,Ahmednagar,ananyaverma544776@gmail.com,Salary,,828
4965,Pooja Patil,61,Nagpur,poojapatil713113@gmail.com,Savings,47127.63,682
4966,Aditya Jadhav,25,Pune,adityajadhav466786@gmail.com,Salary,48605.37,823
4967,Riya Khan,38,Mumbai,riyakhan9838@gmail.com,Savings,2497.33,685
4968,Pooja Patil,31,Solapur,poojapatil8554@gmail.com,Current,43933.44,738
4969,Sneha Joshi,,Kolhapur,snehajoshi729486@gmail.com,Current,47998.08,836
4970,Simran Joshi,,Satara,simranjoshi360363@gmail.com,Current,4347.79,750
4971,Sahil Gupta,29,Satara,sahilgupta856900@gmail.com,Salary,32288.73,672
4972,Kavya Khan,60,Nashik,kavyakhan126551@gmail.com,Current,18978.44,694
4973,Rohan Jadhav,32,Kolhapur,rohanjadhav902232@gmail.com,Savings,19448.16,843
4974,Isha Patil,47,Thane,ishapatil442928@gmail.com,Savings,31394.75,787
4975,Priya Gupta,54,Aurangabad,priyagupta727844@gmail.com,Savings,9470.86,715
4976,Sneha Patil,44,Mumbai,snehapatil138695@gmail.com,Current,48875.76,780
4977,Ayesha Jadhav,67,Pune,ayeshajadhav501005@gmail.com,Current,33235.58,771
4978,Kavya Pawar,45,Kolhapur,kavyapawar74368@gmail.com,Salary,32810.28,594
4979,Simran Patil,49,Kolhapur,simranpatil240168@gmail.com,Current,37079.37,640
4980,Priya Patil,61,Mumbai,priyapatil401777@gmail.com,Current,2932.8,793
4981,Rohan Sharma,62,Ahmednagar,rohansharma93770@gmail.com,Current,40902.46,564
4982,Mohit Sharma,25,Nagpur,mohitsharma766360@gmail.com,Savings,3483.18,812
4983,Rahul Jadhav,29,Kolhapur,rahuljadhav845206@gmail.com,Current,9808.71,642
4984,Sahil Jadhav,,Thane,sahiljadhav107502@gmail.com,Salary,29125.19,723
4985,Akash Pawar,48,Nagpur,akashpawar108314@gmail.com,Current,28774.47,732
4986,Priya Joshi,33,Aurangabad,priyajoshi328672@gmail.com,Savings,19078.03,628
4987,Riya Joshi,50,Nagpur,riyajoshi385516@gmail.com,Savings,41880.18,732
4988,Mohit Patil,28,Aurangabad,mohitpatil923883@gmail.com,Savings,1099.36,676
4989,Amit Jadhav,43,Solapur,amitjadhav313891@gmail.com,Savings,30779.57,788
4990,Akash Pawar,48,Pune,akashpawar143890@gmail.com,Savings,16673.25,698
4991,Rahul Sharma,54,Thane,rahulsharma401412@gmail.com,Current,5848.1,691
4992,Arjun Pawar,63,Ahmednagar,arjunpawar811132@gmail.com,Salary,-33398.51,585
4993,Amit Shaikh,39,Nagpur,amitshaikh852978@gmail.com,Salary,4059.31,712
4994,Riya Joshi,56,Mumbai,riyajoshi789843@gmail.com,Savings,19877.86,593
4995,Rohan Verma,56,Nashik,rohanverma917076@gmail.com,Salary,29622.85,570
4996,Ayesha Khan,49,Nagpur,ayeshakhan139713@gmail.com,,49584.41,778
4997,Vijay Singh,66,Pune,vijaysingh672841@gmail.com,Current,6507.79,743
4998,Amit Pawar,22,Pune,amitpawar710129@gmail.com,Current,26144.38,727
4999,Vijay Gupta,66,Satara,vijaygupta149892@gmail.com,Current,42844.44,550
5000,Pooja Singh,18,Aurangabad,poojasingh71834@gmail.com,,7146.47,701
5001,Vijay Sharma,36,Ahmednagar,vijaysharma556378@gmail.com,Current,2398.86,821
5002,Mohit Singh,50,Solapur,mohitsingh590753@gmail.com,Current,25324.56,691
5003,Akash Gupta,21,Nashik,akashgupta8986@gmail.com,Salary,,833
5004,Priya Joshi,33,Satara,priyajoshi640066@gmail.com,Salary,1817.09,602
5005,Isha Singh,28,Solapur,ishasingh681695@gmail.com,Savings,25548.71,773
5006,Arjun Jadhav,37,Thane,arjunjadhav172188@gmail.com,Savings,27028.25,838
5007,Sahil Jadhav,38,Pune,sahiljadhav461577@gmail.com,Savings,26664.39,712
5008,Riya Verma,52,Solapur,riyaverma368347@gmail.com,Savings,4572.4,685
5009,Kavya Jadhav,19,Kolhapur,kavyajadhav757624@gmail.com,Current,36056.67,688
5010,Pooja Singh,34,Aurangabad,poojasingh223504@gmail.com,Savings,23320.7,739
5011,Sahil Verma,56,Pune,sahilverma658689@gmail.com,Current,40508.47,682
5012,Priya Gupta,63,Nagpur,priyagupta784716@gmail.com,Salary,23799.23,834
5013,Karan Verma,19,Satara,karanverma158827@gmail.com,Salary,15982.2,673
5014,Karan Sharma,53,Nagpur,karansharma964678@gmail.com,Current,16486.02,660
5015,Simran Shaikh,46,Thane,simranshaikh431809@gmail.com,Savings,28865.02,747
5016,Amit Pawar,40,Aurangabad,amitpawar646102@gmail.com,Current,19042.95,756
5017,Amit Verma,44,Mumbai,amitverma720016@gmail.com,Current,17643.78,
5018,Riya Pawar,61,,riyapawar463973@gmail.com,Salary,36932.12,729
5019,Neha Jadhav,28,Solapur,nehajadhav901836@gmail.com,Current,27896.3,841
5020,Mohit Sharma,44,Mumbai,mohitsharma227897@gmail.com,Savings,46040.97,826
5021,Priya Joshi,46,Satara,priyajoshi90998@gmail.com,Current,38751.41,661
5022,Ayesha Pawar,22,Ahmednagar,ayeshapawar940245@gmail.com,Salary,43416.21,737
5023,Ayesha Joshi,34,Thane,ayeshajoshi105445@gmail.com,Savings,16995.13,658
5024,Akash Shaikh,51,Pune,akashshaikh146914@gmail.com,Salary,47311.11,695
5025,Aditya Singh,30,Nagpur,adityasingh789096@gmail.com,Current,10336.23,720
5026,Ananya Sharma,19,Pune,ananyasharma129239@gmail.com,Salary,16478.76,656
5027,Karan Joshi,25,Nagpur,karanjoshi618313@gmail.com,Salary,16305.87,569
5028,Sahil Patil,41,Solapur,sahilpatil765570@gmail.com,Current,41927.09,719
5029,Ananya Sharma,,Solapur,ananyasharma402786@gmail.com,Current,41277.36,620
5030,Sahil Shaikh,52,Aurangabad,sahilshaikh368711@gmail.com,Current,10821.06,836
5031,Isha Patil,51,Thane,ishapatil450346@gmail.com,Current,10307.27,849
5032,Amit Pawar,41,Aurangabad,amitpawar329880@gmail.com,Current,20388.38,744
5033,Vijay Pawar,23,Nashik,vijaypawar829604@gmail.com,Current,7757.27,550
5034,Amit Shaikh,58,Nashik,amitshaikh146722@gmail.com,Savings,9268.74,835
5035,Kavya Pawar,45,Kolhapur,kavyapawar259922@gmail.com,Savings,44274.12,573
5036,Ayesha Joshi,43,Pune,ayeshajoshi290521@gmail.com,Current,46772.76,564
5037,Priya Singh,67,Kolhapur,priyasingh676033@gmail.com,Savings,3874.46,817
5038,Riya Gupta,30,Kolhapur,riyagupta88441@gmail.com,Current,38669.81,629
5039,Akash Jadhav,54,Mumbai,akashjadhav260321@gmail.com,Salary,11228.4,791
5040,Sneha Shaikh,51,Thane,snehashaikh580378@gmail.com,Savings,43010.57,779
5041,Neha Verma,61,Nagpur,nehaverma630293@gmail.com,Savings,34372.87,602
5042,Sahil Jadhav,53,Ahmednagar,sahiljadhav629253@gmail.com,Savings,37929.33,628
5043,Arjun Khan,29,Aurangabad,arjunkhan756311@gmail.com,Savings,25988.4,781
5044,Karan Gupta,,Mumbai,karangupta637207@gmail.com,Savings,43728.61,576
5045,Neha Joshi,54,Pune,nehajoshi298861@gmail.com,Salary,49642.8,789
5046,Karan Verma,60,Satara,karanverma816908@gmail.com,Savings,13768.07,667
5047,Neha Joshi,34,Kolhapur,nehajoshi987102@gmail.com,Current,25358.15,729
5048,Pooja Gupta,62,Thane,poojagupta724116@gmail.com,Current,30896.88,575
5049,Kavya Verma,50,Kolhapur,kavyaverma28227@gmail.com,Current,7213.38,701
5050,Ananya Khan,68,Nagpur,ananyakhan889179@gmail.com,Savings,29626.76,839
5051,Ayesha Shaikh,42,Satara,ayeshashaikh888317@gmail.com,Savings,-28916.52,749
5052,Priya Pawar,21,Pune,priyapawar690488@gmail.com,Salary,40951.68,672
5053,Neha Verma,19,Pune,nehaverma918471@gmail.com,Current,44969.23,688
5054,Pooja Sharma,28,Nashik,poojasharma316402@gmail.com,Savings,49007.55,729
5055,Isha Shaikh,62,Solapur,ishashaikh215525@gmail.com,Current,41351.94,627
5056,Sahil Verma,49,Nagpur,sahilverma542999@gmail.com,Current,34925.98,835
5057,Arjun Jadhav,36,Nashik,arjunjadhav636508@gmail.com,Savings,48408.33,693
5058,Ayesha Patil,40,Thane,ayeshapatil534373@gmail.com,Salary,32756.86,771
5059,Karan Jadhav,38,Nashik,karanjadhav197910@gmail.com,Current,15258.14,709
5060,Priya Joshi,57,Satara,priyajoshi784270@gmail.com,Savings,20059.79,795
5061,Priya Gupta,29,Thane,priyagupta410880@gmail.com,Current,49306.07,808
5062,Arjun Verma,30,Pune,arjunverma309998@gmail.com,Current,7858.66,693
5063,Aditya Jadhav,36,Mumbai,adityajadhav677658@gmail.com,,47457.43,771
5064,Ananya Pawar,49,Ahmednagar,ananyapawar57319@gmail.com,Current,47926.88,783
5065,Riya Verma,51,Mumbai,riyaverma821975@gmail.com,Salary,27908.16,746
5066,Rohan Khan,53,Satara,rohankhan941629@gmail.com,Current,21983.6,787
5067,Arjun Singh,66,Thane,arjunsingh832436@gmail.com,Salary,23780.57,812
5068,Sahil Sharma,25,Ahmednagar,sahilsharma251067@gmail.com,Current,15523.14,628
5069,Aditya Jadhav,34,Thane,adityajadhav519027@gmail.com,Current,37212.62,638
5070,Arjun Gupta,39,Aurangabad,arjungupta404730@gmail.com,Savings,40128.24,665
5071,Kavya Khan,,Aurangabad,kavyakhan118320@gmail.com,Savings,21742.47,608
5072,Ananya Pawar,62,Mumbai,ananyapawar252892@gmail.com,Savings,5636.74,556
5073,Ananya Jadhav,39,Aurangabad,ananyajadhav523950@gmail.com,Current,17147.67,784
5074,Ayesha Shaikh,66,Satara,ayeshashaikh669177@gmail.com,Salary,10975.77,808
5075,Simran Sharma,68,Ahmednagar,simransharma622880@gmail.com,Current,6192.93,843
5076,Akash Shaikh,33,Nagpur,akashshaikh74561@gmail.com,Savings,1659.91,718
5077,Pooja Patil,43,Nagpur,poojapatil554048@gmail.com,Savings,9336.55,843
5078,Simran Shaikh,63,Nashik,simranshaikh931995@gmail.com,Salary,11847.71,698
5079,Simran Patil,38,Solapur,simranpatil12753@gmail.com,Current,11146.5,650
5080,Karan Jadhav,57,Ahmednagar,karanjadhav378738@gmail.com,Salary,41385.1,825
5081,Akash Shaikh,50,Aurangabad,akashshaikh979390@gmail.com,Salary,47626.14,710
5082,Arjun Khan,39,Pune,arjunkhan331945@gmail.com,Current,30360.05,754
5083,Ayesha Patil,31,Ahmednagar,ayeshapatil138494@gmail.com,Salary,30427.72,693
5084,Riya Joshi,21,Pune,riyajoshi405729@gmail.com,Savings,18751.53,739
5085,Sneha Sharma,51,Pune,snehasharma902728@gmail.com,Savings,49041.11,822
5086,Vijay Khan,44,Pune,vijaykhan879827@gmail.com,Current,3670.09,643
5087,Aditya Joshi,28,Pune,adityajoshi596090@gmail.com,Current,12872.62,718
5088,Amit Jadhav,69,Nagpur,amitjadhav441407@gmail.com,Current,20224.3,803
5089,Amit Khan,32,Kolhapur,amitkhan383262@gmail.com,Savings,19939.78,
5090,Kavya Shaikh,59,Solapur,kavyashaikh572996@gmail.com,Savings,29277.06,660
5091,Pooja Joshi,32,Kolhapur,poojajoshi716216@gmail.com,Salary,4389.56,558
5092,Pooja Sharma,70,Thane,poojasharma181262@gmail.com,Savings,15517.28,561
5093,Aditya Jadhav,49,Satara,adityajadhav799876@gmail.com,Current,39245.13,737
5094,,48,Thane,,Savings,32355.19,574
5095,Karan Singh,30,Thane,karansingh493994@gmail.com,Current,31081.14,678
5096,Mohit Patil,42,Thane,mohitpatil807888@gmail.com,Salary,42473.75,582
5097,Akash Khan,62,Pune,akashkhan76637@gmail.com,Current,48281.52,567
5098,Simran Singh,120,Ahmednagar,simransingh17600@gmail.com,Savings,34141.16,813
5099,Arjun Joshi,26,Nagpur,arjunjoshi615995@gmail.com,Savings,39518.83,761
5100,Arjun Gupta,35,,arjungupta70913@gmail.com,Current,15668.12,668
5101,Mohit Gupta,34,Pune,mohitgupta14563@gmail.com,Current,28468.02,659
5102,Priya Pawar,66,Thane,priyapawar275021@gmail.com,Current,49716.26,676
5103,Amit Singh,70,Mumbai,amitsingh226322@gmail.com,Current,5375.39,669
5104,Aditya Jadhav,65,Kolhapur,adityajadhav41861@gmail.com,Salary,30014.2,564
5105,Kavya Gupta,55,Ahmednagar,kavyagupta967494@gmail.com,Current,38240.36,753
5106,Simran Pawar,20,Nagpur,simranpawar63506@gmail.com,Current,5424.96,642
5107,Simran Verma,53,Nashik,simranverma994863@gmail.com,Salary,18067.08,753
5108,Pooja Gupta,43,Satara,poojagupta827730@gmail.com,Salary,25936.34,683
5109,Akash Khan,29,Ahmednagar,akashkhan417407@gmail.com,Salary,11285.41,699
5110,Riya Shaikh,,Nashik,riyashaikh531319@gmail.com,Salary,17323.47,725
5111,Rahul Pawar,33,Ahmednagar,rahulpawar300504@gmail.com,Salary,26864.02,555
5112,Ananya Jadhav,29,Thane,ananyajadhav659204@gmail.com,Salary,3613.86,823
5113,Rahul Sharma,20,Nagpur,rahulsharma747345@gmail.com,,29875.74,786
5114,Ananya Verma,65,Nashik,ananyaverma525487@gmail.com,Current,45524.06,688
5115,Sahil Jadhav,49,Satara,sahiljadhav804473@gmail.com,Current,44015.48,741
5116,Ayesha Jadhav,20,Nashik,ayeshajadhav435712@gmail.com,Savings,22937.34,555
5117,Simran Shaikh,64,Nashik,simranshaikh444250@gmail.com,Salary,29359.97,717
5118,Rohan Patil,65,Nashik,rohanpatil736001@gmail.com,Salary,44911.28,771
5119,Ayesha Verma,67,,ayeshaverma421918@gmail.com,Current,4310.43,679
5120,Kavya Khan,58,Satara,kavyakhan86531@gmail.com,Current,3451.0,599
5121,Vijay Singh,44,Mumbai,vijaysingh671752@gmail.com,Current,39351.62,805
5122,Kavya Singh,40,Satara,kavyasingh562728@gmail.com,Savings,7621.73,555
5123,Simran Verma,65,Nagpur,simranverma563872@gmail.com,Salary,7042.76,665
5124,Mohit Jadhav,42,Aurangabad,mohitjadhav646072@gmail.com,Salary,33871.84,729
5125,Ananya Khan,51,Satara,ananyakhan160197@gmail.com,Salary,42604.64,778
5126,Vijay Sharma,43,Nashik,vijaysharma291046@gmail.com,Savings,43149.57,592
5127,Riya Sharma,36,Nashik,riyasharma87757@gmail.com,Salary,32917.25,701
5128,,,Nashik,,Current,26151.29,620
5129,Simran Verma,43,Ahmednagar,simranverma325060@gmail.com,Savings,36158.29,713
5130,Simran Shaikh,19,Mumbai,simranshaikh82960@gmail.com,Current,18447.51,585
5131,Simran Verma,45,Ahmednagar,simranverma536241@gmail.com,Savings,21923.96,844
5132,Priya Shaikh,45,Satara,priyashaikh965759@gmail.com,Savings,32663.86,783
5133,Neha Khan,64,Ahmednagar,nehakhan213168@gmail.com,Salary,15813.64,795
5134,Akash Joshi,44,Ahmednagar,akashjoshi847412@gmail.com,Savings,12799.96,761
5135,Neha Verma,69,Solapur,nehaverma163024@gmail.com,Salary,13884.2,708
5136,Priya Patil,34,Pune,priyapatil562545@gmail.com,Savings,7457.23,758
5137,Riya Jadhav,20,Solapur,riyajadhav342722@gmail.com,Salary,11917.93,687
5138,Vijay Shaikh,55,Nashik,vijayshaikh409811@gmail.com,Current,41902.93,756
5139,Ananya Pawar,37,Pune,ananyapawar615023@gmail.com,Current,10656.56,772
5140,Arjun Jadhav,68,Solapur,arjunjadhav665205@gmail.com,Savings,-26046.76,626
5141,Pooja Verma,61,Nashik,poojaverma800398@gmail.com,Salary,31030.17,714
5142,Rahul Shaikh,,Nashik,rahulshaikh875164@gmail.com,Salary,46247.89,764
5143,Sneha Verma,70,Thane,snehaverma681506@gmail.com,Current,38228.73,756
5144,Sneha Shaikh,50,Solapur,snehashaikh714238@gmail.com,Savings,48500.35,573
5145,Vijay Joshi,42,Nagpur,vijayjoshi674496@gmail.com,Salary,40095.05,551
5146,Mohit Joshi,70,Solapur,mohitjoshi69426@gmail.com,Savings,38493.83,610
5147,Rahul Singh,48,Mumbai,rahulsingh325336@gmail.com,,48307.95,843
5148,Priya Pawar,41,Ahmednagar,priyapawar732714@gmail.com,Salary,15211.8,608
5149,Amit Pawar,28,Ahmednagar,amitpawar458837@gmail.com,Salary,33205.35,745
5150,Neha Jadhav,32,Ahmednagar,nehajadhav765516@gmail.com,Current,28723.7,810
5151,Neha Patil,69,Aurangabad,nehapatil999841@gmail.com,Salary,44538.64,701
5152,Amit Shaikh,69,Kolhapur,amitshaikh887686@gmail.com,Current,12151.24,566
5153,Riya Jadhav,45,Satara,riyajadhav250329@gmail.com,Salary,511.93,754
5154,Arjun Shaikh,59,Nashik,arjunshaikh60818@gmail.com,Salary,14633.21,800
5155,Neha Jadhav,19,Ahmednagar,nehajadhav256455@gmail.com,Current,21415.72,644
5156,Amit Sharma,34,Mumbai,amitsharma90500@gmail.com,Current,4555.87,667
5157,Ananya Pawar,25,Aurangabad,ananyapawar969642@gmail.com,Savings,45812.19,597
5158,Mohit Verma,48,Nashik,mohitverma455689@gmail.com,Savings,15862.61,574
5159,Priya Jadhav,47,Nashik,priyajadhav121720@gmail.com,Current,21459.8,691
5160,Ayesha Sharma,54,Aurangabad,ayeshasharma475494@gmail.com,Current,13481.81,565
5161,Ayesha Gupta,35,Pune,ayeshagupta642139@gmail.com,Salary,23988.94,553
5162,Simran Jadhav,25,Satara,simranjadhav638507@gmail.com,Savings,13224.35,633
5163,Mohit Singh,43,Nashik,mohitsingh57801@gmail.com,Salary,27931.26,639
5164,Aditya Pawar,18,Thane,adityapawar324414@gmail.com,Salary,21224.99,558
5165,Vijay Verma,,Nagpur,vijayverma698535@gmail.com,Savings,30252.57,567
5166,Aditya Shaikh,70,Kolhapur,adityashaikh777822@gmail.com,Savings,9714.98,796
5167,Mohit Sharma,27,Ahmednagar,mohitsharma690117@gmail.com,Current,22051.68,700
5168,Kavya Joshi,66,Pune,kavyajoshi776736@gmail.com,Current,27292.33,656
5169,Neha Shaikh,44,Aurangabad,nehashaikh184278@gmail.com,Current,31362.89,631
5170,Sahil Joshi,60,Ahmednagar,sahiljoshi125345@gmail.com,Salary,8487.3,654
5171,Rohan Joshi,45,Pune,rohanjoshi13380@gmail.com,Current,47925.88,554
5172,Rohan Khan,69,Pune,rohankhan742387@gmail.com,Current,544.84,779
5173,Amit Patil,45,Kolhapur,amitpatil143976@gmail.com,Savings,41008.03,558
5174,Simran Verma,22,Solapur,simranverma735675@gmail.com,Savings,14627.22,577
5175,Karan Gupta,28,Aurangabad,karangupta12001@gmail.com,Salary,49742.56,593
5176,Ananya Gupta,39,Nashik,ananyagupta171890@gmail.com,Savings,10717.65,636
5177,Vijay Pawar,42,Nashik,vijaypawar520626@gmail.com,Savings,27908.99,839
5178,Ananya Patil,67,Thane,ananyapatil999409@gmail.com,Salary,23296.24,748
5179,Ananya Sharma,64,Satara,ananyasharma363646@gmail.com,Savings,17229.18,816
5180,Simran Singh,22,Nashik,simransingh548510@gmail.com,Salary,44573.13,688
5181,Rahul Pawar,40,Ahmednagar,rahulpawar542447@gmail.com,Salary,34556.82,758
5182,Kavya Joshi,21,Solapur,kavyajoshi821121@gmail.com,Salary,,564
5183,Akash Gupta,41,Kolhapur,akashgupta862560@gmail.com,Current,26780.88,609
5184,Aditya Pawar,62,Kolhapur,adityapawar755877@gmail.com,Salary,4255.57,683
5185,Ayesha Singh,60,,ayeshasingh271940@gmail.com,Savings,20285.72,589
5186,Ananya Verma,26,Ahmednagar,ananyaverma175173@gmail.com,Savings,3487.37,565
5187,Sahil Verma,47,Aurangabad,sahilverma390033@gmail.com,Savings,2191.66,569
5188,Mohit Shaikh,42,Kolhapur,mohitshaikh133196@gmail.com,Savings,21431.96,552
5189,Ananya Singh,38,Pune,ananyasingh786297@gmail.com,Current,16645.1,566
5190,Vijay Khan,39,Aurangabad,vijaykhan819167@gmail.com,Salary,26972.04,792
5191,Vijay Sharma,44,Mumbai,vijaysharma915989@gmail.com,,3328.01,758
5192,Akash Khan,55,Ahmednagar,akashkhan281919@gmail.com,Salary,38600.94,643
5193,Amit Khan,39,Nashik,amitkhan768638@gmail.com,Savings,26332.76,846
5194,Ananya Gupta,27,Solapur,ananyagupta929573@gmail.com,Savings,40238.34,636
5195,Akash Joshi,65,Satara,akashjoshi123891@gmail.com,Salary,31319.59,822
5196,Isha Patil,57,Satara,ishapatil809003@gmail.com,Salary,40218.09,747
5197,Ananya Gupta,43,Mumbai,ananyagupta943710@gmail.com,Salary,39629.44,828
5198,Amit Patil,28,Satara,amitpatil30882@gmail.com,Salary,25316.37,747
5199,Sahil Joshi,45,Solapur,sahiljoshi351384@gmail.com,Current,36559.72,841
5200,Rohan Jadhav,64,Solapur,rohanjadhav846413@gmail.com,Current,41343.35,550
5201,Riya Shaikh,68,Thane,riyashaikh450279@gmail.com,Savings,21163.27,789
5202,Neha Verma,54,Pune,nehaverma285292@gmail.com,Current,48055.98,656
5203,Sneha Patil,24,Mumbai,snehapatil549400@gmail.com,Salary,40397.01,832
5204,Ayesha Khan,51,Thane,ayeshakhan67074@gmail.com,Current,45954.19,629
5205,Priya Pawar,29,Ahmednagar,priyapawar275822@gmail.com,Salary,36772.94,806
5206,Neha Jadhav,21,Nagpur,nehajadhav747025@gmail.com,Savings,47817.02,
5207,Amit Shaikh,41,Satara,amitshaikh604763@gmail.com,Savings,10037.29,574
5208,Isha Joshi,23,Solapur,ishajoshi658115@gmail.com,Savings,42276.83,697
5209,Akash Khan,60,Ahmednagar,akashkhan80913@gmail.com,Salary,26363.73,0
5210,Ananya Verma,55,Pune,ananyaverma520348@gmail.com,Salary,25941.97,702
5211,Pooja Gupta,,Aurangabad,poojagupta477409@gmail.com,Savings,47257.46,599
5212,Karan Jadhav,57,Kolhapur,karanjadhav535693@gmail.com,Salary,24451.44,659
5213,Rohan Joshi,21,Pune,rohanjoshi377717@gmail.com,Salary,27433.69,815
5214,Amit Khan,69,Aurangabad,amitkhan58232@gmail.com,Salary,49009.29,643
5215,Rohan Singh,69,Aurangabad,rohansingh523979@gmail.com,Salary,27007.8,630
5216,Mohit Khan,36,Pune,mohitkhan901204@gmail.com,Current,30002.9,744
5217,Mohit Pawar,57,Mumbai,mohitpawar594523@gmail.com,Savings,12455.83,808
5218,Aditya Shaikh,67,Kolhapur,adityashaikh175087@gmail.com,Current,-8467.16,700
5219,Sneha Singh,46,Kolhapur,snehasingh385648@gmail.com,Current,3003.32,714
5220,Rohan Singh,39,Satara,rohansingh165051@gmail.com,Salary,28517.35,740
5221,Karan Joshi,44,Aurangabad,karanjoshi267608@gmail.com,Current,20820.47,730
5222,Ananya Gupta,61,Ahmednagar,ananyagupta810994@gmail.com,Salary,3596.9,574
5223,Isha Jadhav,58,Kolhapur,ishajadhav108003@gmail.com,Savings,45783.42,656
5224,Mohit Sharma,26,Mumbai,mohitsharma937808@gmail.com,Salary,5222.17,741
5225,Simran Singh,66,Satara,simransingh601890@gmail.com,Savings,24110.62,739
5226,Riya Shaikh,46,Nashik,riyashaikh706966@gmail.com,Savings,6409.24,782
5227,Karan Khan,65,Thane,karankhan757988@gmail.com,Savings,4073.75,718
5228,Aditya Patil,26,Mumbai,adityapatil121036@gmail.com,Current,21253.53,666
5229,Akash Jadhav,25,Thane,akashjadhav239599@gmail.com,Current,,627
5230,Arjun Khan,61,Thane,arjunkhan776864@gmail.com,Salary,3631.44,586
5231,Neha Khan,52,Aurangabad,nehakhan533641@gmail.com,Salary,4802.47,736
5232,Ananya Singh,50,Thane,ananyasingh2793@gmail.com,Salary,500.58,835
5233,Arjun Jadhav,25,Solapur,arjunjadhav46277@gmail.com,Current,16188.54,583
5234,Pooja Singh,39,Nashik,poojasingh900500@gmail.com,Salary,28833.61,715
5235,Isha Patil,39,Aurangabad,ishapatil904946@gmail.com,Current,23720.34,574
5236,Ayesha Pawar,37,Ahmednagar,ayeshapawar12984@gmail.com,Salary,37497.75,738
5237,Pooja Jadhav,20,Mumbai,poojajadhav256530@gmail.com,,29175.43,669
5238,Neha Shaikh,20,Satara,nehashaikh48315@gmail.com,Current,29891.55,841
5239,Ananya Verma,21,Satara,ananyaverma494781@gmail.com,Salary,14070.68,694
5240,Amit Joshi,19,Nashik,amitjoshi381757@gmail.com,Current,2197.71,654
5241,Vijay Gupta,46,Aurangabad,vijaygupta401683@gmail.com,Salary,29499.72,
5242,Sahil Khan,33,Nagpur,sahilkhan965027@gmail.com,Current,11270.39,722
5243,Arjun Joshi,52,Ahmednagar,arjunjoshi157475@gmail.com,Current,47084.54,682
5244,Ayesha Patil,68,Solapur,ayeshapatil187754@gmail.com,Savings,21606.67,596
5245,Simran Verma,36,Kolhapur,simranverma976492@gmail.com,Current,30937.08,763
5246,Amit Jadhav,24,Aurangabad,amitjadhav899238@gmail.com,,29035.62,638
5247,Amit Patil,66,Solapur,amitpatil37181@gmail.com,Current,3678.28,823
5248,Isha Patil,26,Aurangabad,ishapatil579820@gmail.com,Current,16969.78,579
5249,Mohit Shaikh,64,Pune,mohitshaikh842227@gmail.com,Current,34886.78,775
5250,Ayesha Sharma,34,Aurangabad,ayeshasharma958443@gmail.com,Salary,44918.71,723
5251,Sneha Verma,52,Kolhapur,snehaverma748805@gmail.com,Salary,40501.15,632
5252,Rahul Shaikh,67,Kolhapur,rahulshaikh776744@gmail.com,Current,7435.46,782
5253,Karan Gupta,38,Kolhapur,karangupta687654@gmail.com,Savings,44707.07,590
5254,Rohan Khan,20,Nagpur,rohankhan439840@gmail.com,Current,8772.98,644
5255,Rahul Verma,30,Satara,rahulverma235521@gmail.com,Savings,41846.64,660
5256,Priya Singh,19,Mumbai,priyasingh337533@gmail.com,Savings,3203.16,587
5257,Ananya Gupta,60,Mumbai,ananyagupta260422@gmail.com,Current,18826.12,580
5258,Vijay Pawar,62,Pune,vijaypawar436576@gmail.com,Salary,30071.35,729
5259,Ananya Pawar,65,Kolhapur,ananyapawar960443@gmail.com,Current,21659.17,633
5260,Ananya Sharma,20,Nashik,ananyasharma755376@gmail.com,Savings,5331.6,684
5261,Neha Jadhav,53,Mumbai,nehajadhav335576@gmail.com,Salary,27560.89,800
5262,Aditya Patil,38,Aurangabad,adityapatil284534@gmail.com,Current,42770.26,708
5263,Rahul Pawar,48,Pune,rahulpawar866220@gmail.com,Salary,5424.89,
5264,Neha Sharma,31,Solapur,nehasharma81770@gmail.com,Current,33002.58,779
5265,Sahil Sharma,26,Aurangabad,sahilsharma599398@gmail.com,Current,24820.37,698
5266,Ananya Verma,56,Nagpur,ananyaverma391017@gmail.com,Current,27416.92,735
5267,Sahil Singh,46,Nagpur,sahilsingh125300@gmail.com,Savings,7142.89,642
5268,Simran Patil,61,Kolhapur,simranpatil526528@gmail.com,Salary,9453.97,751
5269,Neha Patil,46,Mumbai,nehapatil706133@gmail.com,Current,20435.2,773
5270,Riya Gupta,58,Pune,riyagupta945853@gmail.com,Savings,35060.97,598
5271,Sneha Jadhav,45,Solapur,snehajadhav55330@gmail.com,Savings,5908.47,832
5272,Sahil Joshi,42,Thane,sahiljoshi188156@gmail.com,Savings,29849.93,551
5273,Isha Jadhav,46,Nashik,ishajadhav234126@gmail.com,Salary,22770.23,787
5274,Sahil Pawar,32,Satara,sahilpawar843509@gmail.com,Savings,31332.46,667
5275,Amit Patil,40,Satara,amitpatil540928@gmail.com,Salary,15581.31,573
5276,Ananya Jadhav,62,Nagpur,ananyajadhav48259@gmail.com,Salary,10511.38,743
5277,Vijay Jadhav,50,Aurangabad,vijayjadhav420500@gmail.com,Salary,39366.1,653
5278,Akash Patil,24,Solapur,akashpatil72374@gmail.com,Savings,28556.34,618
5279,Riya Khan,42,Thane,riyakhan919691@gmail.com,Salary,36696.17,611
5280,Kavya Pawar,47,Thane,kavyapawar487786@gmail.com,Savings,36614.8,757
5281,Sneha Verma,19,Solapur,snehaverma908200@gmail.com,Current,29247.46,827
5282,Akash Joshi,67,Ahmednagar,akashjoshi296120@gmail.com,Current,47550.42,703
5283,Arjun Patil,24,Solapur,arjunpatil811202@gmail.com,Current,14913.93,649
5284,Kavya Shaikh,22,Mumbai,kavyashaikh885985@gmail.com,Current,25042.57,572
5285,Pooja Singh,29,Aurangabad,poojasingh325890@gmail.com,Current,46670.34,737
5286,Aditya Verma,64,Mumbai,adityaverma343299@gmail.com,Salary,14699.62,602
5287,Akash Patil,49,Thane,akashpatil90681@gmail.com,Salary,24953.08,625
5288,Sahil Pawar,28,Nagpur,sahilpawar580058@gmail.com,Current,34946.31,796
5289,Riya Verma,23,Mumbai,riyaverma479033@gmail.com,Current,14432.84,752
5290,Amit Jadhav,64,Satara,amitjadhav8456@gmail.com,Salary,7203.1,825
5291,Vijay Patil,,Nagpur,vijaypatil386939@gmail.com,Current,30397.64,611
5292,Priya Gupta,60,Kolhapur,priyagupta210518@gmail.com,Salary,,670
5293,Sneha Pawar,41,Thane,snehapawar305859@gmail.com,Salary,13821.16,843
5294,Sahil Gupta,27,Mumbai,sahilgupta591294@gmail.com,Salary,42958.54,633
5295,Sahil Pawar,29,Thane,sahilpawar822715@gmail.com,Savings,19731.9,691
5296,Arjun Singh,42,Aurangabad,arjunsingh318772@gmail.com,Salary,18530.99,775
5297,Amit Shaikh,26,Satara,amitshaikh775601@gmail.com,Salary,29245.91,705
5298,Ananya Khan,37,Thane,ananyakhan653066@gmail.com,Savings,25877.57,561
5299,Isha Pawar,39,Nagpur,ishapawar254467@gmail.com,Salary,37259.74,814
5300,Akash Shaikh,25,Solapur,akashshaikh486562@gmail.com,Savings,,593
5301,Riya Khan,28,Satara,riyakhan386262@gmail.com,Current,28061.64,641
5302,Sneha Khan,62,Pune,snehakhan620532@gmail.com,Salary,18063.82,698
5303,Amit Shaikh,45,Solapur,amitshaikh517426@gmail.com,Current,18704.9,816
5304,Pooja Jadhav,67,Ahmednagar,poojajadhav810243@gmail.com,Salary,44977.53,836
5305,Karan Verma,69,Mumbai,karanverma813675@gmail.com,Salary,39305.82,607
5306,Vijay Verma,60,Aurangabad,vijayverma205015@gmail.com,Current,10019.44,736
5307,Neha Gupta,33,,nehagupta768143@gmail.com,Savings,22519.75,729
5308,Priya Joshi,37,Kolhapur,priyajoshi944283@gmail.com,Current,35610.67,836
5309,Ayesha Verma,51,Aurangabad,ayeshaverma573208@gmail.com,Salary,24376.15,739
5310,Simran Jadhav,45,Pune,simranjadhav797523@gmail.com,Savings,19778.96,771
5311,Priya Khan,38,Aurangabad,priyakhan834738@gmail.com,Savings,44757.02,587
5312,Isha Verma,35,Solapur,ishaverma257134@gmail.com,Savings,16612.09,848
5313,Isha Shaikh,53,Aurangabad,ishashaikh157980@gmail.com,Savings,21424.64,717
5314,Isha Shaikh,24,Solapur,ishashaikh6787@gmail.com,Salary,26212.2,656
5315,Rahul Khan,54,Nagpur,rahulkhan977789@gmail.com,Salary,7918.06,769
5316,Neha Shaikh,38,Ahmednagar,nehashaikh430054@gmail.com,Salary,32318.06,722
5317,Amit Joshi,44,Satara,amitjoshi25171@gmail.com,Salary,16071.77,754
5318,Simran Pawar,57,Kolhapur,simranpawar244415@gmail.com,Salary,3570.76,651
5319,Simran Singh,28,Nashik,simransingh567951@gmail.com,Savings,49131.91,689
5320,Sneha Sharma,32,Ahmednagar,snehasharma363351@gmail.com,Savings,27316.63,619
5321,Arjun Joshi,23,Solapur,arjunjoshi666933@gmail.com,Current,8231.82,656
5322,Simran Khan,68,Mumbai,simrankhan880457@gmail.com,SAVINGS,48699.28,733
5323,Sneha Pawar,35,Satara,snehapawar727246@gmail.com,Savings,27243.26,838
5324,Arjun Joshi,36,Aurangabad,arjunjoshi919909@gmail.com,Current,19356.74,567
5325,Ayesha Patil,,Mumbai,ayeshapatil10160@gmail.com,Savings,16879.95,777
5326,Rahul Patil,36,Kolhapur,rahulpatil997285@gmail.com,Salary,44025.97,722
5327,Aditya Khan,48,Ahmednagar,adityakhan351391@gmail.com,Savings,34222.78,796
5328,Priya Jadhav,30,Mumbai,priyajadhav1633@gmail.com,Salary,25689.75,741
5329,Ananya Jadhav,26,Kolhapur,ananyajadhav795894@gmail.com,Current,17474.68,664
5330,Rahul Gupta,67,Thane,rahulgupta689333@gmail.com,Salary,23866.84,755
5331,Ananya Khan,21,Mumbai,ananyakhan394652@gmail.com,Salary,29725.5,840
5332,Akash Patil,48,Nashik,akashpatil890347@gmail.com,Current,19712.2,755
5333,Ananya Patil,38,Mumbai,ananyapatil774035@gmail.com,Current,35500.07,740
5334,Arjun Singh,64,Solapur,arjunsingh762640@gmail.com,Savings,46945.69,696
5335,Vijay Sharma,57,Pune,vijaysharma322548@gmail.com,Current,15253.29,669
5336,Neha Joshi,44,Satara,nehajoshi109098@gmail.com,Savings,2442.99,843
5337,Ananya Joshi,45,Nashik,ananyajoshi215261@gmail.com,Savings,13427.28,836
5338,Amit Shaikh,49,Satara,amitshaikh555650@gmail.com,Savings,18414.68,611
5339,Priya Jadhav,27,Mumbai,priyajadhav249836@gmail.com,Savings,25172.39,714
5340,Rohan Sharma,23,Aurangabad,rohansharma440308@gmail.com,Savings,42259.81,655
5341,Ananya Patil,64,Pune,ananyapatil516029@gmail.com,Salary,10690.95,690
5342,Ayesha Joshi,26,Nashik,ayeshajoshi62904@gmail.com,Current,33127.54,717
5343,,,Satara,,,35640.98,829
5344,Simran Pawar,62,Satara,simranpawar149389@gmail.com,Salary,26001.5,563
5345,Kavya Khan,33,Nagpur,kavyakhan746321@gmail.com,Current,46082.26,622
5346,Arjun Joshi,30,Nagpur,arjunjoshi293518@gmail.com,Salary,6314.94,838
5347,Sneha Jadhav,35,Pune,snehajadhav97645@gmail.com,Current,32202.92,683
5348,Mohit Shaikh,70,Nagpur,mohitshaikh46132@gmail.com,Current,44793.06,573
5349,Kavya Khan,31,Nashik,kavyakhan966126@gmail.com,Current,44510.94,820
5350,Kavya Shaikh,60,Nashik,kavyashaikh242816@gmail.com,Savings,22706.86,559
5351,Arjun Jadhav,53,Nashik,arjunjadhav940974@gmail.com,Salary,5730.3,553
5352,Sahil Pawar,42,Solapur,sahilpawar886675@gmail.com,Salary,46162.77,748
5353,Isha Verma,63,Ahmednagar,ishaverma545107@gmail.com,Savings,43881.96,690
5354,Ananya Joshi,42,Nagpur,ananyajoshi433221@gmail.com,Salary,4123.13,717
5355,Rohan Joshi,37,Ahmednagar,rohanjoshi734991@gmail.com,Current,27723.41,
5356,Pooja Joshi,69,Thane,poojajoshi939181@gmail.com,Salary,9736.02,732
5357,Kavya Shaikh,42,Ahmednagar,kavyashaikh390686@gmail.com,Salary,30531.79,788
5358,Sahil Sharma,45,Thane,sahilsharma480828@gmail.com,Salary,33850.26,
5359,Mohit Jadhav,34,Nashik,mohitjadhav784329@gmail.com,Savings,6873.22,787
5360,Neha Sharma,35,Satara,nehasharma89126@gmail.com,Savings,13452.47,571
5361,Rahul Patil,41,Satara,rahulpatil609082@gmail.com,Salary,40070.29,743
5362,Sneha Pawar,40,Kolhapur,snehapawar100319@gmail.com,Current,27555.02,814
5363,Isha Pawar,57,Solapur,ishapawar530079@gmail.com,Current,40985.44,848
5364,Ananya Sharma,54,Thane,ananyasharma140099@gmail.com,Salary,25502.71,831
5365,Priya Pawar,,Aurangabad,priyapawar668269@gmail.com,Savings,40939.39,845
5366,Sneha Jadhav,51,Nagpur,snehajadhav859893@gmail.com,Current,38428.38,759
5367,Rohan Patil,44,Pune,rohanpatil413607@gmail.com,Salary,25201.79,772
5368,Isha Gupta,32,Ahmednagar,ishagupta78565@gmail.com,Savings,42535.71,838
5369,Aditya Gupta,31,Mumbai,adityagupta620747@gmail.com,Savings,23804.94,
5370,Priya Pawar,54,Nagpur,priyapawar595503@gmail.com,Salary,2143.52,763
5371,Vijay Joshi,57,Pune,vijayjoshi65408@gmail.com,Current,25379.74,640
5372,Simran Khan,40,Nagpur,simrankhan456212@gmail.com,Salary,34117.87,593
5373,Rohan Pawar,70,Kolhapur,rohanpawar694722@gmail.com,Savings,42213.4,795
5374,Simran Verma,62,Nagpur,simranverma137157@gmail.com,Current,19039.76,558
5375,Amit Jadhav,27,Kolhapur,amitjadhav248373@gmail.com,Current,45510.45,625
5376,Sneha Patil,48,Satara,snehapatil305944@gmail.com,Savings,26848.53,630
5377,Rohan Jadhav,63,Ahmednagar,rohanjadhav273768@gmail.com,Salary,20145.63,773
5378,Kavya Patil,59,Nagpur,kavyapatil892347@gmail.com,Savings,5736.82,588
5379,Aditya Khan,58,Ahmednagar,adityakhan330410@gmail.com,Salary,27131.59,647
5380,Priya Shaikh,66,Aurangabad,priyashaikh971125@gmail.com,Current,18017.98,684
5381,Neha Pawar,47,Nagpur,nehapawar839817@gmail.com,Current,17391.43,672
5382,Aditya Pawar,44,Satara,adityapawar412140@gmail.com,Current,6068.79,709
5383,Kavya Jadhav,62,Aurangabad,kavyajadhav734864@gmail.com,Current,20762.16,794
5384,Ayesha Verma,,Satara,ayeshaverma872410@gmail.com,Current,46491.48,684
5385,Sneha Singh,69,Ahmednagar,snehasingh771173@gmail.com,Savings,40102.71,681
5386,Simran Gupta,45,Thane,simrangupta342199@gmail.com,Salary,21721.47,555
5387,Ayesha Verma,21,Thane,ayeshaverma333607@gmail.com,Savings,24287.24,594
5388,Rohan Jadhav,44,Aurangabad,rohanjadhav474851@gmail.com,Salary,46688.18,758
5389,Simran Gupta,62,Aurangabad,simrangupta285266@gmail.com,Savings,6952.35,802
5390,Arjun Pawar,61,Thane,arjunpawar245059@gmail.com,Savings,38586.64,768
5391,Neha Jadhav,58,Nashik,nehajadhav78415@gmail.com,Savings,42204.8,817
5392,Isha Singh,,Thane,ishasingh989488@gmail.com,Savings,20241.33,690
5393,Kavya Pawar,24,Pune,kavyapawar212659@gmail.com,Salary,9081.82,565
5394,Rahul Sharma,,Nagpur,rahulsharma142823@gmail.com,Savings,31621.08,659
5395,Ayesha Jadhav,63,Pune,ayeshajadhav817923@gmail.com,Current,6427.35,651
5396,Ayesha Gupta,48,Aurangabad,ayeshagupta807657@gmail.com,Salary,44867.73,568
5397,Kavya Verma,69,Mumbai,kavyaverma613210@gmail.com,Current,10285.47,615
5398,Akash Pawar,37,Aurangabad,akashpawar114366@gmail.com,Savings,7261.61,671
5399,Pooja Khan,26,Thane,poojakhan163059@gmail.com,Savings,16673.43,774
5400,Neha Gupta,61,Nagpur,nehagupta110890@gmail.com,Salary,16943.12,835
5401,Vijay Shaikh,29,Aurangabad,vijayshaikh172459@gmail.com,Salary,16559.37,702
5402,Akash Singh,46,Solapur,akashsingh471504@gmail.com,Current,,675
5403,Vijay Sharma,56,Satara,vijaysharma488794@gmail.com,Current,31527.6,693
5404,Rahul Khan,,Aurangabad,rahulkhan329387@gmail.com,Current,15791.12,785
5405,Mohit Pawar,23,Nashik,mohitpawar426359@gmail.com,Salary,36732.97,646
5406,Ayesha Verma,61,Satara,ayeshaverma126701@gmail.com,Current,32787.78,633
5407,Neha Joshi,60,Nashik,nehajoshi562057@gmail.com,Savings,616.2,641
5408,,40,Ahmednagar,,Current,20026.18,844
5409,Kavya Singh,56,Aurangabad,kavyasingh375791@gmail.com,Salary,520.31,724
5410,Aditya Shaikh,50,Kolhapur,adityashaikh807856@gmail.com,Current,13503.16,832
5411,Rahul Joshi,19,Nagpur,rahuljoshi217822@gmail.com,Salary,49985.03,838
5412,Sneha Sharma,24,,snehasharma473969@gmail.com,Savings,43352.63,574
5413,Ananya Sharma,24,Nagpur,ananyasharma323384@gmail.com,Savings,,726
5414,Isha Jadhav,64,Aurangabad,ishajadhav485954@gmail.com,Savings,44656.79,647
5415,Amit Gupta,39,Thane,amitgupta277980@gmail.com,,13986.85,848
5416,Aditya Sharma,54,Thane,adityasharma893992@gmail.com,Salary,13904.64,
5417,Simran Joshi,21,Nagpur,simranjoshi125838@gmail.com,Salary,24506.63,663
5418,Isha Pawar,,,ishapawar94913@gmail.com,Current,40820.63,718
5419,Isha Singh,40,Kolhapur,ishasingh165371@gmail.com,Current,14289.94,577
5420,Riya Singh,27,Nashik,riyasingh846926@gmail.com,Salary,21237.5,826
5421,Pooja Shaikh,40,Satara,poojashaikh719480@gmail.com,Current,41214.77,774
5422,Karan Shaikh,50,Nagpur,karanshaikh319092@gmail.com,Current,44143.71,833
5423,Isha Shaikh,24,Aurangabad,ishashaikh866629@gmail.com,Current,15116.58,787
5424,Priya Sharma,26,Kolhapur,priyasharma739036@gmail.com,Salary,5258.13,835
5425,Rohan Verma,69,Aurangabad,rohanverma730829@gmail.com,Savings,18043.63,
5426,Kavya Verma,45,Nashik,kavyaverma632708@gmail.com,Current,41274.53,725
5427,Vijay Khan,24,Aurangabad,vijaykhan42388@gmail.com,Savings,29196.41,666
5428,Kavya Joshi,44,Thane,kavyajoshi225565@gmail.com,Savings,33813.23,551
5429,Priya Shaikh,51,Nashik,priyashaikh876630@gmail.com,Current,36492.27,834
5430,Amit Joshi,,Solapur,amitjoshi898282@gmail.com,Savings,27938.41,694
5431,Ayesha Singh,,Nashik,ayeshasingh343816@gmail.com,Salary,21799.71,593
5432,Sahil Sharma,35,Satara,sahilsharma155628@gmail.com,Current,39765.64,827
5433,Pooja Pawar,34,Thane,poojapawar95743@gmail.com,Savings,8468.57,709
5434,Riya Patil,56,Pune,riyapatil745802@gmail.com,Savings,20255.51,598
5435,Rohan Jadhav,70,Satara,rohanjadhav260376@gmail.com,Current,5737.24,812
5436,Karan Pawar,24,Pune,karanpawar373123@gmail.com,Current,27401.22,704
5437,Sahil Singh,38,Nagpur,sahilsingh415592@gmail.com,Salary,3887.75,605
5438,Riya Jadhav,35,Mumbai,riyajadhav538501@gmail.com,Salary,3804.07,701
5439,Kavya Singh,62,Nashik,kavyasingh51428@gmail.com,Current,48416.13,567
5440,Simran Joshi,29,Ahmednagar,simranjoshi710178@gmail.com,Current,14199.05,627
5441,Pooja Jadhav,53,Aurangabad,poojajadhav313457@gmail.com,Savings,10969.37,707
5442,Vijay Gupta,41,Thane,vijaygupta272904@gmail.com,Current,4100.31,850
5443,Riya Khan,38,Kolhapur,riyakhan860026@gmail.com,Salary,29367.36,632
5444,Simran Verma,59,Thane,simranverma182413@gmail.com,Savings,9369.21,581
5445,Aditya Shaikh,60,Mumbai,adityashaikh32691@gmail.com,Current,7569.17,638
5446,Rahul Verma,22,Pune,rahulverma998445@gmail.com,Savings,18280.47,810
5447,Kavya Sharma,18,Solapur,kavyasharma424135@gmail.com,Savings,46223.78,826
5448,Aditya Singh,58,Thane,adityasingh896214@gmail.com,Current,37893.39,722
5449,Mohit Joshi,64,Satara,mohitjoshi474267@gmail.com,Savings,28631.23,629
5450,Vijay Khan,65,Thane,vijaykhan583059@gmail.com,Savings,15148.06,776
5451,Kavya Sharma,58,Satara,kavyasharma784517@gmail.com,Salary,3476.99,598
5452,Rahul Shaikh,,Ahmednagar,rahulshaikh576943@gmail.com,Current,20381.43,705
5453,Priya Joshi,27,Ahmednagar,priyajoshi262089@gmail.com,Savings,18682.99,718
5454,Arjun Sharma,36,Nagpur,arjunsharma99426@gmail.com,Current,,814
5455,Arjun Joshi,66,Nashik,arjunjoshi484587@gmail.com,,39135.05,599
5456,Ananya Shaikh,62,Nashik,ananyashaikh106957@gmail.com,Salary,11413.85,564
5457,Priya Joshi,61,Thane,priyajoshi843046@gmail.com,Current,12106.72,797
5458,Neha Gupta,36,Aurangabad,nehagupta832469@gmail.com,Savings,14915.26,694
5459,Akash Patil,48,Satara,akashpatil146683@gmail.com,Salary,28683.61,803
5460,Sahil Shaikh,56,Satara,sahilshaikh127452@gmail.com,Current,25763.93,849
5461,Priya Shaikh,70,Aurangabad,priyashaikh12637@gmail.com,Savings,3799.21,669
5462,Kavya Pawar,67,Ahmednagar,kavyapawar64764@gmail.com,Savings,15074.93,708
5463,Vijay Sharma,25,Solapur,vijaysharma870808@gmail.com,Current,22527.98,812
5464,Sahil Patil,53,Nagpur,sahilpatil818995@gmail.com,Salary,32318.28,824
5465,Kavya Jadhav,36,Satara,kavyajadhav233186@gmail.com,Savings,14722.56,769
5466,Amit Khan,42,Kolhapur,amitkhan137164@gmail.com,Savings,19697.0,702
5467,Priya Gupta,63,Nashik,priyagupta207857@gmail.com,Current,40240.44,684
5468,Priya Khan,45,,priyakhan863784@gmail.com,Current,43673.25,601
5469,Priya Singh,18,Pune,priyasingh420140@gmail.com,Salary,34001.92,765
5470,Simran Khan,45,Mumbai,simrankhan390421@gmail.com,Salary,27316.59,649
5471,Pooja Joshi,45,Aurangabad,poojajoshi719722@gmail.com,Salary,15428.25,706
5472,Rahul Jadhav,51,Satara,rahuljadhav661014@gmail.com,Salary,6602.42,724
5473,Aditya Pawar,38,Aurangabad,adityapawar983218@gmail.com,Current,25844.65,795
5474,Priya Pawar,53,Nagpur,priyapawar676101@gmail.com,Current,28773.79,761
5475,Sneha Jadhav,30,Nashik,snehajadhav88221@gmail.com,Savings,12394.57,818
5476,Sahil Pawar,60,Thane,sahilpawar610710@gmail.com,Savings,3037.49,678
5477,Pooja Jadhav,35,Satara,poojajadhav614690@gmail.com,Savings,20974.9,569
5478,Amit Pawar,22,Thane,amitpawar271493@gmail.com,Salary,9671.02,604
5479,Rahul Shaikh,20,Satara,rahulshaikh962093@gmail.com,Current,23041.59,554
5480,Rohan Shaikh,40,Solapur,rohanshaikh852327@gmail.com,Savings,1339.95,668
5481,Aditya Khan,37,Mumbai,adityakhan78729@gmail.com,Salary,11735.21,639
5482,Ananya Jadhav,33,Satara,ananyajadhav22959@gmail.com,Savings,28376.07,847
5483,Vijay Singh,61,Thane,vijaysingh67703@gmail.com,Salary,14170.12,782
5484,Arjun Jadhav,31,Kolhapur,arjunjadhav207456@gmail.com,Current,41911.86,826
5485,Priya Jadhav,67,Nashik,priyajadhav946435@gmail.com,Savings,32450.23,847
5486,Ananya Patil,46,Mumbai,ananyapatil677466@gmail.com,Current,13361.23,614
5487,Pooja Jadhav,30,Thane,poojajadhav465071@gmail.com,Current,34525.11,693
5488,Ananya Gupta,44,Nashik,ananyagupta848711@gmail.com,Savings,1065.18,712
5489,Mohit Sharma,,Aurangabad,mohitsharma135147@gmail.com,Savings,22917.27,608
5490,Amit Pawar,42,Solapur,amitpawar96546@gmail.com,Current,4387.02,840
5491,Arjun Verma,39,Nagpur,arjunverma949143@gmail.com,Current,35226.78,757
5492,Rohan Pawar,59,Pune,rohanpawar888532@gmail.com,Current,1044.28,620
5493,Ananya Jadhav,34,Ahmednagar,ananyajadhav869742@gmail.com,Savings,48935.07,600
5494,Vijay Gupta,54,Aurangabad,vijaygupta848279@gmail.com,Salary,26728.31,577
5495,Ayesha Verma,21,Satara,ayeshaverma347755@gmail.com,Current,13488.95,558
5496,Isha Gupta,37,Nashik,ishagupta128579@gmail.com,Current,40083.95,742
5497,Sneha Joshi,50,Mumbai,snehajoshi44870@gmail.com,Savings,40889.0,599
5498,Rohan Shaikh,21,Ahmednagar,rohanshaikh988152@gmail.com,Salary,29244.02,595
5499,Karan Jadhav,53,Nagpur,karanjadhav483488@gmail.com,Savings,7226.23,790
5500,Aditya Pawar,32,Nagpur,adityapawar53197@gmail.com,Salary,39913.16,713
5501,Riya Joshi,27,Kolhapur,riyajoshi176249@gmail.com,Current,39990.42,830
5502,Sneha Gupta,26,Aurangabad,snehagupta969122@gmail.com,Salary,34568.89,550
5503,Simran Sharma,33,Aurangabad,simransharma601861@gmail.com,Current,1685.32,
5504,Aditya Pawar,46,Nagpur,adityapawar454297@gmail.com,Current,13883.7,801
5505,Rahul Patil,65,Nagpur,rahulpatil861699@gmail.com,Current,11603.54,819
5506,Ayesha Sharma,60,Thane,ayeshasharma759720@gmail.com,Salary,30672.82,824
5507,Amit Pawar,56,Ahmednagar,amitpawar414286@gmail.com,Salary,34442.1,700
5508,Riya Gupta,61,Kolhapur,riyagupta520326@gmail.com,Savings,772.53,706
5509,Vijay Khan,64,Solapur,vijaykhan31014@gmail.com,Salary,41548.87,670
5510,Arjun Verma,28,Satara,arjunverma401420@gmail.com,Savings,7578.41,629
5511,Neha Patil,43,Nagpur,nehapatil716500@gmail.com,Current,27141.36,799
5512,Rohan Shaikh,22,,rohanshaikh447489@gmail.com,Current,22763.89,676
5513,Karan Khan,63,Satara,karankhan181301@gmail.com,Savings,12617.35,821
5514,Mohit Patil,19,Satara,mohitpatil371236@gmail.com,Salary,32292.13,849
5515,Simran Verma,61,Mumbai,simranverma225246@gmail.com,Salary,31852.85,806
5516,Rahul Joshi,38,Nashik,rahuljoshi952526@gmail.com,Savings,25533.74,613
5517,Pooja Patil,52,Thane,poojapatil196342@gmail.com,Salary,29246.84,721
5518,Rohan Shaikh,26,Kolhapur,rohanshaikh288439@gmail.com,Salary,6212.18,733
5519,Akash Gupta,56,Nashik,akashgupta293548@gmail.com,Savings,48731.57,705
5520,Arjun Jadhav,40,Nashik,arjunjadhav467776@gmail.com,Current,20886.28,627
5521,Sahil Pawar,63,Pune,sahilpawar926436@gmail.com,Salary,46946.91,618
5522,Ayesha Singh,19,Nashik,ayeshasingh155951@gmail.com,Current,36157.75,758
5523,Mohit Shaikh,37,Kolhapur,mohitshaikh36432@gmail.com,Current,43875.59,776
5524,Rohan Gupta,51,Nashik,rohangupta644037@gmail.com,Current,41162.01,669
5525,Aditya Sharma,69,Ahmednagar,adityasharma649353@gmail.com,Savings,13028.27,664
5526,Sahil Joshi,61,Thane,sahiljoshi647047@gmail.com,Savings,43035.73,567
5527,Neha Khan,61,Nagpur,nehakhan257824@gmail.com,Current,41732.38,754
5528,Riya Jadhav,49,Kolhapur,riyajadhav678820@gmail.com,Savings,42797.66,677
5529,Riya Shaikh,45,Thane,riyashaikh309540@gmail.com,Current,33543.44,827
5530,Arjun Pawar,36,Kolhapur,arjunpawar523225@gmail.com,Salary,24649.4,801
5531,Sneha Singh,58,Solapur,snehasingh432105@gmail.com,Salary,37228.03,823
5532,Sneha Khan,69,Pune,snehakhan925760@gmail.com,Current,20012.04,705
5533,Mohit Khan,18,Mumbai,mohitkhan577538@gmail.com,Salary,7823.79,728
5534,Sahil Verma,26,Nagpur,sahilverma502400@gmail.com,Current,41389.52,837
5535,Isha Jadhav,53,Pune,ishajadhav64041@gmail.com,Current,34433.48,750
5536,Akash Gupta,22,Satara,akashgupta92082@gmail.com,Salary,,719
5537,Ananya Khan,30,Pune,ananyakhan293466@gmail.com,Current,26303.63,698
5538,Ananya Pawar,,Thane,ananyapawar401720@gmail.com,Savings,19173.6,783
5539,Rohan Sharma,56,Nagpur,rohansharma144002@gmail.com,Salary,48307.23,620
5540,Akash Verma,32,Nashik,akashverma439699@gmail.com,Current,46497.49,644
5541,Arjun Joshi,46,Nagpur,arjunjoshi209246@gmail.com,Current,17728.22,717
5542,Aditya Pawar,67,Solapur,adityapawar673970@gmail.com,Salary,,575
5543,Pooja Khan,55,Thane,poojakhan927725@gmail.com,Salary,6691.78,840
5544,Riya Khan,24,Kolhapur,riyakhan836022@gmail.com,Current,15179.42,703
5545,Pooja Joshi,59,Satara,poojajoshi551456@gmail.com,Salary,22410.97,761
5546,Rahul Singh,28,Aurangabad,rahulsingh261350@gmail.com,Savings,36614.78,702
5547,Sneha Jadhav,26,Aurangabad,snehajadhav661493@gmail.com,Current,6134.89,821
5548,Ananya Shaikh,65,Mumbai,ananyashaikh841234@gmail.com,Salary,3375.49,561
5549,Kavya Gupta,18,Kolhapur,kavyagupta570165@gmail.com,Salary,28359.53,823
5550,Rohan Jadhav,67,Solapur,rohanjadhav833556@gmail.com,Current,27347.59,559
5551,Ananya Sharma,70,Ahmednagar,ananyasharma20578@gmail.com,Salary,7572.22,684
5552,0000,30,Solapur,0000401178@gmail.com,Savings,24268.6,810
5553,Ayesha Jadhav,42,Mumbai,ayeshajadhav819998@gmail.com,Salary,41530.49,803
5554,Akash Jadhav,39,Mumbai,akashjadhav748123@gmail.com,Current,26179.62,724
5555,Simran Khan,49,Ahmednagar,simrankhan376656@gmail.com,Current,4905.89,648
5556,Simran Singh,31,Thane,simransingh503085@gmail.com,Salary,11880.73,569
5557,Akash Shaikh,19,Ahmednagar,akashshaikh571068@gmail.com,Salary,5539.18,777
5558,Rohan Shaikh,28,Nashik,rohanshaikh819494@gmail.com,Savings,27958.67,848
5559,Isha Jadhav,59,Nashik,ishajadhav508323@gmail.com,Savings,38033.27,559
5560,Neha Patil,53,Kolhapur,nehapatil360845@gmail.com,Salary,49787.86,656
5561,Arjun Pawar,32,Kolhapur,arjunpawar957111@gmail.com,Current,36155.26,586
5562,Rahul Jadhav,41,Ahmednagar,rahuljadhav593228@gmail.com,Savings,37574.7,639
5563,Riya Pawar,59,Thane,riyapawar526897@gmail.com,Current,19915.69,663
5564,Pooja Jadhav,41,Satara,poojajadhav337326@gmail.com,Savings,9862.18,753
5565,Priya Gupta,37,Nashik,priyagupta407347@gmail.com,Current,30561.95,552
5566,Ayesha Pawar,46,Pune,ayeshapawar283672@gmail.com,Salary,33144.89,723
5567,Kavya Sharma,19,Nagpur,kavyasharma188650@gmail.com,Savings,24902.15,724
5568,Rohan Sharma,58,Mumbai,rohansharma27429@gmail.com,Salary,4171.65,714
5569,Amit Sharma,23,Mumbai,amitsharma334467@gmail.com,Salary,26934.25,
5570,Sneha Jadhav,35,Solapur,snehajadhav626221@gmail.com,Savings,4386.16,623
5571,Sahil Patil,68,Nashik,sahilpatil229759@gmail.com,Salary,12892.51,776
5572,Amit Shaikh,,Aurangabad,amitshaikh30826@gmail.com,Savings,11173.95,809
5573,Pooja Jadhav,30,Thane,poojajadhav939377@gmail.com,Current,37238.21,818
5574,Riya Patil,18,Satara,riyapatil850169@gmail.com,Current,13251.3,581
5575,Sneha Patil,63,Mumbai,snehapatil816456@gmail.com,Salary,-37602.91,615
5576,Karan Patil,37,Aurangabad,karanpatil294679@gmail.com,Salary,38419.44,565
5577,Arjun Pawar,59,Ahmednagar,arjunpawar61537@gmail.com,Salary,17785.52,664
5578,Sneha Shaikh,32,Pune,snehashaikh848035@gmail.com,Savings,,623
5579,Riya Khan,38,Solapur,riyakhan494696@gmail.com,Current,35311.52,594
5580,Simran Singh,30,Solapur,simransingh555249@gmail.com,Current,17676.27,656
5581,Amit Gupta,30,Thane,amitgupta374895@gmail.com,Salary,29025.7,635
5582,Riya Verma,21,Satara,riyaverma804192@gmail.com,Current,22231.51,838
5583,Rahul Jadhav,50,Mumbai,rahuljadhav612456@gmail.com,Savings,41843.01,626
5584,Isha Jadhav,51,Kolhapur,ishajadhav244168@gmail.com,Salary,8652.8,554
5585,Kavya Sharma,19,Pune,kavyasharma167478@gmail.com,Current,16873.92,846
5586,Sneha Sharma,29,Nashik,snehasharma105098@gmail.com,Salary,26068.54,658
5587,Akash Pawar,31,Aurangabad,akashpawar259996@gmail.com,Salary,6428.11,674
5588,Akash Jadhav,59,Kolhapur,akashjadhav688872@gmail.com,Savings,41408.82,826
5589,Kavya Shaikh,34,Nashik,kavyashaikh252967@gmail.com,Current,16954.79,632
5590,Riya Singh,27,Nagpur,riyasingh279573@gmail.com,Salary,40106.01,791
5591,Pooja Verma,55,Kolhapur,poojaverma559714@gmail.com,Salary,8044.44,688
5592,Simran Jadhav,,Thane,simranjadhav856037@gmail.com,Savings,40467.48,551
5593,Amit Jadhav,,Thane,amitjadhav829772@gmail.com,Savings,12130.95,572
5594,Ananya Verma,46,Kolhapur,ananyaverma961916@gmail.com,Salary,1094.14,832
5595,Isha Patil,64,Thane,ishapatil772963@gmail.com,Savings,30083.98,818
5596,Simran Patil,32,Ahmednagar,simranpatil58724@gmail.com,Current,8626.99,764
5597,Kavya Pawar,55,Pune,kavyapawar801264@gmail.com,Current,17014.27,604
5598,,24,Mumbai,,Salary,44566.88,593
5599,Amit Singh,27,Thane,amitsingh993942@gmail.com,Current,19807.88,665
5600,Priya Pawar,53,Thane,priyapawar230169@gmail.com,Current,24016.99,576
5601,Vijay Gupta,54,Ahmednagar,vijaygupta603756@gmail.com,Salary,8214.5,593
5602,Isha Jadhav,64,Pune,ishajadhav887724@gmail.com,Savings,47173.09,661
5603,Simran Sharma,70,Nashik,simransharma836224@gmail.com,Current,7485.6,595
5604,Akash Sharma,49,Kolhapur,akashsharma407390@gmail.com,Savings,3220.78,563
5605,Kavya Patil,61,Satara,kavyapatil372139@gmail.com,Salary,,797
5606,Karan Pawar,46,Solapur,karanpawar980734@gmail.com,Savings,8161.75,785
5607,Pooja Shaikh,67,Solapur,poojashaikh880088@gmail.com,Current,25280.4,550
5608,Vijay Khan,37,Mumbai,vijaykhan886378@gmail.com,Salary,41521.68,631
5609,Vijay Sharma,47,Nashik,vijaysharma182250@gmail.com,Current,14202.7,821
5610,Simran Jadhav,46,Nagpur,simranjadhav184754@gmail.com,Current,4937.7,737
5611,Isha Verma,35,Nagpur,ishaverma248141@gmail.com,Salary,2453.21,640
5612,Neha Singh,42,Solapur,nehasingh621401@gmail.com,Current,43341.74,684
5613,Karan Joshi,36,Pune,karanjoshi333551@gmail.com,Savings,15985.5,646
5614,Arjun Gupta,61,Satara,arjungupta845472@gmail.com,Savings,15417.9,708
5615,Vijay Gupta,63,Solapur,vijaygupta774059@gmail.com,Salary,19765.44,782
5616,Priya Gupta,19,Thane,priyagupta731614@gmail.com,Savings,22301.07,789
5617,Rahul Joshi,40,Thane,rahuljoshi376311@gmail.com,Savings,45466.6,746
5618,Sahil Joshi,39,Nashik,sahiljoshi958477@gmail.com,Savings,40732.77,763
5619,Ananya Sharma,61,Nashik,ananyasharma620398@gmail.com,Current,6453.29,672
5620,,24,Pune,,Savings,19896.65,597
5621,Vijay Pawar,52,Solapur,vijaypawar29676@gmail.com,Savings,41520.27,748
5622,Akash Jadhav,,Nashik,akashjadhav737723@gmail.com,Savings,42113.96,754
5623,Priya Gupta,48,Kolhapur,priyagupta734691@gmail.com,,18159.78,781
5624,Rohan Pawar,44,Kolhapur,rohanpawar368865@gmail.com,Savings,13934.49,590
5625,Arjun Gupta,33,Thane,arjungupta993687@gmail.com,Salary,34903.55,631
5626,Vijay Joshi,61,Solapur,vijayjoshi595325@gmail.com,Current,36601.84,790
5627,Priya Sharma,36,Mumbai,priyasharma591084@gmail.com,Current,47570.01,648
5628,Priya Verma,27,Aurangabad,priyaverma149105@gmail.com,Salary,8237.53,794
5629,Mohit Jadhav,21,Satara,mohitjadhav590562@gmail.com,Current,30678.64,783
5630,Isha Gupta,33,Aurangabad,ishagupta994536@gmail.com,Current,14814.77,776
5631,Neha Shaikh,29,Kolhapur,nehashaikh197477@gmail.com,Current,42827.06,837
5632,Pooja Jadhav,36,Thane,poojajadhav877440@gmail.com,Salary,,558
5633,Pooja Joshi,39,Aurangabad,poojajoshi849867@gmail.com,Current,44567.17,684
5634,Pooja Shaikh,18,Solapur,poojashaikh924552@gmail.com,Savings,9811.81,731
5635,Neha Joshi,24,Ahmednagar,nehajoshi516237@gmail.com,Salary,16521.8,656
5636,Arjun Pawar,48,Nagpur,arjunpawar568558@gmail.com,Savings,18446.35,799
5637,Sahil Singh,53,Aurangabad,sahilsingh324165@gmail.com,Savings,9261.84,722
5638,Priya Sharma,,Nashik,priyasharma184184@gmail.com,Salary,43893.34,551
5639,Mohit Singh,23,Mumbai,mohitsingh514359@gmail.com,Salary,35425.27,603
5640,Neha Khan,29,Nashik,nehakhan39907@gmail.com,Salary,37295.22,
5641,Sahil Shaikh,70,Solapur,sahilshaikh94741@gmail.com,Salary,7199.89,734
5642,Isha Patil,57,Thane,ishapatil58996@gmail.com,Current,45653.4,801
5643,Priya Sharma,30,Thane,priyasharma244023@gmail.com,Savings,17433.99,658
5644,Priya Joshi,39,Solapur,priyajoshi630989@gmail.com,Savings,6588.54,726
5645,Mohit Singh,53,Solapur,mohitsingh229537@gmail.com,Current,44610.54,766
5646,Mohit Singh,60,Aurangabad,mohitsingh20996@gmail.com,Current,10513.35,750
5647,Sneha Shaikh,35,Solapur,snehashaikh552121@gmail.com,Salary,23541.14,613
5648,Amit Pawar,46,Satara,amitpawar501307@gmail.com,,,814
5649,Rahul Gupta,60,Aurangabad,rahulgupta816@gmail.com,Savings,10927.57,720
5650,Ayesha Joshi,63,Nagpur,ayeshajoshi347948@gmail.com,Salary,45122.65,807
5651,Isha Khan,65,Aurangabad,ishakhan962583@gmail.com,Savings,14600.92,729
5652,Ayesha Joshi,27,Satara,ayeshajoshi644066@gmail.com,Savings,39589.29,808
5653,Aditya Pawar,27,Nashik,adityapawar211350@gmail.com,Salary,30010.45,599
5654,Ananya Khan,48,Nashik,ananyakhan845719@gmail.com,Salary,35654.68,693
5655,Arjun Pawar,63,Thane,arjunpawar136928@gmail.com,Salary,30279.18,622
5656,Sneha Singh,35,Nashik,snehasingh357411@gmail.com,Current,36090.91,780
5657,Sahil Jadhav,27,Ahmednagar,sahiljadhav751863@gmail.com,Current,8841.31,629
5658,Arjun Joshi,60,Pune,arjunjoshi186180@gmail.com,Salary,34170.62,
5659,Ananya Pawar,33,Aurangabad,ananyapawar963511@gmail.com,Salary,19262.12,826
5660,Riya Jadhav,50,Satara,riyajadhav841503@gmail.com,Savings,27667.96,557
5661,Vijay Patil,49,Nashik,vijaypatil885396@gmail.com,Current,29789.4,774
5662,Mohit Pawar,67,Solapur,mohitpawar910491@gmail.com,Savings,15440.51,755
5663,Neha Shaikh,36,Ahmednagar,nehashaikh339407@gmail.com,Salary,5145.84,680
5664,Neha Gupta,23,Nagpur,nehagupta62548@gmail.com,Salary,950.35,668
5665,Neha Joshi,63,Mumbai,nehajoshi23077@gmail.com,Salary,46167.96,552
5666,Simran Verma,46,Solapur,simranverma154987@gmail.com,Current,34093.48,621
5667,Amit Shaikh,64,Thane,amitshaikh615204@gmail.com,Current,36214.11,830
5668,Priya Singh,42,Satara,priyasingh739027@gmail.com,Current,49373.75,594
5669,Pooja Khan,35,Solapur,poojakhan961879@gmail.com,Salary,42761.5,564
5670,Karan Joshi,65,Solapur,karanjoshi148633@gmail.com,Current,14454.68,757
5671,Vijay Khan,33,Satara,vijaykhan812082@gmail.com,Savings,47309.89,810
5672,Simran Shaikh,62,Satara,simranshaikh116408@gmail.com,Current,35661.69,819
5673,Simran Shaikh,24,Nagpur,simranshaikh887699@gmail.com,Current,35907.74,627
5674,Kavya Gupta,67,Thane,kavyagupta551960@gmail.com,Salary,24685.46,739
5675,Amit Sharma,44,Kolhapur,amitsharma902577@gmail.com,Savings,45458.25,850
5676,Ananya Verma,60,Mumbai,ananyaverma382714@gmail.com,Current,26311.73,648
5677,Akash Gupta,,Pune,akashgupta76154@gmail.com,Salary,21073.16,671
5678,Rahul Singh,23,Solapur,rahulsingh391838@gmail.com,Salary,5720.84,614
5679,Mohit Jadhav,67,Ahmednagar,mohitjadhav738861@gmail.com,Salary,45503.27,748
5680,Arjun Patil,68,Ahmednagar,arjunpatil987778@gmail.com,Salary,41151.52,822
5681,Aditya Patil,61,Aurangabad,adityapatil694403@gmail.com,Savings,22012.07,676
5682,Arjun Gupta,62,Thane,arjungupta414912@gmail.com,Savings,44835.76,719
5683,Vijay Verma,39,Kolhapur,vijayverma614583@gmail.com,Current,27468.28,780
5684,Karan Shaikh,57,Thane,karanshaikh106039@gmail.com,Current,42415.01,736
5685,Sneha Singh,18,Thane,snehasingh353009@gmail.com,Savings,14817.33,739
5686,Kavya Sharma,49,Nashik,kavyasharma316523@gmail.com,Current,39821.22,589
5687,Sneha Khan,22,Solapur,snehakhan338373@gmail.com,Current,18055.62,697
5688,Ananya Pawar,25,Ahmednagar,ananyapawar143179@gmail.com,Salary,3752.51,659
5689,Ananya Pawar,32,Solapur,ananyapawar165254@gmail.com,Salary,40892.84,694
5690,Rahul Jadhav,32,Thane,rahuljadhav768026@gmail.com,Salary,42079.07,596
5691,Ayesha Sharma,22,Solapur,ayeshasharma994877@gmail.com,Savings,9956.88,737
5692,Vijay Verma,68,Nashik,vijayverma458189@gmail.com,Current,12676.74,745
5693,Rahul Joshi,54,Ahmednagar,rahuljoshi830407@gmail.com,Savings,44150.93,731
5694,Rahul Sharma,42,Aurangabad,rahulsharma670418@gmail.com,Current,31255.24,835
5695,Isha Joshi,20,Pune,ishajoshi510966@gmail.com,Savings,37144.75,789
5696,Priya Singh,27,Satara,priyasingh680814@gmail.com,Salary,49827.06,833
5697,Simran Khan,57,Kolhapur,simrankhan332795@gmail.com,Savings,22032.79,825
5698,Ananya Sharma,27,Ahmednagar,ananyasharma182764@gmail.com,Salary,36788.36,749
5699,Amit Pawar,,Nashik,amitpawar741635@gmail.com,Current,42122.3,795
5700,Akash Singh,45,Solapur,akashsingh589375@gmail.com,Current,29668.14,625
5701,Arjun Patil,58,,arjunpatil727350@gmail.com,Salary,-6914.64,581
5702,Karan Shaikh,48,Nashik,karanshaikh932913@gmail.com,Current,12534.42,724
5703,Aditya Verma,41,Thane,adityaverma974064@gmail.com,Current,31420.22,776
5704,Priya Joshi,49,Ahmednagar,priyajoshi643620@gmail.com,Savings,13541.67,734
5705,Rahul Gupta,29,Nagpur,rahulgupta825320@gmail.com,Salary,28662.73,712
5706,Rahul Jadhav,65,Nashik,rahuljadhav374258@gmail.com,Current,38622.06,646
5707,Amit Sharma,70,Aurangabad,amitsharma234181@gmail.com,Salary,35628.02,699
5708,Karan Jadhav,70,Ahmednagar,karanjadhav697960@gmail.com,Current,9130.96,731
5709,Ananya Shaikh,34,Satara,ananyashaikh617658@gmail.com,Current,7343.02,697
5710,Rahul Khan,18,Kolhapur,rahulkhan854117@gmail.com,Current,26404.29,591
5711,Kavya Pawar,56,Nagpur,kavyapawar183969@gmail.com,Current,30679.95,679
5712,Ananya Sharma,57,Solapur,ananyasharma396864@gmail.com,Salary,30538.32,695
5713,Kavya Khan,63,Ahmednagar,kavyakhan321827@gmail.com,Current,34932.4,627
5714,Isha Khan,50,Thane,ishakhan769749@gmail.com,Salary,16879.12,703
5715,Vijay Verma,21,Thane,vijayverma722042@gmail.com,Salary,29767.54,667
5716,Rahul Sharma,18,Ahmednagar,rahulsharma308923@gmail.com,Current,35849.87,844
5717,Akash Shaikh,38,Ahmednagar,akashshaikh133634@gmail.com,Current,8837.64,
5718,Rohan Sharma,66,Mumbai,rohansharma186440@gmail.com,Salary,15182.02,639
5719,Priya Shaikh,30,Nagpur,priyashaikh764334@gmail.com,Salary,20689.9,786
5720,Vijay Patil,52,Aurangabad,vijaypatil1985@gmail.com,Salary,41899.9,703
5721,Ananya Gupta,47,Nagpur,ananyagupta994976@gmail.com,Current,5152.01,603
5722,Karan Pawar,51,Kolhapur,karanpawar736209@gmail.com,Current,15020.7,775
5723,Arjun Verma,38,Aurangabad,arjunverma994882@gmail.com,Savings,17476.5,741
5724,Simran Khan,22,Ahmednagar,simrankhan600760@gmail.com,Current,34673.85,796
5725,Sahil Shaikh,69,Solapur,sahilshaikh410723@gmail.com,Current,33320.17,840
5726,Neha Gupta,24,Solapur,nehagupta892183@gmail.com,Salary,1536.75,772
5727,Priya Patil,42,Satara,priyapatil808374@gmail.com,Current,43075.2,657
5728,Mohit Singh,53,Kolhapur,mohitsingh595148@gmail.com,Salary,12649.75,847
5729,Sahil Patil,60,Pune,sahilpatil34055@gmail.com,Current,19086.81,811
5730,Vijay Gupta,40,Satara,vijaygupta191026@gmail.com,Current,7019.76,581
5731,Pooja Jadhav,24,Thane,poojajadhav631750@gmail.com,Current,21087.31,589
5732,Rohan Patil,44,Nagpur,rohanpatil333774@gmail.com,Savings,5751.45,655
5733,Ananya Joshi,40,Kolhapur,ananyajoshi965878@gmail.com,Current,49253.01,676
5734,Sneha Gupta,47,Mumbai,snehagupta848195@gmail.com,Savings,39199.5,590
5735,Ayesha Pawar,65,Pune,ayeshapawar641179@gmail.com,Savings,920.52,594
5736,Sneha Gupta,41,Mumbai,snehagupta231725@gmail.com,Savings,29448.39,604
5737,Sahil Jadhav,31,Nashik,sahiljadhav670818@gmail.com,Salary,20151.85,692
5738,Riya Pawar,30,Satara,riyapawar593122@gmail.com,Savings,23984.96,743
5739,Rohan Khan,47,Ahmednagar,rohankhan109267@gmail.com,Current,6463.73,646
5740,Arjun Singh,24,Pune,arjunsingh982288@gmail.com,Savings,9738.49,579
5741,Aditya Gupta,49,Ahmednagar,adityagupta520387@gmail.com,Savings,13545.53,700
5742,Aditya Sharma,48,Mumbai,adityasharma147575@gmail.com,Current,47803.69,623
5743,Sahil Singh,32,Satara,sahilsingh347355@gmail.com,Salary,8829.62,836
5744,Priya Jadhav,24,Satara,priyajadhav781649@gmail.com,Salary,46092.02,614
5745,Priya Singh,19,Nashik,priyasingh81686@gmail.com,Current,16088.15,672
5746,Isha Singh,67,Solapur,ishasingh249656@gmail.com,Current,3888.23,593
5747,Rohan Verma,56,Satara,rohanverma363756@gmail.com,Salary,18698.71,559
5748,Neha Verma,31,Pune,nehaverma335139@gmail.com,Current,46610.05,786
5749,Pooja Sharma,39,Kolhapur,poojasharma176142@gmail.com,Salary,4619.46,643
5750,Pooja Patil,38,,poojapatil667190@gmail.com,Savings,,680
5751,,,Ahmednagar,,Savings,39852.28,756
5752,Mohit Joshi,30,Nashik,mohitjoshi928425@gmail.com,Current,25519.52,602
5753,Neha Joshi,41,Aurangabad,nehajoshi93135@gmail.com,Salary,7631.76,685
5754,Neha Khan,25,Nashik,nehakhan861674@gmail.com,Current,18180.66,636
5755,Priya Joshi,55,Solapur,priyajoshi743504@gmail.com,Current,13435.72,829
5756,Mohit Singh,53,Pune,mohitsingh702671@gmail.com,Salary,22628.8,664
5757,Aditya Joshi,,Pune,adityajoshi670247@gmail.com,Savings,30321.62,799
5758,Riya Pawar,32,Thane,riyapawar764811@gmail.com,Salary,31662.48,574
5759,Aditya Patil,64,Kolhapur,adityapatil929823@gmail.com,Savings,12552.13,580
5760,Kavya Pawar,25,Kolhapur,kavyapawar352158@gmail.com,Savings,27150.01,733
5761,Rahul Sharma,60,Pune,rahulsharma468425@gmail.com,Current,48560.57,0
5762,Rahul Jadhav,63,Nagpur,rahuljadhav12049@gmail.com,Savings,16563.01,651
5763,Rahul Gupta,62,Nagpur,rahulgupta278195@gmail.com,Current,39799.98,816
5764,Akash Jadhav,49,Mumbai,akashjadhav219969@gmail.com,Salary,37107.64,550
5765,Isha Pawar,36,Pune,ishapawar261762@gmail.com,Savings,8764.01,703
5766,Arjun Shaikh,42,Solapur,arjunshaikh726947@gmail.com,Savings,13790.49,844
5767,Neha Jadhav,40,Ahmednagar,nehajadhav71187@gmail.com,Current,9817.31,695
5768,Sneha Verma,50,Nagpur,snehaverma367606@gmail.com,Savings,13912.41,658
5769,Pooja Verma,21,Mumbai,poojaverma269225@gmail.com,Current,33574.27,616
5770,Aditya Gupta,67,Nagpur,adityagupta825350@gmail.com,Current,48075.25,697
5771,Simran Jadhav,50,Mumbai,simranjadhav113382@gmail.com,Current,21410.64,
5772,Kavya Khan,59,Aurangabad,kavyakhan755508@gmail.com,Current,49959.76,554
5773,Sahil Joshi,38,Pune,sahiljoshi1443@gmail.com,Salary,38321.97,843
5774,Riya Khan,19,Nashik,riyakhan50586@gmail.com,Savings,43151.55,845
5775,Ayesha Sharma,48,Nashik,ayeshasharma404784@gmail.com,Current,23716.27,790
5776,Pooja Patil,49,Nashik,poojapatil459607@gmail.com,Salary,8168.65,836
5777,Rahul Shaikh,47,Solapur,rahulshaikh768270@gmail.com,Savings,44926.95,815
5778,Akash Pawar,27,Solapur,akashpawar440138@gmail.com,Current,23247.91,695
5779,Ayesha Patil,32,Kolhapur,ayeshapatil174518@gmail.com,Salary,42146.32,598
5780,Rahul Joshi,66,Ahmednagar,rahuljoshi927619@gmail.com,Current,7103.98,694
5781,Neha Verma,55,Mumbai,nehaverma434230@gmail.com,Salary,4096.87,654
5782,Vijay Gupta,67,Nashik,vijaygupta517133@gmail.com,Current,40621.58,675
5783,Vijay Singh,70,Solapur,vijaysingh924703@gmail.com,Salary,48835.26,694
5784,Pooja Jadhav,58,,poojajadhav397208@gmail.com,Salary,26851.3,758
5785,Riya Sharma,,Nagpur,riyasharma368392@gmail.com,Salary,44003.74,847
5786,Riya Patil,38,Mumbai,riyapatil572647@gmail.com,Savings,46861.05,622
5787,Mohit Gupta,62,Nagpur,mohitgupta393680@gmail.com,Salary,41562.52,805
5788,Priya Joshi,28,Nagpur,priyajoshi106455@gmail.com,Current,34755.81,750
5789,Neha Pawar,29,Aurangabad,nehapawar869167@gmail.com,Savings,888.15,645
5790,Rohan Gupta,52,Aurangabad,rohangupta502880@gmail.com,Savings,10004.6,591
5791,Priya Patil,49,Satara,priyapatil827143@gmail.com,Savings,43105.3,
5792,Ayesha Khan,53,Aurangabad,ayeshakhan906122@gmail.com,Current,,571
5793,Vijay Khan,51,Nashik,vijaykhan606235@gmail.com,Current,44806.56,652
5794,Ayesha Patil,55,Ahmednagar,ayeshapatil682691@gmail.com,Savings,14214.65,807
5795,Simran Pawar,,Thane,simranpawar795175@gmail.com,Current,27299.14,741
5796,Amit Patil,49,Kolhapur,amitpatil720639@gmail.com,Current,15346.83,
5797,Rahul Singh,55,Nagpur,rahulsingh236640@gmail.com,Savings,10045.37,714
5798,Priya Shaikh,55,Mumbai,priyashaikh170657@gmail.com,Savings,45783.77,782
5799,Simran Joshi,49,Kolhapur,simranjoshi473309@gmail.com,Savings,,833
5800,Priya Verma,52,Aurangabad,priyaverma77389@gmail.com,Salary,12475.18,747
5801,Ananya Shaikh,58,Thane,ananyashaikh838116@gmail.com,Current,38417.52,778
5802,Priya Patil,38,Thane,priyapatil886946@gmail.com,Salary,20504.54,771
5803,Amit Khan,59,Nashik,amitkhan35135@gmail.com,Salary,14803.65,790
5804,Karan Singh,34,Satara,karansingh309334@gmail.com,Savings,9051.31,739
5805,Vijay Gupta,33,Solapur,vijaygupta21153@gmail.com,salary,15669.64,795
5806,Vijay Singh,63,Aurangabad,vijaysingh334298@gmail.com,Current,41829.05,644
5807,,27,Thane,,Salary,9650.11,700
5808,Isha Joshi,24,Thane,ishajoshi273912@gmail.com,Current,42159.45,827
5809,Amit Shaikh,62,Kolhapur,amitshaikh997990@gmail.com,Savings,34150.32,646
5810,Rahul Verma,23,Ahmednagar,rahulverma109912@gmail.com,Salary,12289.81,641
5811,Sneha Singh,35,Satara,snehasingh77904@gmail.com,Current,18331.22,835
5812,Amit Joshi,32,Nagpur,amitjoshi358511@gmail.com,Savings,19134.56,729
5813,Riya Pawar,70,Nagpur,riyapawar178468@gmail.com,Salary,38339.05,711
5814,Kavya Gupta,41,Kolhapur,kavyagupta931163@gmail.com,Current,46678.85,836
5815,,65,Ahmednagar,,Current,,787
5816,Simran Joshi,57,Pune,simranjoshi393796@gmail.com,Salary,48602.24,597
5817,Sneha Joshi,57,Ahmednagar,snehajoshi168820@gmail.com,Salary,39811.97,717
5818,Ayesha Pawar,59,Mumbai,ayeshapawar767641@gmail.com,Current,22597.32,629
5819,Pooja Gupta,32,Thane,poojagupta78745@gmail.com,Current,43876.94,667
5820,Sneha Khan,29,Solapur,snehakhan573719@gmail.com,Savings,25979.22,652
5821,Isha Shaikh,62,Nagpur,ishashaikh987684@gmail.com,Savings,46519.1,684
5822,Karan Verma,36,Thane,karanverma941851@gmail.com,Savings,49848.0,610
5823,Rahul Shaikh,64,Thane,rahulshaikh97727@gmail.com,Salary,32437.67,0
5824,Aditya Gupta,31,,adityagupta354466@gmail.com,Savings,23038.32,814
5825,Simran Patil,58,Kolhapur,simranpatil622986@gmail.com,Savings,26858.42,661
5826,Aditya Pawar,51,Nagpur,adityapawar643553@gmail.com,Current,18771.87,811
5827,Kavya Jadhav,65,Satara,kavyajadhav936715@gmail.com,Current,14382.65,822
5828,Simran Joshi,34,Aurangabad,simranjoshi506286@gmail.com,Current,19211.86,762
5829,Ayesha Shaikh,43,Solapur,ayeshashaikh738826@gmail.com,Current,1186.16,829
5830,Priya Gupta,30,Nagpur,priyagupta32598@gmail.com,Current,32580.41,100
5831,Sahil Patil,20,Nagpur,sahilpatil452375@gmail.com,Current,24511.7,616
5832,Kavya Jadhav,31,Kolhapur,kavyajadhav988322@gmail.com,Salary,29749.76,600
5833,Rohan Shaikh,31,Nashik,rohanshaikh685486@gmail.com,Salary,42791.92,786
5834,Vijay Pawar,61,Thane,vijaypawar173112@gmail.com,Savings,33854.35,782
5835,Simran Joshi,,Mumbai,simranjoshi636918@gmail.com,Savings,19415.52,822
5836,Simran Joshi,41,Nashik,simranjoshi933073@gmail.com,Current,27040.98,609
5837,Amit Joshi,31,Mumbai,amitjoshi455392@gmail.com,Current,25896.81,685
5838,Riya Khan,56,Ahmednagar,riyakhan164835@gmail.com,Salary,34527.44,714
5839,Pooja Khan,24,Satara,poojakhan56257@gmail.com,Savings,4635.86,555
5840,Neha Sharma,29,Nashik,nehasharma106276@gmail.com,Current,9113.34,744
5841,Mohit Shaikh,20,Aurangabad,mohitshaikh347277@gmail.com,Current,,651
5842,Simran Pawar,42,Ahmednagar,simranpawar215635@gmail.com,Current,48418.81,774
5843,Karan Gupta,51,Kolhapur,karangupta199312@gmail.com,Salary,28457.98,820
5844,Rahul Patil,53,Thane,rahulpatil429261@gmail.com,Salary,36541.04,779
5845,Sneha Sharma,52,Nashik,snehasharma731163@gmail.com,Salary,2228.09,592
5846,Akash Shaikh,63,Ahmednagar,akashshaikh581128@gmail.com,Current,22659.39,585
5847,Ananya Patil,26,Kolhapur,ananyapatil757211@gmail.com,Savings,32472.26,639
5848,Ananya Sharma,64,Mumbai,ananyasharma970634@gmail.com,Savings,4141.31,738
5849,Akash Shaikh,18,Thane,akashshaikh765533@gmail.com,Savings,37590.36,694
5850,Mohit Gupta,38,Ahmednagar,mohitgupta566462@gmail.com,Savings,42932.07,625
5851,Rohan Singh,18,Solapur,rohansingh278250@gmail.com,Salary,22576.84,817
5852,Simran Khan,65,Thane,simrankhan692787@gmail.com,Current,40437.51,657
5853,Pooja Patil,48,Solapur,poojapatil295298@gmail.com,Current,49881.6,607
5854,Neha Sharma,27,Thane,nehasharma311947@gmail.com,Savings,40487.57,725
5855,Riya Sharma,69,Nagpur,riyasharma249187@gmail.com,Current,39830.83,655
5856,Aditya Singh,,Nagpur,adityasingh100675@gmail.com,Salary,18872.66,677
5857,Rohan Verma,29,Kolhapur,rohanverma52146@gmail.com,Savings,31058.42,655
5858,Priya Joshi,49,Kolhapur,priyajoshi412087@gmail.com,Savings,13970.91,650
5859,Vijay Patil,69,Aurangabad,vijaypatil599644@gmail.com,Salary,16727.89,769
5860,Akash Joshi,24,,akashjoshi576463@gmail.com,Current,39272.47,641
5861,Amit Verma,39,Aurangabad,amitverma880751@gmail.com,Current,39416.39,712
5862,Rohan Verma,41,Aurangabad,rohanverma514896@gmail.com,Savings,12547.89,774
5863,Ayesha Shaikh,68,Solapur,ayeshashaikh161150@gmail.com,Salary,41220.25,831
5864,Aditya Pawar,53,Solapur,adityapawar57252@gmail.com,Savings,42363.53,692
5865,Sneha Verma,30,Satara,snehaverma378456@gmail.com,Current,17605.84,745
5866,Rohan Gupta,58,Satara,rohangupta4100@gmail.com,Savings,34627.83,573
5867,Kavya Sharma,31,Pune,kavyasharma448477@gmail.com,Salary,32372.62,761
5868,Sahil Verma,18,Satara,sahilverma91984@gmail.com,Current,21262.26,818
5869,Vijay Jadhav,68,Mumbai,vijayjadhav308957@gmail.com,Salary,26827.12,563
5870,Pooja Shaikh,47,Aurangabad,poojashaikh864018@gmail.com,Current,41789.32,797
5871,Aditya Joshi,56,Kolhapur,adityajoshi694278@gmail.com,Current,26279.85,723
5872,Aditya Gupta,29,Kolhapur,adityagupta655555@gmail.com,Savings,,737
5873,Amit Sharma,53,Kolhapur,amitsharma629471@gmail.com,Salary,2202.2,804
5874,Mohit Sharma,35,Nagpur,mohitsharma503760@gmail.com,Current,2648.12,789
5875,Sahil Gupta,38,Nagpur,sahilgupta209474@gmail.com,Savings,10191.47,646
5876,Isha Khan,28,Solapur,ishakhan101798@gmail.com,Current,41931.32,724
5877,Simran Patil,52,Kolhapur,simranpatil27085@gmail.com,Savings,6845.18,752
5878,Amit Patil,33,Solapur,amitpatil217105@gmail.com,Savings,47277.4,643
5879,Arjun Verma,,Aurangabad,arjunverma179230@gmail.com,Savings,35665.17,622
5880,Aditya Joshi,60,Mumbai,adityajoshi669291@gmail.com,Salary,45798.46,804
5881,Kavya Joshi,60,Mumbai,kavyajoshi306086@gmail.com,Salary,30827.26,710
5882,Ayesha Shaikh,20,Kolhapur,ayeshashaikh86016@gmail.com,Savings,25965.32,847
5883,Sahil Khan,26,Nashik,sahilkhan496674@gmail.com,Salary,29060.01,575
5884,Riya Sharma,63,Ahmednagar,riyasharma884856@gmail.com,Salary,1774.22,655
5885,Rohan Joshi,53,Pune,rohanjoshi121219@gmail.com,Current,42922.08,698
5886,Sahil Verma,52,Nashik,sahilverma323431@gmail.com,Savings,32435.41,817
5887,Riya Shaikh,41,Nagpur,riyashaikh823102@gmail.com,Savings,2247.88,553
5888,Pooja Patil,27,,poojapatil416874@gmail.com,Salary,17830.85,796
5889,Amit Sharma,26,Aurangabad,amitsharma493921@gmail.com,Salary,20707.35,701
5890,Ananya Singh,65,Aurangabad,ananyasingh512955@gmail.com,,12453.83,645
5891,Sneha Jadhav,44,Kolhapur,snehajadhav938447@gmail.com,Salary,9481.02,608
5892,Akash Verma,57,Aurangabad,akashverma693250@gmail.com,Savings,10745.93,646
5893,Pooja Shaikh,46,Ahmednagar,poojashaikh277977@gmail.com,Current,13623.34,577
5894,Amit Verma,25,Ahmednagar,amitverma95663@gmail.com,Savings,31761.6,832
5895,Amit Patil,46,Mumbai,amitpatil673145@gmail.com,Salary,25345.31,642
5896,Mohit Gupta,38,Satara,mohitgupta570657@gmail.com,Savings,34796.79,668
5897,Ayesha Joshi,36,Kolhapur,ayeshajoshi406451@gmail.com,Current,10597.53,647
5898,Arjun Verma,68,Ahmednagar,arjunverma193962@gmail.com,Salary,6978.49,742
5899,Priya Singh,38,Pune,priyasingh389143@gmail.com,Current,1474.3,697
5900,Priya Khan,40,Mumbai,priyakhan928606@gmail.com,Savings,40944.25,633
5901,Neha Gupta,56,Ahmednagar,nehagupta400074@gmail.com,Salary,5446.53,827
5902,Rohan Pawar,31,Ahmednagar,rohanpawar387445@gmail.com,Salary,47198.75,788
5903,Amit Sharma,62,Kolhapur,amitsharma195746@gmail.com,Savings,27781.87,744
5904,Karan Khan,26,Nagpur,karankhan467529@gmail.com,Current,26025.62,
5905,Kavya Jadhav,,Ahmednagar,kavyajadhav46884@gmail.com,Salary,47514.15,738
5906,Sahil Gupta,56,Nashik,sahilgupta276185@gmail.com,Salary,16378.29,703
5907,Amit Sharma,18,Ahmednagar,amitsharma461201@gmail.com,Savings,44504.64,577
5908,Sneha Shaikh,28,Aurangabad,snehashaikh487748@gmail.com,Savings,41511.42,764
5909,Mohit Singh,50,Solapur,mohitsingh276295@gmail.com,Salary,34767.0,726
5910,Sneha Verma,19,Pune,snehaverma237332@gmail.com,Salary,32071.56,581
5911,Kavya Khan,47,Pune,kavyakhan877840@gmail.com,Savings,22705.78,564
5912,Isha Singh,52,Thane,ishasingh281707@gmail.com,Salary,33122.09,713
5913,Neha Singh,56,Solapur,nehasingh591755@gmail.com,Salary,33407.32,630
5914,Ayesha Joshi,20,Nashik,ayeshajoshi64733@gmail.com,Savings,17586.06,573
5915,Sneha Pawar,63,Ahmednagar,snehapawar158571@gmail.com,Savings,29965.61,626
5916,Riya Verma,28,Pune,riyaverma788875@gmail.com,Savings,48781.84,844
5917,Priya Sharma,37,Thane,priyasharma730402@gmail.com,Savings,37152.83,625
5918,Amit Gupta,53,Mumbai,amitgupta699991@gmail.com,Current,49746.94,850
5919,Riya Singh,28,Nashik,riyasingh101500@gmail.com,Salary,21249.13,784
5920,Priya Jadhav,25,Mumbai,priyajadhav89970@gmail.com,Salary,36565.72,736
5921,Sneha Pawar,31,Aurangabad,snehapawar700696@gmail.com,Salary,1099.97,747
5922,Isha Pawar,35,Thane,ishapawar360591@gmail.com,Salary,17122.57,606
5923,Sahil Jadhav,32,Pune,sahiljadhav847538@gmail.com,Salary,8346.59,555
5924,Riya Patil,53,Pune,riyapatil567850@gmail.com,Salary,37223.13,690
5925,Ananya Patil,66,Kolhapur,ananyapatil434196@gmail.com,Savings,21764.91,802
5926,Sahil Jadhav,47,Mumbai,sahiljadhav793302@gmail.com,Savings,45553.8,645
5927,Arjun Sharma,56,Aurangabad,arjunsharma618472@gmail.com,Current,7672.15,626
5928,Akash Khan,52,Ahmednagar,akashkhan238664@gmail.com,Savings,4081.61,835
5929,Sahil Singh,65,Nagpur,sahilsingh580593@gmail.com,Savings,,603
5930,Isha Joshi,18,Solapur,ishajoshi64046@gmail.com,Salary,15768.87,553
5931,Sahil Khan,34,Solapur,sahilkhan881739@gmail.com,Savings,27834.45,817
5932,Rahul Jadhav,48,Aurangabad,rahuljadhav406010@gmail.com,Current,40506.83,675
5933,Arjun Gupta,40,Solapur,arjungupta858260@gmail.com,Salary,23252.95,623
5934,Simran Shaikh,57,Ahmednagar,simranshaikh548067@gmail.com,Current,10310.52,804
5935,Rohan Sharma,44,Ahmednagar,rohansharma439067@gmail.com,Current,7288.71,741
5936,Vijay Shaikh,56,Mumbai,vijayshaikh561627@gmail.com,Salary,46805.55,687
5937,Mohit Shaikh,35,Nashik,mohitshaikh720542@gmail.com,Salary,14659.69,644
5938,Akash Khan,51,Thane,akashkhan909104@gmail.com,Salary,29908.88,791
5939,,51,Aurangabad,,Savings,5909.22,812
5940,Arjun Shaikh,55,Thane,arjunshaikh981946@gmail.com,Savings,4537.88,843
5941,Sneha Khan,24,Solapur,snehakhan497989@gmail.com,Savings,49468.37,793
5942,Ayesha Gupta,38,Kolhapur,ayeshagupta600634@gmail.com,Savings,30942.53,661
5943,Ananya Gupta,26,Aurangabad,ananyagupta924581@gmail.com,Savings,6983.07,604
5944,Rahul Singh,64,Solapur,rahulsingh247188@gmail.com,Salary,31441.41,789
5945,Akash Shaikh,22,Kolhapur,akashshaikh499497@gmail.com,Salary,21875.83,587
5946,Priya Pawar,61,Thane,priyapawar313469@gmail.com,Salary,44257.01,563
5947,Rohan Verma,25,Thane,rohanverma82890@gmail.com,Salary,8614.46,783
5948,Ayesha Patil,47,Satara,ayeshapatil414082@gmail.com,Salary,13905.93,594
5949,Sahil Singh,58,Nashik,sahilsingh946730@gmail.com,Salary,27925.34,693
5950,Aditya Joshi,54,Nashik,adityajoshi895520@gmail.com,Current,5332.03,581
5951,Riya Patil,63,Ahmednagar,riyapatil749103@gmail.com,Savings,27089.34,658
5952,Kavya Gupta,42,Mumbai,kavyagupta36515@gmail.com,Current,33251.87,742
5953,Arjun Khan,44,Nagpur,arjunkhan526591@gmail.com,Salary,11301.05,849
5954,Mohit Shaikh,30,Aurangabad,mohitshaikh599067@gmail.com,Current,23167.03,587
5955,Sneha Singh,51,Kolhapur,snehasingh944295@gmail.com,Salary,23010.38,814
5956,Sneha Pawar,69,Pune,snehapawar542022@gmail.com,Savings,10737.28,731
5957,Aditya Verma,21,Thane,adityaverma839433@gmail.com,Savings,955.24,573
5958,Riya Shaikh,44,Kolhapur,riyashaikh599345@gmail.com,Savings,43018.97,658
5959,Sahil Joshi,70,Aurangabad,sahiljoshi710546@gmail.com,Salary,4268.4,
5960,Rahul Jadhav,54,Pune,rahuljadhav650503@gmail.com,Current,26975.67,
5961,Vijay Khan,39,Solapur,vijaykhan154710@gmail.com,Salary,31979.12,569
5962,Pooja Shaikh,29,Aurangabad,poojashaikh126224@gmail.com,Savings,39986.95,762
5963,Kavya Singh,53,Nashik,kavyasingh995465@gmail.com,Salary,48803.7,729
5964,Vijay Khan,,Nagpur,vijaykhan794069@gmail.com,Current,32466.99,634
5965,Amit Khan,22,Kolhapur,amitkhan470952@gmail.com,Salary,17445.19,551
5966,Riya Singh,43,Aurangabad,riyasingh181376@gmail.com,Savings,22123.67,692
5967,Akash Jadhav,38,Aurangabad,akashjadhav995263@gmail.com,Current,21080.45,684
5968,Riya Shaikh,67,Aurangabad,riyashaikh175384@gmail.com,Savings,49067.32,579
5969,Akash Singh,30,Mumbai,akashsingh222282@gmail.com,Savings,20664.19,692
5970,Karan Jadhav,27,Thane,karanjadhav847832@gmail.com,Savings,37953.25,596
5971,Mohit Khan,,Mumbai,mohitkhan202187@gmail.com,Salary,2978.14,753
5972,Isha Shaikh,65,Aurangabad,ishashaikh132415@gmail.com,Savings,30857.33,817
5973,Akash Singh,19,Aurangabad,akashsingh44848@gmail.com,Current,40683.62,845
5974,Neha Patil,38,Aurangabad,nehapatil444040@gmail.com,,49601.16,682
5975,Arjun Sharma,30,Mumbai,arjunsharma82275@gmail.com,Savings,25074.33,579
5976,Vijay Khan,69,Aurangabad,vijaykhan716408@gmail.com,Current,23358.96,809
5977,Neha Pawar,51,Satara,nehapawar456642@gmail.com,Current,46269.31,779
5978,Aditya Pawar,63,Ahmednagar,adityapawar211827@gmail.com,Savings,2298.83,665
5979,Simran Sharma,52,Mumbai,simransharma862620@gmail.com,Salary,43933.99,634
5980,Rohan Jadhav,60,Satara,rohanjadhav657794@gmail.com,Savings,9620.12,602
5981,Riya Jadhav,19,Ahmednagar,riyajadhav155161@gmail.com,Salary,31688.98,574
5982,Neha Gupta,35,Mumbai,nehagupta874725@gmail.com,Savings,2429.44,731
5983,Karan Verma,56,Aurangabad,karanverma624052@gmail.com,Salary,46844.95,582
5984,Karan Shaikh,19,Aurangabad,karanshaikh270513@gmail.com,Current,42953.11,763
5985,Riya Pawar,46,Ahmednagar,riyapawar335381@gmail.com,Current,11797.42,696
5986,Amit Gupta,19,Aurangabad,amitgupta955147@gmail.com,Savings,25680.44,729
5987,Rohan Singh,42,Solapur,rohansingh762522@gmail.com,Savings,2558.96,552
5988,Rohan Verma,32,Satara,rohanverma958680@gmail.com,Salary,10225.69,772
5989,Neha Patil,67,Pune,nehapatil846661@gmail.com,Salary,35578.79,645
5990,Kavya Gupta,57,Kolhapur,kavyagupta70367@gmail.com,Savings,43746.19,552
5991,Rahul Khan,53,Ahmednagar,rahulkhan91354@gmail.com,Savings,41268.55,644
5992,Priya Patil,25,Solapur,priyapatil407051@gmail.com,Current,41543.67,697
5993,Sahil Verma,42,Thane,sahilverma583490@gmail.com,Salary,529.6,846
5994,Priya Sharma,29,Kolhapur,priyasharma416756@gmail.com,Savings,20371.96,688
5995,Simran Patil,35,Pune,simranpatil578970@gmail.com,Current,16187.32,629
5996,Rahul Joshi,,Satara,rahuljoshi342068@gmail.com,Savings,42513.15,721
5997,Sneha Patil,23,Pune,snehapatil898335@gmail.com,Salary,25755.03,802
5998,Kavya Patil,56,Nagpur,kavyapatil289717@gmail.com,Current,47446.1,747
5999,Arjun Singh,60,Ahmednagar,arjunsingh545032@gmail.com,Salary,35246.66,597
6000,Akash Gupta,22,Kolhapur,akashgupta480512@gmail.com,Savings,30478.47,611
6001,Ayesha Sharma,59,Pune,ayeshasharma961813@gmail.com,Savings,14150.22,805
6002,Karan Shaikh,57,Solapur,karanshaikh915995@gmail.com,Current,29745.66,786
6003,Vijay Pawar,22,Nashik,vijaypawar13064@gmail.com,Savings,38095.49,714
6004,Rohan Patil,68,Mumbai,rohanpatil824858@gmail.com,Current,43370.87,649
6005,Ananya Verma,65,Nagpur,ananyaverma734535@gmail.com,Salary,32918.93,651
6006,Pooja Singh,55,Thane,poojasingh653423@gmail.com,Current,49871.44,634
6007,Karan Gupta,67,Aurangabad,karangupta616218@gmail.com,Current,43730.5,770
6008,Sahil Khan,31,Kolhapur,sahilkhan548045@gmail.com,Salary,6400.8,640
6009,Pooja Verma,22,Satara,poojaverma819756@gmail.com,Savings,31315.57,692
6010,Isha Patil,66,Pune,ishapatil440076@gmail.com,Savings,13956.83,584
6011,Rohan Joshi,45,Satara,rohanjoshi118084@gmail.com,Current,29374.4,817
6012,Ayesha Gupta,58,Nashik,ayeshagupta434674@gmail.com,Savings,6125.37,818
6013,Priya Joshi,64,Thane,priyajoshi157011@gmail.com,Current,12736.45,587
6014,Pooja Sharma,61,Thane,poojasharma155498@gmail.com,Current,40562.57,724
6015,Simran Jadhav,42,Thane,simranjadhav594216@gmail.com,Current,13033.09,640
6016,Mohit Joshi,49,Ahmednagar,mohitjoshi616593@gmail.com,Savings,25252.38,643
6017,Akash Pawar,70,Aurangabad,akashpawar611081@gmail.com,Savings,30338.37,670
6018,Sahil Khan,58,Nagpur,sahilkhan795316@gmail.com,Current,33952.0,738
6019,Mohit Verma,67,Kolhapur,mohitverma985394@gmail.com,Current,8570.09,589
6020,Ayesha Gupta,30,Nagpur,ayeshagupta105171@gmail.com,Current,46904.38,689
6021,Rahul Gupta,64,Nagpur,rahulgupta969957@gmail.com,Salary,20228.28,732
6022,Karan Pawar,28,Solapur,karanpawar110866@gmail.com,Salary,27297.49,619
6023,Ayesha Singh,47,Mumbai,ayeshasingh590116@gmail.com,Current,36076.89,799
6024,Karan Pawar,54,Nashik,karanpawar817511@gmail.com,Current,4138.02,575
6025,Kavya Pawar,52,Aurangabad,kavyapawar105996@gmail.com,Current,45259.14,639
6026,Priya Pawar,35,Pune,priyapawar824014@gmail.com,Salary,36241.55,663
6027,Rahul Jadhav,42,Thane,rahuljadhav300090@gmail.com,Savings,2410.24,717
6028,Neha Gupta,43,Aurangabad,nehagupta909713@gmail.com,Current,25872.01,582
6029,Simran Joshi,63,Solapur,simranjoshi561752@gmail.com,Current,32715.33,715
6030,Ayesha Patil,19,Pune,ayeshapatil922989@gmail.com,Current,-31059.07,669
6031,Aditya Pawar,41,Aurangabad,adityapawar360672@gmail.com,Current,20731.93,722
6032,Neha Pawar,29,Nashik,nehapawar920638@gmail.com,Current,38809.06,761
6033,Ayesha Patil,52,Mumbai,ayeshapatil430949@gmail.com,Savings,2670.38,814
6034,Ayesha Shaikh,64,Thane,ayeshashaikh277067@gmail.com,Current,34113.12,736
6035,Ayesha Gupta,59,Pune,ayeshagupta401750@gmail.com,Salary,30164.72,720
6036,Sahil Joshi,53,Solapur,sahiljoshi686694@gmail.com,Savings,12989.33,823
6037,Priya Gupta,40,Aurangabad,priyagupta509272@gmail.com,Salary,11652.96,790
6038,Amit Gupta,62,Solapur,amitgupta599909@gmail.com,Current,21631.39,680
6039,Ananya Jadhav,31,Satara,ananyajadhav638643@gmail.com,Salary,24411.3,665
6040,Priya Khan,58,Pune,priyakhan496125@gmail.com,Savings,13876.99,850
6041,Sneha Singh,54,Nagpur,snehasingh39385@gmail.com,Current,11957.79,829
6042,Aditya Khan,57,Ahmednagar,adityakhan180664@gmail.com,Savings,3031.15,728
6043,Arjun Singh,43,Thane,arjunsingh288892@gmail.com,Savings,19950.67,783
6044,Priya Gupta,50,Nagpur,priyagupta422648@gmail.com,Current,46665.15,827
6045,Riya Singh,59,Aurangabad,riyasingh150940@gmail.com,Savings,10004.96,708
6046,Kavya Jadhav,55,Aurangabad,kavyajadhav648376@gmail.com,Salary,14599.92,753
6047,Amit Verma,61,Pune,amitverma638321@gmail.com,Salary,9898.64,689
6048,Vijay Pawar,65,Nagpur,vijaypawar713984@gmail.com,Savings,40375.45,697
6049,Pooja Gupta,43,Nagpur,poojagupta727456@gmail.com,Current,28214.15,669
6050,Karan Sharma,29,Ahmednagar,karansharma421333@gmail.com,Current,15296.55,751
6051,Amit Verma,27,Thane,amitverma40766@gmail.com,Savings,29574.22,823
6052,Sahil Verma,47,Solapur,sahilverma415118@gmail.com,Current,48615.67,589
6053,Ayesha Khan,53,Aurangabad,ayeshakhan932886@gmail.com,Current,4049.67,715
6054,Mohit Jadhav,67,Solapur,mohitjadhav921753@gmail.com,Current,41798.24,647
6055,Vijay Pawar,36,Ahmednagar,vijaypawar347696@gmail.com,Current,,829
6056,Arjun Singh,21,Kolhapur,arjunsingh724156@gmail.com,Salary,30484.49,721
6057,Akash Patil,18,Pune,akashpatil249219@gmail.com,Savings,21189.79,551
6058,Rahul Khan,28,Aurangabad,rahulkhan51785@gmail.com,Current,15516.23,840
6059,Pooja Patil,62,Ahmednagar,poojapatil782075@gmail.com,Savings,21356.75,817
6060,Mohit Patil,40,Mumbai,mohitpatil498402@gmail.com,Savings,,722
6061,Arjun Verma,49,Pune,arjunverma965665@gmail.com,Current,4299.45,732
6062,Rohan Pawar,57,Solapur,rohanpawar281731@gmail.com,Savings,31876.89,762
6063,Aditya Pawar,66,Satara,adityapawar940705@gmail.com,Current,14382.25,827
6064,Ananya Pawar,70,Ahmednagar,ananyapawar390632@gmail.com,Salary,23188.53,798
6065,Pooja Sharma,53,Ahmednagar,poojasharma21315@gmail.com,Current,25408.91,839
6066,Isha Gupta,42,Mumbai,ishagupta354378@gmail.com,Current,25820.53,705
6067,Ananya Sharma,23,Aurangabad,ananyasharma857191@gmail.com,Salary,40139.7,640
6068,Kavya Patil,22,Kolhapur,kavyapatil832304@gmail.com,Salary,31235.34,829
6069,Arjun Pawar,65,Nagpur,arjunpawar317876@gmail.com,Current,33863.31,
6070,Neha Khan,39,Mumbai,nehakhan326153@gmail.com,Current,9107.64,698
6071,Ayesha Joshi,57,Mumbai,ayeshajoshi294064@gmail.com,Savings,12348.57,576
6072,Amit Verma,34,Thane,amitverma883888@gmail.com,Salary,25626.21,557
6073,Rahul Joshi,41,Aurangabad,rahuljoshi515600@gmail.com,Salary,37956.14,789
6074,Kavya Singh,64,Nashik,kavyasingh900024@gmail.com,Salary,18170.27,693
6075,Amit Sharma,,Ahmednagar,amitsharma730100@gmail.com,Salary,12973.66,600
6076,Sneha Jadhav,44,Solapur,snehajadhav718219@gmail.com,Current,649.53,781
6077,Rohan Joshi,42,Nashik,rohanjoshi103088@gmail.com,Salary,9630.54,793
6078,Rahul Joshi,58,Solapur,rahuljoshi911207@gmail.com,Savings,47916.78,
6079,Pooja Jadhav,40,Pune,poojajadhav239130@gmail.com,Salary,6459.06,627
6080,Isha Khan,55,Ahmednagar,ishakhan141013@gmail.com,Salary,24578.41,573
6081,Neha Singh,,Solapur,nehasingh315176@gmail.com,Salary,49111.85,849
6082,Arjun Gupta,55,Satara,arjungupta779950@gmail.com,Savings,4690.03,
6083,Akash Verma,,Mumbai,akashverma464735@gmail.com,Current,32203.28,561
6084,Isha Patil,38,Aurangabad,ishapatil811730@gmail.com,Savings,2315.78,774
6085,Neha Jadhav,54,Kolhapur,nehajadhav866038@gmail.com,Salary,48336.69,631
6086,Rahul Singh,35,Nagpur,rahulsingh336554@gmail.com,Salary,44750.77,816
6087,Pooja Joshi,55,Kolhapur,poojajoshi282607@gmail.com,Salary,14343.58,559
6088,Amit Sharma,29,Nagpur,amitsharma764301@gmail.com,Current,,563
6089,Rohan Pawar,69,Aurangabad,rohanpawar437117@gmail.com,Current,36160.75,642
6090,Aditya Joshi,21,Ahmednagar,adityajoshi634466@gmail.com,Salary,18805.39,828
6091,Riya Singh,38,Solapur,riyasingh677013@gmail.com,Savings,40655.1,591
6092,Ayesha Patil,48,Pune,ayeshapatil93724@gmail.com,Current,3252.42,653
6093,Neha Khan,50,Nagpur,nehakhan197164@gmail.com,Current,14323.89,792
6094,Ananya Patil,24,Mumbai,ananyapatil463273@gmail.com,Salary,42324.2,698
6095,Riya Pawar,46,Nashik,riyapawar221759@gmail.com,Salary,31846.9,551
6096,Rahul Khan,18,Solapur,rahulkhan957903@gmail.com,Salary,40321.68,605
6097,Sneha Joshi,69,Mumbai,snehajoshi864094@gmail.com,Salary,41312.77,601
6098,Riya Singh,39,Mumbai,riyasingh427049@gmail.com,Salary,10247.63,633
6099,Mohit Shaikh,20,Nagpur,mohitshaikh777036@gmail.com,Savings,33358.65,648
6100,Aditya Verma,34,Kolhapur,adityaverma508093@gmail.com,Salary,48435.78,701
6101,Akash Singh,29,Nashik,akashsingh796486@gmail.com,Salary,4505.42,630
6102,,46,Thane,,Savings,30320.64,791
6103,Riya Jadhav,,Satara,riyajadhav541690@gmail.com,Salary,20778.4,746
6104,Priya Singh,47,Mumbai,priyasingh909413@gmail.com,Current,39140.49,574
6105,,39,Solapur,,Current,17358.17,672
6106,Rohan Gupta,27,Kolhapur,rohangupta392173@gmail.com,Current,14485.49,
6107,Vijay Verma,57,Aurangabad,vijayverma860999@gmail.com,Salary,39880.33,780
6108,Sahil Joshi,66,Thane,sahiljoshi59036@gmail.com,Current,4219.5,771
6109,Simran Gupta,55,Nashik,simrangupta540399@gmail.com,Current,47823.38,845
6110,Neha Gupta,58,Thane,nehagupta830037@gmail.com,Savings,46424.75,730
6111,1000,46,Kolhapur,1000166794@gmail.com,Current,36593.36,815
6112,Amit Verma,50,Satara,amitverma68904@gmail.com,Savings,35897.97,714
6113,Akash Jadhav,68,Ahmednagar,akashjadhav326336@gmail.com,Salary,49783.44,841
6114,Priya Patil,55,Ahmednagar,priyapatil744137@gmail.com,Salary,14435.02,680
6115,Priya Gupta,31,Nagpur,priyagupta531513@gmail.com,Salary,36933.02,758
6116,Vijay Pawar,25,Kolhapur,vijaypawar423079@gmail.com,Salary,43700.44,560
6117,Priya Singh,35,Nagpur,priyasingh142339@gmail.com,Salary,40247.8,816
6118,Isha Jadhav,60,Nagpur,ishajadhav818530@gmail.com,Current,,590
6119,Sahil Pawar,46,Mumbai,sahilpawar892747@gmail.com,Current,43058.98,628
6120,Ananya Gupta,28,Nashik,ananyagupta549853@gmail.com,Savings,24951.87,647
6121,Ayesha Pawar,39,Thane,ayeshapawar922147@gmail.com,Current,9168.42,712
6122,Ayesha Patil,63,Thane,ayeshapatil596396@gmail.com,Salary,38219.86,564
6123,Ananya Gupta,31,Ahmednagar,ananyagupta30454@gmail.com,Savings,44140.07,789
6124,Ananya Gupta,48,Pune,ananyagupta182276@gmail.com,Savings,43933.89,810
6125,Priya Shaikh,30,Ahmednagar,priyashaikh202227@gmail.com,Savings,16596.25,747
6126,Rohan Patil,69,Satara,rohanpatil917793@gmail.com,Salary,42580.72,748
6127,Simran Pawar,44,Satara,simranpawar873490@gmail.com,Salary,45440.08,823
6128,Priya Joshi,45,Pune,priyajoshi210577@gmail.com,Salary,2955.86,599
6129,Akash Pawar,53,Nagpur,akashpawar877733@gmail.com,Savings,8453.48,704
6130,Aditya Patil,56,Mumbai,adityapatil60526@gmail.com,Savings,25944.01,767
6131,Ananya Gupta,62,Nashik,ananyagupta261709@gmail.com,Current,23970.34,805
6132,Ananya Patil,62,Kolhapur,ananyapatil34777@gmail.com,Current,32349.09,784
6133,Pooja Verma,45,Mumbai,poojaverma478721@gmail.com,Salary,28964.92,709
6134,Pooja Joshi,41,Kolhapur,poojajoshi53115@gmail.com,Salary,33356.93,686
6135,Kavya Pawar,42,Thane,kavyapawar962725@gmail.com,Current,20966.14,835
6136,Isha Singh,49,Nagpur,ishasingh377980@gmail.com,Savings,14298.33,767
6137,Sahil Patil,50,Nagpur,sahilpatil738962@gmail.com,Current,,675
6138,Sneha Patil,43,Aurangabad,snehapatil208881@gmail.com,Current,25304.92,712
6139,Priya Joshi,54,Kolhapur,priyajoshi287386@gmail.com,Salary,9372.86,621
6140,Priya Jadhav,24,Satara,priyajadhav386344@gmail.com,Salary,7945.49,620
6141,Arjun Shaikh,55,Ahmednagar,arjunshaikh863608@gmail.com,Current,30760.8,
6142,Rahul Sharma,46,Thane,rahulsharma486868@gmail.com,,8620.98,758
6143,Riya Singh,57,Solapur,riyasingh529763@gmail.com,Savings,43855.34,591
6144,Pooja Jadhav,51,Nashik,poojajadhav416324@gmail.com,Current,1265.09,731
6145,Sneha Gupta,64,Nashik,snehagupta666375@gmail.com,Current,4391.94,789
6146,Simran Patil,25,Thane,simranpatil968012@gmail.com,Salary,25886.79,784
6147,Isha Joshi,21,Ahmednagar,ishajoshi129990@gmail.com,Salary,44603.38,797
6148,Isha Sharma,48,Pune,ishasharma714363@gmail.com,Current,31165.93,708
6149,Aditya Joshi,55,Solapur,adityajoshi32147@gmail.com,Savings,5129.15,563
6150,Sneha Sharma,48,Aurangabad,snehasharma253790@gmail.com,Savings,38726.47,824
6151,Aditya Jadhav,20,Satara,adityajadhav390659@gmail.com,Current,21496.74,707
6152,Amit Sharma,31,Nagpur,amitsharma512630@gmail.com,Salary,8955.11,
6153,Aditya Singh,54,Mumbai,adityasingh622999@gmail.com,Savings,42742.24,815
6154,Isha Patil,,Mumbai,ishapatil467873@gmail.com,Current,23466.81,836
6155,Simran Joshi,65,Thane,simranjoshi186309@gmail.com,Savings,12725.2,805
6156,Sahil Khan,49,Solapur,sahilkhan912865@gmail.com,Savings,9337.78,812
6157,Priya Khan,38,Mumbai,priyakhan497735@gmail.com,Savings,47331.77,574
6158,Aditya Khan,64,Aurangabad,adityakhan615488@gmail.com,Savings,19463.14,761
6159,Karan Singh,64,Nashik,karansingh578215@gmail.com,Savings,5680.59,716
6160,Vijay Shaikh,32,Solapur,vijayshaikh366849@gmail.com,Salary,1812.28,587
6161,Arjun Khan,22,Aurangabad,arjunkhan361071@gmail.com,Savings,511.92,751
6162,Isha Patil,21,Solapur,ishapatil171556@gmail.com,Current,12317.97,722
6163,Arjun Jadhav,63,Kolhapur,arjunjadhav878443@gmail.com,Salary,10760.28,700
6164,Neha Khan,18,Kolhapur,nehakhan938042@gmail.com,Savings,6743.69,662
6165,Neha Gupta,38,Ahmednagar,nehagupta271324@gmail.com,Savings,2933.41,714
6166,Ayesha Patil,67,Aurangabad,ayeshapatil785442@gmail.com,Salary,,768
6167,Isha Patil,70,Thane,ishapatil871330@gmail.com,Current,5409.22,687
6168,Sneha Jadhav,37,Nashik,snehajadhav722412@gmail.com,Current,16124.54,601
6169,Ayesha Patil,20,Thane,ayeshapatil94882@gmail.com,Salary,19629.51,787
6170,Priya Singh,31,Nagpur,priyasingh299016@gmail.com,Savings,37208.61,797
6171,Rahul Joshi,68,Kolhapur,rahuljoshi28883@gmail.com,Current,21220.64,653
6172,Mohit Singh,22,Mumbai,mohitsingh405443@gmail.com,Salary,41073.19,640
6173,Arjun Joshi,19,Nashik,arjunjoshi52162@gmail.com,Savings,9727.59,711
6174,Isha Jadhav,45,Thane,ishajadhav170920@gmail.com,Savings,40395.83,786
6175,Ayesha Pawar,63,Nashik,ayeshapawar895396@gmail.com,Savings,41209.09,602
6176,Riya Patil,67,Aurangabad,riyapatil600156@gmail.com,,16744.56,741
6177,Ananya Jadhav,19,Nashik,ananyajadhav817811@gmail.com,Savings,12644.69,746
6178,Akash Pawar,49,Kolhapur,akashpawar224829@gmail.com,Current,47862.41,618
6179,Rahul Patil,43,Ahmednagar,rahulpatil898846@gmail.com,Savings,18940.02,659
6180,Arjun Joshi,48,Nagpur,arjunjoshi232203@gmail.com,Current,14230.09,624
6181,Amit Verma,55,Nashik,amitverma678927@gmail.com,Salary,37001.85,619
6182,Karan Khan,33,Solapur,karankhan236147@gmail.com,Salary,44727.85,798
6183,Riya Jadhav,49,Pune,riyajadhav710714@gmail.com,Current,5028.51,776
6184,Sahil Sharma,37,Pune,sahilsharma216873@gmail.com,Salary,42096.39,716
6185,Sahil Pawar,21,Mumbai,sahilpawar282254@gmail.com,Savings,47411.83,802
6186,Neha Jadhav,23,Thane,nehajadhav683338@gmail.com,Salary,25856.39,683
6187,Isha Pawar,51,Ahmednagar,ishapawar429499@gmail.com,Savings,10275.37,614
6188,Pooja Khan,62,Solapur,poojakhan538314@gmail.com,Current,6755.2,557
6189,Arjun Shaikh,46,Nagpur,arjunshaikh21126@gmail.com,Salary,27481.08,846
6190,Aditya Singh,68,Kolhapur,adityasingh906730@gmail.com,Salary,25815.59,621
6191,Ayesha Patil,62,Nashik,ayeshapatil818307@gmail.com,Salary,2033.01,632
6192,Neha Gupta,69,Solapur,nehagupta804958@gmail.com,Savings,8147.21,564
6193,Aditya Khan,64,Nashik,adityakhan715438@gmail.com,Savings,41461.36,662
6194,Mohit Pawar,,Solapur,mohitpawar9430@gmail.com,Salary,8741.76,682
6195,Akash Patil,36,Thane,akashpatil497226@gmail.com,Current,21326.04,644
6196,Amit Pawar,35,Thane,amitpawar955893@gmail.com,Current,49046.7,738
6197,Neha Patil,41,Satara,nehapatil138841@gmail.com,Salary,39759.78,616
6198,Pooja Verma,32,Nashik,poojaverma678918@gmail.com,Current,7234.65,762
6199,Ayesha Khan,34,Nagpur,ayeshakhan181714@gmail.com,,,552
6200,Kavya Patil,67,Ahmednagar,kavyapatil630443@gmail.com,Salary,21903.19,571
6201,Karan Verma,36,Satara,karanverma839867@gmail.com,Current,4199.85,793
6202,Isha Gupta,32,Satara,ishagupta8974@gmail.com,Salary,32940.81,755
6203,Mohit Khan,28,Mumbai,mohitkhan234739@gmail.com,Savings,1777.66,640
6204,Pooja Patil,45,Aurangabad,poojapatil264750@gmail.com,Salary,38068.59,702
6205,Rohan Singh,21,Satara,rohansingh637994@gmail.com,Savings,39597.51,663
6206,Akash Shaikh,21,Mumbai,akashshaikh844293@gmail.com,Salary,14423.3,632
6207,Ayesha Verma,51,Satara,ayeshaverma988912@gmail.com,Salary,8705.67,666
6208,Simran Joshi,45,Satara,simranjoshi320397@gmail.com,Current,34561.98,780
6209,Sneha Khan,36,Satara,snehakhan747462@gmail.com,Salary,12387.26,790
6210,Sneha Khan,22,Nashik,snehakhan743926@gmail.com,Current,913.99,645
6211,Karan Gupta,41,Thane,karangupta674062@gmail.com,Salary,9762.46,770
6212,Simran Jadhav,44,Nashik,simranjadhav288855@gmail.com,Salary,23802.27,555
6213,Ayesha Shaikh,31,Ahmednagar,ayeshashaikh444493@gmail.com,Savings,24353.58,667
6214,Sahil Jadhav,47,Nashik,sahiljadhav939081@gmail.com,Savings,6855.39,577
6215,Sneha Singh,,Pune,snehasingh394863@gmail.com,Salary,5501.67,568
6216,Karan Singh,19,Aurangabad,karansingh893052@gmail.com,Savings,12243.59,606
6217,Sneha Joshi,70,Pune,snehajoshi365748@gmail.com,Savings,47560.91,584
6218,Simran Pawar,50,Kolhapur,simranpawar481394@gmail.com,Salary,12964.58,625
6219,Isha Jadhav,23,Nagpur,ishajadhav264339@gmail.com,Current,23054.55,592
6220,Isha Khan,50,Satara,ishakhan228908@gmail.com,Current,13793.31,681
6221,Sahil Verma,65,Kolhapur,sahilverma489468@gmail.com,Current,46103.8,664
6222,Priya Verma,54,Kolhapur,priyaverma316922@gmail.com,Savings,28759.33,553
6223,Sahil Joshi,63,Solapur,sahiljoshi710191@gmail.com,Savings,18488.13,744
6224,Sahil Khan,60,Kolhapur,sahilkhan546028@gmail.com,,49537.63,846
6225,Ananya Patil,62,Mumbai,ananyapatil864452@gmail.com,Salary,34087.41,686
6226,Ananya Singh,18,Aurangabad,ananyasingh653998@gmail.com,Salary,2154.58,775
6227,Riya Verma,32,Nagpur,riyaverma416544@gmail.com,Current,35526.51,570
6228,Riya Khan,70,,riyakhan612979@gmail.com,Savings,39365.42,713
6229,,54,Thane,,Current,48778.51,662
6230,Isha Jadhav,20,Thane,ishajadhav107382@gmail.com,Salary,22972.63,669
6231,Aditya Gupta,62,Pune,adityagupta7804@gmail.com,Current,13036.73,696
6232,Priya Verma,65,Kolhapur,priyaverma536461@gmail.com,Salary,9442.37,685
6233,Vijay Singh,22,Ahmednagar,vijaysingh694630@gmail.com,Salary,14829.85,815
6234,Arjun Verma,43,Solapur,arjunverma884347@gmail.com,Current,41049.03,591
6235,Sahil Joshi,66,Thane,sahiljoshi880252@gmail.com,Salary,48014.92,730
6236,Sahil Shaikh,46,Mumbai,sahilshaikh392508@gmail.com,Savings,9409.8,760
6237,Ayesha Jadhav,49,Pune,ayeshajadhav588830@gmail.com,Savings,9497.87,619
6238,Rohan Sharma,46,Satara,rohansharma678887@gmail.com,Salary,49944.19,793
6239,Pooja Singh,31,Pune,poojasingh622715@gmail.com,Salary,9448.68,846
6240,Sneha Shaikh,62,Solapur,snehashaikh638735@gmail.com,Savings,30043.12,650
6241,Simran Singh,53,Satara,simransingh296508@gmail.com,Salary,21116.55,613
6242,Arjun Khan,52,Solapur,arjunkhan313074@gmail.com,Salary,10274.59,783
6243,,56,Satara,,Salary,30115.55,572
6244,Isha Gupta,68,Mumbai,ishagupta717759@gmail.com,Salary,35652.87,595
6245,Amit Sharma,45,Ahmednagar,amitsharma113455@gmail.com,Current,36137.28,
6246,Pooja Jadhav,21,Nashik,poojajadhav505239@gmail.com,Savings,32148.99,704
6247,Sneha Shaikh,65,Satara,snehashaikh67038@gmail.com,Savings,21435.28,847
6248,Rahul Singh,20,Pune,rahulsingh352718@gmail.com,Current,1805.14,704
6249,Vijay Joshi,19,Satara,vijayjoshi290013@gmail.com,Current,25484.1,571
6250,Simran Singh,27,Nashik,simransingh671812@gmail.com,Salary,32398.3,571
6251,Isha Shaikh,47,Aurangabad,ishashaikh341030@gmail.com,Current,44246.52,795
6252,Ayesha Sharma,26,Nagpur,ayeshasharma903439@gmail.com,Current,42243.8,822
6253,Riya Patil,39,Aurangabad,riyapatil290434@gmail.com,Current,35877.05,689
6254,Aditya Singh,42,Nashik,adityasingh273932@gmail.com,Savings,21478.08,
6255,Arjun Khan,32,Kolhapur,arjunkhan688091@gmail.com,Savings,38281.85,826
6256,Ananya Joshi,65,Aurangabad,ananyajoshi745735@gmail.com,Savings,24574.93,622
6257,Ayesha Shaikh,58,Mumbai,ayeshashaikh998541@gmail.com,Savings,17052.52,673
6258,Ayesha Gupta,56,Mumbai,ayeshagupta935821@gmail.com,Salary,17281.64,572
6259,Sahil Joshi,21,Ahmednagar,sahiljoshi683212@gmail.com,Current,23171.96,565
6260,,58,Satara,,Savings,16710.79,614
6261,Arjun Shaikh,59,Aurangabad,arjunshaikh313405@gmail.com,Current,30801.24,776
6262,Ananya Singh,31,Ahmednagar,ananyasingh197609@gmail.com,Savings,4247.06,818
6263,Karan Khan,46,Aurangabad,karankhan157312@gmail.com,Savings,37066.06,807
6264,Arjun Joshi,,Pune,arjunjoshi542521@gmail.com,Savings,26097.51,551
6265,Ayesha Sharma,47,Thane,ayeshasharma802758@gmail.com,Salary,18887.26,745
6266,Mohit Pawar,23,Mumbai,mohitpawar252074@gmail.com,Salary,15625.73,727
6267,Aditya Pawar,27,Ahmednagar,adityapawar943490@gmail.com,Savings,29241.36,593
6268,Kavya Joshi,45,Ahmednagar,kavyajoshi59632@gmail.com,Salary,23819.49,750
6269,Sahil Jadhav,61,Satara,sahiljadhav844654@gmail.com,Savings,42987.05,805
6270,Rahul Pawar,48,Aurangabad,rahulpawar899060@gmail.com,Current,8112.14,726
6271,Aditya Jadhav,64,Ahmednagar,adityajadhav841439@gmail.com,Salary,2444.91,559
6272,Sahil Joshi,70,Solapur,sahiljoshi849476@gmail.com,Savings,22418.06,654
6273,Akash Jadhav,60,Nashik,akashjadhav629280@gmail.com,Savings,36761.59,830
6274,Mohit Jadhav,,Solapur,mohitjadhav423827@gmail.com,Savings,32456.68,
6275,Isha Jadhav,21,Satara,ishajadhav692716@gmail.com,Savings,36677.21,551
6276,Priya Gupta,20,Aurangabad,priyagupta335209@gmail.com,Salary,40739.14,633
6277,Ayesha Khan,41,Pune,ayeshakhan713924@gmail.com,Current,2107.27,810
6278,,63,Ahmednagar,,Salary,41232.14,783
6279,Neha Singh,47,Aurangabad,nehasingh146826@gmail.com,Savings,7748.45,778
6280,Rohan Joshi,67,Nagpur,rohanjoshi756420@gmail.com,Salary,48025.75,687
6281,Kavya Jadhav,18,Mumbai,kavyajadhav26791@gmail.com,Salary,12002.79,730
6282,Priya Gupta,41,Nashik,priyagupta687337@gmail.com,Salary,41304.52,650
6283,,38,Aurangabad,,Savings,10860.44,626
6284,Neha Pawar,48,Nashik,nehapawar521633@gmail.com,Current,3719.99,568
6285,Pooja Khan,34,Pune,poojakhan310063@gmail.com,Savings,17218.19,666
6286,Akash Joshi,34,Ahmednagar,akashjoshi272128@gmail.com,Current,20829.26,625
6287,Ananya Verma,22,Thane,ananyaverma951065@gmail.com,Salary,18537.92,716
6288,Aditya Singh,64,Thane,adityasingh438997@gmail.com,Savings,13024.55,820
6289,Amit Khan,27,Mumbai,amitkhan424352@gmail.com,Current,12664.39,830
6290,Amit Gupta,63,Ahmednagar,amitgupta407235@gmail.com,Salary,5782.13,551
6291,,64,Nashik,,Savings,7190.6,734
6292,Neha Khan,,Nashik,nehakhan772619@gmail.com,Current,28691.65,577
6293,Akash Patil,28,Nagpur,akashpatil37134@gmail.com,Savings,5278.36,643
6294,Priya Patil,,Satara,priyapatil611444@gmail.com,Salary,46472.86,732
6295,Kavya Joshi,34,Mumbai,kavyajoshi742564@gmail.com,Salary,13495.97,608
6296,Mohit Gupta,48,Solapur,mohitgupta599929@gmail.com,Current,24894.08,786
6297,Riya Khan,25,Kolhapur,riyakhan855753@gmail.com,Savings,20951.63,803
6298,Isha Jadhav,55,Aurangabad,ishajadhav199240@gmail.com,Current,23530.77,790
6299,Sahil Sharma,,,sahilsharma359936@gmail.com,Current,1617.18,
6300,Kavya Singh,21,Ahmednagar,kavyasingh761942@gmail.com,Current,19768.3,709
6301,Ananya Joshi,54,Kolhapur,ananyajoshi748121@gmail.com,Current,40480.46,809
6302,Karan Verma,42,Ahmednagar,karanverma233264@gmail.com,,36718.68,770
6303,Isha Singh,39,Nashik,ishasingh719756@gmail.com,Current,21782.47,723
6304,Mohit Khan,51,Aurangabad,mohitkhan560705@gmail.com,Current,39794.08,773
6305,Simran Patil,48,Kolhapur,simranpatil669420@gmail.com,Current,,595
6306,Neha Singh,36,,nehasingh823124@gmail.com,Salary,49323.33,603
6307,Mohit Shaikh,66,Thane,mohitshaikh498944@gmail.com,Current,13663.19,770
6308,Ananya Joshi,37,Satara,ananyajoshi950661@gmail.com,Current,42287.67,685
6309,Pooja Gupta,30,Pune,poojagupta986461@gmail.com,Current,25559.66,703
6310,Ayesha Khan,63,Nashik,ayeshakhan704605@gmail.com,Savings,38811.98,604
6311,Neha Khan,52,Nagpur,nehakhan376011@gmail.com,Current,8796.98,733
6312,Priya Patil,49,Thane,priyapatil532058@gmail.com,Current,19158.37,740
6313,Sahil Sharma,50,Aurangabad,sahilsharma314877@gmail.com,Current,32586.91,841
6314,Ayesha Patil,31,Thane,ayeshapatil886586@gmail.com,Savings,26318.65,599
6315,Arjun Joshi,26,Ahmednagar,arjunjoshi178343@gmail.com,Salary,25066.11,731
6316,Riya Verma,63,Nagpur,riyaverma881573@gmail.com,Savings,39454.52,645
6317,Ananya Shaikh,33,Solapur,ananyashaikh689658@gmail.com,Current,6259.63,588
6318,Rohan Khan,65,Thane,rohankhan919171@gmail.com,Current,11463.71,686
6319,Rohan Jadhav,21,Thane,rohanjadhav585465@gmail.com,Salary,44066.88,656
6320,Ayesha Pawar,32,Satara,ayeshapawar190034@gmail.com,Current,4695.84,622
6321,Akash Joshi,32,Ahmednagar,akashjoshi308154@gmail.com,Salary,46551.45,654
6322,Rahul Shaikh,,Aurangabad,rahulshaikh102444@gmail.com,,20814.23,591
6323,Ayesha Khan,19,Kolhapur,ayeshakhan493749@gmail.com,Salary,3815.99,578
6324,Kavya Khan,23,Solapur,kavyakhan134259@gmail.com,Salary,3712.45,691
6325,Riya Verma,53,Nagpur,riyaverma777009@gmail.com,Salary,2116.59,760
6326,Rohan Patil,,Pune,rohanpatil271316@gmail.com,Savings,48408.1,613
6327,Kavya Khan,35,Solapur,kavyakhan760513@gmail.com,Current,18484.2,849
6328,Akash Khan,33,Ahmednagar,akashkhan847709@gmail.com,Current,36619.4,801
6329,Isha Jadhav,50,Kolhapur,ishajadhav586287@gmail.com,Current,22424.94,847
6330,Isha Verma,35,Aurangabad,ishaverma800077@gmail.com,Salary,42529.5,565
6331,Aditya Verma,46,Ahmednagar,adityaverma957056@gmail.com,Savings,13558.14,595
6332,Mohit Verma,46,Solapur,mohitverma192061@gmail.com,Salary,45796.04,607
6333,Kavya Verma,21,Pune,kavyaverma993021@gmail.com,Current,18653.86,659
6334,Priya Jadhav,24,Nagpur,priyajadhav712830@gmail.com,Savings,40392.5,624
6335,Amit Pawar,49,Thane,amitpawar943389@gmail.com,Current,26884.4,556
6336,,24,Solapur,,Salary,12069.94,638
6337,Rohan Khan,53,Mumbai,rohankhan352036@gmail.com,Current,35279.46,766
6338,Rohan Joshi,67,Aurangabad,rohanjoshi686324@gmail.com,Current,2648.88,608
6339,Ananya Khan,32,Thane,ananyakhan93737@gmail.com,Current,6225.81,761
6340,Isha Jadhav,68,Pune,ishajadhav233149@gmail.com,Current,29393.24,817
6341,Priya Singh,37,Thane,priyasingh372641@gmail.com,Salary,7129.96,628
6342,Kavya Joshi,57,Ahmednagar,kavyajoshi234276@gmail.com,Current,,652
6343,Ananya Pawar,42,Solapur,ananyapawar780460@gmail.com,Current,37694.7,600
6344,Pooja Singh,27,Nashik,poojasingh913862@gmail.com,Savings,32735.38,672
6345,Rahul Pawar,62,Aurangabad,rahulpawar322102@gmail.com,Current,25914.49,765
6346,Arjun Pawar,39,Nagpur,arjunpawar440997@gmail.com,Current,43890.73,850
6347,Karan Patil,57,Pune,karanpatil826472@gmail.com,Current,25988.69,585
6348,Rohan Pawar,39,Kolhapur,rohanpawar930022@gmail.com,Savings,29036.99,551
6349,Kavya Jadhav,50,Kolhapur,kavyajadhav347511@gmail.com,Current,45011.92,592
6350,Amit Gupta,67,Kolhapur,amitgupta389837@gmail.com,Current,32576.85,577
6351,Neha Joshi,40,Kolhapur,nehajoshi273316@gmail.com,Salary,44446.09,574
6352,Priya Khan,69,Pune,priyakhan614115@gmail.com,Salary,11152.28,694
6353,Akash Singh,46,Nagpur,akashsingh308434@gmail.com,Salary,25851.9,711
6354,Sahil Khan,35,Satara,sahilkhan486388@gmail.com,Savings,1083.09,762
6355,Vijay Singh,62,Kolhapur,vijaysingh892662@gmail.com,Current,44657.3,553
6356,Akash Patil,45,Solapur,akashpatil123602@gmail.com,Current,48686.73,771
6357,Arjun Jadhav,30,Mumbai,arjunjadhav493493@gmail.com,Salary,15228.35,592
6358,Aditya Khan,35,Satara,adityakhan56384@gmail.com,Salary,37059.84,597
6359,Sahil Joshi,58,Kolhapur,sahiljoshi908579@gmail.com,Current,13381.45,830
6360,Simran Verma,29,Nagpur,simranverma665313@gmail.com,Current,17693.15,762
6361,Amit Singh,54,Ahmednagar,amitsingh612022@gmail.com,Current,38089.45,576
6362,Kavya Sharma,28,Mumbai,kavyasharma608602@gmail.com,Current,3947.4,589
6363,Kavya Shaikh,22,Aurangabad,kavyashaikh990271@gmail.com,Salary,21708.24,666
6364,Isha Jadhav,45,Mumbai,ishajadhav650903@gmail.com,Savings,16593.75,627
6365,Karan Joshi,56,Solapur,karanjoshi74775@gmail.com,Savings,48012.25,551
6366,Akash Gupta,39,Thane,akashgupta495258@gmail.com,Current,16110.19,563
6367,Sneha Verma,40,Nagpur,snehaverma932730@gmail.com,Salary,12019.82,756
6368,Sahil Joshi,31,Nashik,sahiljoshi204093@gmail.com,Savings,49256.0,575
6369,Rohan Shaikh,37,Thane,rohanshaikh524888@gmail.com,Current,3393.61,567
6370,Ananya Singh,45,Mumbai,ananyasingh125736@gmail.com,Salary,42990.57,629
6371,Simran Joshi,26,Solapur,simranjoshi909737@gmail.com,Current,47594.82,814
6372,Rohan Singh,55,Aurangabad,rohansingh713863@gmail.com,Savings,16983.54,838
6373,Arjun Singh,41,Kolhapur,arjunsingh400309@gmail.com,Current,30521.75,760
6374,Sahil Sharma,48,Solapur,sahilsharma555675@gmail.com,Current,29914.38,802
6375,Kavya Shaikh,57,Solapur,kavyashaikh312948@gmail.com,Salary,32542.79,674
6376,Priya Shaikh,54,Nashik,priyashaikh433274@gmail.com,Salary,6098.32,828
6377,Ananya Shaikh,44,Pune,ananyashaikh56788@gmail.com,Current,30644.85,770
6378,Simran Joshi,24,Satara,simranjoshi913251@gmail.com,Current,20579.03,696
6379,Sahil Khan,63,Aurangabad,sahilkhan895835@gmail.com,Current,27421.41,663
6380,Pooja Patil,70,Kolhapur,poojapatil158202@gmail.com,Salary,40313.05,722
6381,Vijay Gupta,45,Kolhapur,vijaygupta144137@gmail.com,Salary,24369.67,694
6382,Neha Verma,29,Solapur,nehaverma210126@gmail.com,Savings,46387.28,605
6383,Arjun Khan,47,Solapur,arjunkhan359415@gmail.com,Savings,34025.87,825
6384,Isha Verma,49,Kolhapur,ishaverma429168@gmail.com,Savings,18281.69,831
6385,Kavya Shaikh,49,Ahmednagar,kavyashaikh597162@gmail.com,,32201.5,803
6386,Akash Joshi,69,Satara,akashjoshi936315@gmail.com,Current,48566.41,760
6387,Priya Jadhav,34,Nashik,priyajadhav950760@gmail.com,Salary,34288.87,562
6388,Priya Sharma,43,Ahmednagar,priyasharma479898@gmail.com,Savings,32478.68,673
6389,Ananya Jadhav,42,Solapur,ananyajadhav150281@gmail.com,Current,45599.55,607
6390,Neha Sharma,33,Pune,nehasharma331852@gmail.com,Current,31353.44,821
6391,Neha Patil,27,Pune,nehapatil904385@gmail.com,Salary,9499.79,792
6392,Rohan Sharma,33,Pune,rohansharma750532@gmail.com,Savings,2426.99,726
6393,Karan Jadhav,67,Ahmednagar,karanjadhav189217@gmail.com,Current,20935.14,
6394,Mohit Shaikh,46,Thane,mohitshaikh816879@gmail.com,Current,36191.48,836
6395,,47,Nagpur,,Salary,5131.1,591
6396,Sneha Verma,61,Thane,snehaverma84836@gmail.com,Salary,11767.58,808
6397,Rohan Khan,47,Nashik,rohankhan511365@gmail.com,Savings,40893.99,629
6398,Priya Verma,20,Solapur,priyaverma348887@gmail.com,Current,22792.91,664
6399,Sneha Jadhav,26,Kolhapur,snehajadhav661785@gmail.com,Salary,1754.73,800
6400,Rohan Singh,49,Nagpur,rohansingh185513@gmail.com,Current,37617.32,779
6401,Rahul Khan,54,Pune,rahulkhan328738@gmail.com,Savings,5498.32,594
6402,Karan Joshi,43,Thane,karanjoshi665420@gmail.com,Current,5407.63,597
6403,Riya Jadhav,69,Satara,riyajadhav60931@gmail.com,Savings,,840
6404,Sneha Joshi,46,Thane,snehajoshi5042@gmail.com,Current,14642.24,751
6405,Simran Gupta,69,Thane,simrangupta474112@gmail.com,Savings,26616.88,577
6406,Ayesha Singh,54,Pune,ayeshasingh286914@gmail.com,Salary,15346.21,
6407,Kavya Jadhav,69,Thane,kavyajadhav219653@gmail.com,Salary,10164.33,814
6408,Ananya Sharma,37,Kolhapur,ananyasharma798269@gmail.com,Current,37543.83,553
6409,Vijay Patil,19,Mumbai,vijaypatil811217@gmail.com,Current,26847.92,569
6410,Ananya Verma,49,Aurangabad,ananyaverma176895@gmail.com,Savings,7592.29,555
6411,Mohit Joshi,50,Mumbai,mohitjoshi604372@gmail.com,Current,32561.49,696
6412,Arjun Gupta,46,Nashik,arjungupta801719@gmail.com,Salary,23934.59,775
6413,Vijay Patil,21,Satara,vijaypatil166231@gmail.com,Salary,15169.41,842
6414,Karan Pawar,54,Ahmednagar,karanpawar513458@gmail.com,Salary,1535.0,726
6415,Kavya Joshi,58,Solapur,kavyajoshi823453@gmail.com,Current,42310.12,704
6416,Arjun Sharma,38,Aurangabad,arjunsharma800760@gmail.com,Savings,46542.25,777
6417,Simran Khan,25,Nagpur,simrankhan817729@gmail.com,Salary,16745.21,722
6418,Amit Jadhav,20,Ahmednagar,amitjadhav92418@gmail.com,Savings,23552.95,748
6419,Priya Verma,55,Nagpur,priyaverma135791@gmail.com,Savings,1101.63,552
6420,Isha Shaikh,21,Satara,ishashaikh644428@gmail.com,Savings,14822.65,629
6421,Mohit Shaikh,62,Aurangabad,mohitshaikh454879@gmail.com,Current,44107.28,586
6422,Pooja Khan,64,Aurangabad,poojakhan664359@gmail.com,Savings,38904.54,691
6423,Simran Verma,31,Satara,simranverma450368@gmail.com,Current,20058.58,557
6424,Kavya Pawar,45,Satara,kavyapawar423088@gmail.com,Current,39350.92,657
6425,Priya Pawar,25,Kolhapur,priyapawar449965@gmail.com,Salary,1113.99,
6426,Kavya Singh,,Satara,kavyasingh500690@gmail.com,Savings,20113.58,825
6427,Rohan Patil,55,Thane,rohanpatil402036@gmail.com,,39527.36,675
6428,Arjun Jadhav,50,Solapur,arjunjadhav4995@gmail.com,Salary,3210.65,823
6429,Pooja Pawar,68,Solapur,poojapawar39657@gmail.com,Salary,3731.13,757
6430,Vijay Pawar,54,Ahmednagar,vijaypawar559811@gmail.com,Salary,30048.19,727
6431,Amit Patil,50,Nashik,amitpatil209200@gmail.com,Current,45831.89,627
6432,Simran Pawar,55,Thane,simranpawar766251@gmail.com,Savings,15382.15,762
6433,Arjun Joshi,21,Satara,arjunjoshi391325@gmail.com,Current,7582.39,637
6434,Rahul Khan,27,Pune,rahulkhan996319@gmail.com,Current,13226.0,783
6435,Ayesha Singh,24,Satara,ayeshasingh14860@gmail.com,Current,19176.87,841
6436,Sneha Gupta,60,Solapur,snehagupta935436@gmail.com,Savings,18157.44,611
6437,Sneha Verma,40,Ahmednagar,snehaverma337964@gmail.com,Savings,12152.42,739
6438,Sahil Jadhav,69,Nashik,sahiljadhav793712@gmail.com,Current,6564.58,582
6439,Amit Singh,43,Satara,amitsingh873803@gmail.com,Savings,43175.71,711
6440,Pooja Verma,27,Nagpur,poojaverma556929@gmail.com,Current,5422.25,627
6441,Sahil Jadhav,70,Nashik,sahiljadhav199934@gmail.com,Current,17348.82,792
6442,Aditya Joshi,69,Satara,adityajoshi18886@gmail.com,Savings,23858.7,710
6443,Ananya Sharma,26,Kolhapur,ananyasharma709721@gmail.com,Savings,6985.09,806
6444,Priya Gupta,55,Nagpur,priyagupta4424@gmail.com,Salary,20250.23,
6445,Simran Khan,18,Pune,simrankhan657228@gmail.com,Savings,30666.93,712
6446,Isha Gupta,19,Thane,ishagupta769338@gmail.com,Savings,39294.26,567
6447,Ayesha Jadhav,22,Nashik,ayeshajadhav261009@gmail.com,Current,2357.63,764
6448,Mohit Joshi,67,Nagpur,mohitjoshi237356@gmail.com,Current,4014.81,587
6449,Rahul Shaikh,68,Aurangabad,rahulshaikh727313@gmail.com,Savings,21564.59,556
6450,Neha Patil,,Nagpur,nehapatil919685@gmail.com,Savings,5716.86,849
6451,Kavya Joshi,27,Ahmednagar,kavyajoshi361176@gmail.com,Current,5370.49,593
6452,Rahul Khan,28,Nashik,rahulkhan327352@gmail.com,Salary,5398.85,816
6453,Isha Joshi,21,Aurangabad,ishajoshi135293@gmail.com,Salary,1075.21,827
6454,Sahil Joshi,20,Nashik,sahiljoshi107797@gmail.com,Current,38552.21,772
6455,Neha Verma,,Satara,nehaverma402281@gmail.com,Savings,29207.83,572
6456,Pooja Patil,53,Thane,poojapatil527886@gmail.com,Salary,29972.44,640
6457,Ayesha Verma,21,Solapur,ayeshaverma617365@gmail.com,Salary,10637.51,
6458,Akash Jadhav,,Satara,akashjadhav321084@gmail.com,Current,36677.35,682
6459,Ayesha Jadhav,28,Ahmednagar,ayeshajadhav175233@gmail.com,Salary,47078.18,554
6460,Isha Jadhav,45,Solapur,ishajadhav68558@gmail.com,Salary,21660.15,814
6461,Amit Singh,55,Thane,amitsingh863962@gmail.com,Current,993.47,724
6462,Akash Singh,48,Aurangabad,akashsingh48039@gmail.com,Salary,16218.39,569
6463,Aditya Verma,43,Ahmednagar,adityaverma312787@gmail.com,Savings,34965.6,588
6464,Simran Shaikh,23,Pune,simranshaikh994635@gmail.com,Savings,12488.45,780
6465,Riya Joshi,63,Nagpur,riyajoshi305055@gmail.com,Current,15926.51,809
6466,Ananya Sharma,36,Mumbai,ananyasharma478173@gmail.com,Savings,49205.91,728
6467,Mohit Sharma,48,Mumbai,mohitsharma763287@gmail.com,Salary,11248.23,638
6468,Karan Verma,24,Satara,karanverma545661@gmail.com,,3077.53,720
6469,Neha Verma,34,Aurangabad,nehaverma625439@gmail.com,Savings,6742.58,849
6470,Karan Joshi,54,Thane,karanjoshi549677@gmail.com,Savings,47004.26,825
6471,Ayesha Gupta,18,Solapur,ayeshagupta354345@gmail.com,Salary,25498.38,556
6472,Rahul Jadhav,39,Nagpur,rahuljadhav454830@gmail.com,Salary,35352.46,653
6473,Isha Pawar,44,Nagpur,ishapawar931208@gmail.com,Savings,36545.98,594
6474,Kavya Patil,27,Ahmednagar,kavyapatil720241@gmail.com,Current,33266.85,
6475,Arjun Shaikh,29,Thane,arjunshaikh140388@gmail.com,Salary,20513.37,686
6476,Ayesha Singh,61,Solapur,ayeshasingh359481@gmail.com,Salary,36020.37,735
6477,Neha Jadhav,65,Mumbai,nehajadhav945269@gmail.com,Current,49582.92,610
6478,Pooja Shaikh,49,Solapur,poojashaikh514089@gmail.com,Current,17216.35,716
6479,Ananya Pawar,65,Solapur,ananyapawar376801@gmail.com,Current,16367.56,728
6480,Ananya Sharma,59,Pune,ananyasharma786653@gmail.com,Current,6316.22,802
6481,Ananya Patil,66,Ahmednagar,ananyapatil197679@gmail.com,Savings,25840.45,748
6482,Simran Gupta,21,Aurangabad,simrangupta172992@gmail.com,Current,22316.93,558
6483,Rohan Khan,35,Nashik,rohankhan994238@gmail.com,Current,,748
6484,Pooja Singh,40,Nashik,poojasingh951047@gmail.com,Savings,47875.84,807
6485,Akash Sharma,38,Nashik,akashsharma962908@gmail.com,Savings,11279.93,788
6486,Mohit Verma,,Satara,mohitverma851552@gmail.com,Savings,21720.32,566
6487,Aditya Verma,35,Solapur,adityaverma423086@gmail.com,Salary,4101.7,793
6488,Arjun Joshi,18,Pune,arjunjoshi20153@gmail.com,Savings,26271.92,698
6489,Vijay Khan,31,Thane,vijaykhan239613@gmail.com,Current,22092.18,633
6490,Ananya Pawar,21,Ahmednagar,ananyapawar235317@gmail.com,Salary,28072.95,691
6491,Aditya Gupta,28,Ahmednagar,adityagupta762591@gmail.com,Current,21695.45,634
6492,Pooja Patil,21,Kolhapur,poojapatil137679@gmail.com,Salary,2973.91,786
6493,Aditya Singh,43,Solapur,adityasingh221549@gmail.com,Salary,,703
6494,Mohit Shaikh,39,Solapur,mohitshaikh769835@gmail.com,Salary,44921.35,827
6495,Kavya Shaikh,28,Thane,kavyashaikh23077@gmail.com,Savings,,729
6496,Rahul Khan,57,Pune,rahulkhan618437@gmail.com,Salary,39474.12,744
6497,Simran Jadhav,69,Solapur,simranjadhav529246@gmail.com,Salary,42271.19,591
6498,Aditya Joshi,34,Nashik,adityajoshi177293@gmail.com,Salary,11139.33,785
6499,Sahil Sharma,54,Kolhapur,sahilsharma129244@gmail.com,Current,48424.61,810
6500,Amit Gupta,19,Mumbai,amitgupta384498@gmail.com,Savings,35011.17,721
6501,Sneha Sharma,28,Mumbai,snehasharma745752@gmail.com,Salary,4468.83,579
6502,Aditya Pawar,29,Ahmednagar,adityapawar682241@gmail.com,Savings,11670.17,585
6503,Amit Verma,28,Mumbai,amitverma830705@gmail.com,Current,48358.88,741
6504,Kavya Patil,59,Nagpur,kavyapatil39278@gmail.com,Savings,5736.82,588
6505,Kavya Jadhav,41,Solapur,kavyajadhav393517@gmail.com,Savings,22791.92,645
6506,Isha Shaikh,64,Solapur,ishashaikh919223@gmail.com,Savings,20503.03,608
6507,Simran Jadhav,67,Satara,simranjadhav671525@gmail.com,Salary,39629.63,655
6508,Pooja Jadhav,69,Solapur,poojajadhav268314@gmail.com,Salary,23442.49,823
6509,Mohit Patil,39,Kolhapur,mohitpatil808813@gmail.com,Savings,40686.56,626
6510,Kavya Khan,60,Aurangabad,kavyakhan560808@gmail.com,Salary,3240.26,602
6511,Amit Jadhav,19,Thane,amitjadhav653504@gmail.com,Savings,22860.65,702
6512,Neha Patil,63,Thane,nehapatil51047@gmail.com,Current,37931.82,817
6513,Rohan Shaikh,26,Kolhapur,rohanshaikh622874@gmail.com,Savings,24520.91,765
6514,Karan Verma,48,Mumbai,karanverma50390@gmail.com,Current,47095.11,586
6515,Vijay Verma,56,Aurangabad,vijayverma694225@gmail.com,Salary,36893.08,766
6516,Riya Singh,42,Nashik,riyasingh113465@gmail.com,Savings,29495.31,652
6517,Sneha Khan,69,Nashik,snehakhan685415@gmail.com,Salary,25345.8,801
6518,Aditya Khan,48,Mumbai,adityakhan876835@gmail.com,Current,22684.01,753
6519,Priya Sharma,45,Ahmednagar,priyasharma20800@gmail.com,Current,17069.06,550
6520,Priya Sharma,29,Aurangabad,priyasharma50678@gmail.com,Salary,10586.24,690
6521,Priya Singh,28,Kolhapur,priyasingh723355@gmail.com,Salary,26541.13,779
6522,Kavya Khan,52,Nagpur,kavyakhan121514@gmail.com,Salary,20848.82,660
6523,Rahul Pawar,54,Solapur,rahulpawar437120@gmail.com,Savings,10457.86,820
6524,Rahul Jadhav,52,Nashik,rahuljadhav465997@gmail.com,Salary,20853.52,840
6525,Mohit Joshi,52,Solapur,mohitjoshi398824@gmail.com,Savings,27981.88,791
6526,Simran Khan,24,Kolhapur,simrankhan129698@gmail.com,Savings,45523.63,707
6527,Simran Singh,52,,simransingh573967@gmail.com,Salary,10619.99,662
6528,Ayesha Verma,,Nashik,ayeshaverma265115@gmail.com,Salary,28387.51,748
6529,Kavya Verma,31,Mumbai,kavyaverma497540@gmail.com,Salary,40729.47,651
6530,Rahul Jadhav,53,Pune,rahuljadhav736062@gmail.com,Savings,19858.14,604
6531,Ayesha Verma,38,Pune,ayeshaverma160665@gmail.com,Current,30900.74,591
6532,Karan Pawar,55,Nashik,karanpawar215577@gmail.com,Savings,28884.6,673
6533,Rohan Shaikh,37,Pune,rohanshaikh729061@gmail.com,,48505.06,705
6534,Aditya Singh,44,Nagpur,adityasingh719150@gmail.com,Salary,15249.58,804
6535,Riya Patil,39,Ahmednagar,riyapatil661029@gmail.com,Savings,45456.4,582
6536,Simran Gupta,23,Satara,simrangupta9856@gmail.com,Current,41371.87,597
6537,Kavya Sharma,34,Kolhapur,kavyasharma315843@gmail.com,Current,9689.33,809
6538,Pooja Pawar,25,Satara,poojapawar441415@gmail.com,Salary,2216.14,736
6539,Ayesha Pawar,25,Kolhapur,ayeshapawar693905@gmail.com,Current,17945.07,599
6540,Amit Singh,44,Aurangabad,amitsingh105985@gmail.com,Current,46873.31,776
6541,Simran Khan,30,Aurangabad,simrankhan694763@gmail.com,Savings,46838.73,773
6542,,19,Kolhapur,,Salary,49801.64,806
6543,Rohan Singh,47,Thane,rohansingh545683@gmail.com,Salary,32279.92,636
6544,Amit Gupta,65,Kolhapur,amitgupta283191@gmail.com,Salary,29863.87,613
6545,Rohan Verma,50,Aurangabad,rohanverma653150@gmail.com,Savings,49718.36,623
6546,Akash Pawar,63,Ahmednagar,akashpawar635153@gmail.com,Current,24062.42,568
6547,Rohan Verma,21,Solapur,rohanverma734864@gmail.com,Salary,3315.57,555
6548,Vijay Singh,62,Nashik,vijaysingh143926@gmail.com,Current,40458.64,798
6549,45Rahul,38,Satara,45rahul439270@gmail.com,Current,33838.41,0
6550,Riya Gupta,27,Nashik,riyagupta871102@gmail.com,Savings,-29483.52,827
6551,Arjun Singh,56,Mumbai,arjunsingh942373@gmail.com,Salary,36974.51,828
6552,Simran Pawar,32,Kolhapur,simranpawar110110@gmail.com,Salary,23075.01,552
6553,Vijay Singh,41,Kolhapur,vijaysingh536535@gmail.com,Current,13570.8,562
6554,Mohit Sharma,24,Kolhapur,mohitsharma753781@gmail.com,Current,49561.86,820
6555,Sahil Gupta,21,Ahmednagar,sahilgupta647803@gmail.com,Current,20684.6,706
6556,Vijay Pawar,52,Aurangabad,vijaypawar123553@gmail.com,Salary,48192.25,647
6557,Simran Patil,32,Solapur,simranpatil296539@gmail.com,Current,563.58,697
6558,Pooja Jadhav,24,Solapur,poojajadhav119650@gmail.com,Savings,12825.68,781
6559,Neha Joshi,69,Kolhapur,nehajoshi822980@gmail.com,Savings,23248.95,822
6560,Rahul Gupta,37,Nashik,rahulgupta111525@gmail.com,Salary,46665.03,787
6561,Isha Singh,,Kolhapur,ishasingh522017@gmail.com,Salary,37835.36,609
6562,Riya Verma,47,Nashik,riyaverma208396@gmail.com,Current,43773.14,787
6563,Akash Joshi,68,Mumbai,akashjoshi638684@gmail.com,Salary,21873.92,846
6564,Kavya Gupta,27,,kavyagupta209552@gmail.com,Current,19855.74,772
6565,Sahil Shaikh,18,Nagpur,sahilshaikh815849@gmail.com,Current,35750.07,830
6566,Pooja Sharma,35,Mumbai,poojasharma275869@gmail.com,,40833.03,664
6567,Ayesha Patil,48,Thane,ayeshapatil871989@gmail.com,Salary,30725.08,609
6568,Isha Shaikh,20,Pune,ishashaikh548658@gmail.com,Salary,8169.46,743
6569,Simran Sharma,66,Aurangabad,simransharma211569@gmail.com,Salary,16036.65,588
6570,Arjun Khan,47,Satara,arjunkhan375408@gmail.com,Savings,9901.58,689
6571,Simran Sharma,66,Solapur,simransharma737706@gmail.com,Current,14073.38,835
6572,Kavya Joshi,40,Satara,kavyajoshi429760@gmail.com,Current,14467.98,820
6573,Arjun Pawar,62,Aurangabad,arjunpawar309798@gmail.com,Salary,40014.81,582
6574,Neha Joshi,68,Kolhapur,nehajoshi168263@gmail.com,Savings,12182.16,752
6575,Amit Verma,25,Thane,amitverma41419@gmail.com,Current,18196.55,821
6576,Rohan Singh,23,Solapur,rohansingh574865@gmail.com,Savings,44676.33,557
6577,Ayesha Gupta,30,Mumbai,ayeshagupta520565@gmail.com,Savings,23354.49,830
6578,Ananya Khan,36,Aurangabad,ananyakhan954678@gmail.com,Current,2482.89,589
6579,Karan Patil,70,Nashik,karanpatil217882@gmail.com,Salary,25947.21,573
6580,Vijay Patil,61,Satara,vijaypatil721734@gmail.com,Savings,12437.44,634
6581,Pooja Shaikh,56,Nagpur,poojashaikh978551@gmail.com,Savings,12205.27,704
6582,Sneha Verma,69,Pune,snehaverma504112@gmail.com,Current,26832.89,798
6583,Aditya Joshi,67,Thane,adityajoshi346763@gmail.com,Current,20625.83,658
6584,Amit Verma,18,Aurangabad,amitverma245996@gmail.com,Savings,33501.42,712
6585,Sneha Jadhav,57,Mumbai,snehajadhav2971@gmail.com,Savings,25009.26,630
6586,Sahil Joshi,19,Nashik,sahiljoshi13468@gmail.com,Current,12473.48,651
6587,Vijay Joshi,42,Kolhapur,vijayjoshi704358@gmail.com,Salary,6167.02,769
6588,Vijay Gupta,61,Mumbai,vijaygupta93426@gmail.com,Current,27931.42,624
6589,Priya Verma,29,Solapur,priyaverma951032@gmail.com,Savings,32744.66,788
6590,Rahul Gupta,54,Solapur,rahulgupta115895@gmail.com,Salary,39004.17,689
6591,Sahil Pawar,64,Nashik,sahilpawar875904@gmail.com,Salary,14646.0,747
6592,Priya Patil,31,Solapur,priyapatil602142@gmail.com,Current,16781.2,717
6593,Rohan Shaikh,53,Ahmednagar,rohanshaikh701620@gmail.com,Salary,7567.75,653
6594,Kavya Pawar,23,Satara,kavyapawar518205@gmail.com,Savings,17906.32,782
6595,Mohit Khan,20,Pune,mohitkhan156489@gmail.com,Savings,27549.15,695
6596,Rahul Patil,43,Satara,rahulpatil995666@gmail.com,Current,27267.36,772
6597,Rahul Verma,63,Kolhapur,rahulverma94558@gmail.com,Current,,739
6598,Sneha Sharma,42,Mumbai,snehasharma817492@gmail.com,Current,43636.43,739
6599,Ayesha Singh,60,Kolhapur,ayeshasingh536661@gmail.com,Current,27478.29,631
6600,Amit Jadhav,45,Solapur,amitjadhav78793@gmail.com,Current,24524.09,779
6601,Riya Patil,66,Aurangabad,riyapatil758811@gmail.com,Savings,11112.91,808
6602,Simran Sharma,24,Ahmednagar,simransharma758824@gmail.com,Salary,18058.71,713
6603,Priya Pawar,,Thane,priyapawar106310@gmail.com,Salary,40988.38,824
6604,Priya Patil,29,Thane,priyapatil948829@gmail.com,Savings,9480.87,689
6605,Vijay Sharma,62,Satara,vijaysharma268422@gmail.com,Savings,18172.6,735
6606,Mohit Verma,42,Thane,mohitverma675736@gmail.com,Savings,40382.06,650
6607,Riya Joshi,24,Pune,riyajoshi242489@gmail.com,Savings,6769.34,831
6608,Isha Patil,39,Nashik,ishapatil479038@gmail.com,Salary,23298.38,703
6609,Ananya Sharma,57,Ahmednagar,ananyasharma310501@gmail.com,Salary,21931.73,636
6610,Riya Verma,35,Satara,riyaverma277055@gmail.com,Current,49144.62,586
6611,Neha Joshi,65,Ahmednagar,nehajoshi486930@gmail.com,Salary,22466.84,568
6612,,56,Ahmednagar,,Current,41026.82,781
6613,Aditya Pawar,23,Pune,adityapawar52612@gmail.com,Current,5787.53,841
6614,Ayesha Khan,46,,ayeshakhan104757@gmail.com,Salary,8743.49,836
6615,Arjun Khan,62,Solapur,arjunkhan852779@gmail.com,Savings,13194.67,827
6616,Vijay Shaikh,24,Ahmednagar,vijayshaikh183288@gmail.com,Salary,4691.99,642
6617,Sneha Sharma,23,Mumbai,snehasharma916702@gmail.com,Savings,14134.34,822
6618,Ananya Verma,39,Nashik,ananyaverma41460@gmail.com,Current,32191.78,792
6619,Vijay Shaikh,53,Kolhapur,vijayshaikh893747@gmail.com,Savings,8855.93,669
6620,Rahul Shaikh,30,Kolhapur,rahulshaikh304781@gmail.com,Current,22289.41,714
6621,Amit Khan,38,Aurangabad,amitkhan377812@gmail.com,Salary,21208.55,632
6622,Vijay Pawar,44,Pune,vijaypawar840634@gmail.com,Salary,43408.47,801
6623,Rahul Sharma,23,Kolhapur,rahulsharma709741@gmail.com,Savings,47262.07,638
6624,Rahul Shaikh,20,Nashik,rahulshaikh327997@gmail.com,Salary,2071.28,838
6625,Sahil Pawar,31,Pune,sahilpawar446788@gmail.com,Savings,44063.03,729
6626,Sahil Singh,36,Satara,sahilsingh774515@gmail.com,Savings,18679.88,725
6627,Ananya Jadhav,19,Nagpur,ananyajadhav121631@gmail.com,Current,8969.4,787
6628,Aditya Joshi,46,Mumbai,adityajoshi99713@gmail.com,,48089.16,602
6629,Rohan Shaikh,67,Nashik,rohanshaikh892696@gmail.com,Savings,37593.04,774
6630,Riya Singh,61,Aurangabad,riyasingh795134@gmail.com,Salary,12034.21,738
6631,Riya Jadhav,62,Nagpur,riyajadhav933638@gmail.com,Salary,44981.73,805
6632,Arjun Patil,51,Aurangabad,arjunpatil48218@gmail.com,Savings,49350.36,616
6633,Riya Jadhav,39,Satara,riyajadhav10242@gmail.com,Current,5993.87,702
6634,Akash Sharma,34,Nashik,akashsharma893485@gmail.com,Savings,46166.41,552
6635,Karan Singh,31,Kolhapur,karansingh145217@gmail.com,Savings,18049.78,748
6636,Ayesha Khan,57,Nashik,ayeshakhan695678@gmail.com,Savings,35192.15,784
6637,Neha Sharma,45,Nashik,nehasharma678736@gmail.com,Savings,1924.71,603
6638,Ayesha Khan,60,Kolhapur,ayeshakhan178895@gmail.com,Salary,1235.36,733
6639,Amit Sharma,20,Kolhapur,amitsharma344725@gmail.com,Salary,46661.12,749
6640,Ananya Patil,35,Satara,ananyapatil374994@gmail.com,Current,22571.74,669
6641,Arjun Joshi,61,Solapur,arjunjoshi938080@gmail.com,Current,29544.42,661
6642,Arjun Sharma,19,Mumbai,arjunsharma459076@gmail.com,Savings,2045.04,813
6643,Mohit Sharma,45,Aurangabad,mohitsharma652111@gmail.com,Salary,40741.98,612
6644,Arjun Joshi,34,Nagpur,arjunjoshi281442@gmail.com,Salary,16748.3,562
6645,Vijay Shaikh,55,Aurangabad,vijayshaikh921248@gmail.com,Savings,11451.09,575
6646,Rohan Patil,27,Solapur,rohanpatil768777@gmail.com,Salary,22611.92,764
6647,Ayesha Gupta,24,Ahmednagar,ayeshagupta97566@gmail.com,Salary,41662.08,554
6648,Ananya Shaikh,30,Nagpur,ananyashaikh390822@gmail.com,Salary,33844.77,680
6649,Simran Patil,40,Ahmednagar,simranpatil854651@gmail.com,Current,37637.41,731
6650,Sneha Patil,54,Satara,snehapatil359470@gmail.com,Salary,31168.98,809
6651,Simran Joshi,24,Solapur,simranjoshi191852@gmail.com,Savings,12414.05,602
6652,Akash Singh,61,Aurangabad,akashsingh119461@gmail.com,Current,35001.58,654
6653,Arjun Patil,49,Solapur,arjunpatil420345@gmail.com,Salary,1193.7,573
6654,Simran Shaikh,43,Mumbai,simranshaikh419792@gmail.com,Current,,755
6655,Sneha Sharma,41,Nashik,snehasharma478815@gmail.com,Current,15401.48,607
6656,Mohit Verma,69,Mumbai,mohitverma285137@gmail.com,Salary,17191.68,804
6657,Arjun Verma,32,Kolhapur,arjunverma876403@gmail.com,Salary,3849.52,652
6658,Aditya Pawar,58,Aurangabad,adityapawar404552@gmail.com,Savings,7948.23,672
6659,Amit Patil,,Thane,amitpatil723515@gmail.com,Salary,7869.81,782
6660,Isha Shaikh,40,Satara,ishashaikh892093@gmail.com,Savings,15229.45,832
6661,Simran Verma,38,Nagpur,simranverma501576@gmail.com,Savings,23877.48,637
6662,Rohan Khan,42,Aurangabad,rohankhan838854@gmail.com,Current,14546.62,811
6663,Riya Gupta,32,Solapur,riyagupta442326@gmail.com,Salary,28827.48,604
6664,Aditya Sharma,30,Solapur,adityasharma680464@gmail.com,Current,40184.74,590
6665,Ayesha Jadhav,48,Pune,ayeshajadhav929268@gmail.com,Current,41518.19,754
6666,Kavya Shaikh,60,Nagpur,kavyashaikh835720@gmail.com,Savings,47535.8,642
6667,Pooja Sharma,29,Aurangabad,poojasharma174980@gmail.com,Salary,,606
6668,Kavya Sharma,26,Ahmednagar,kavyasharma118648@gmail.com,Current,20192.52,781
6669,Priya Singh,33,Aurangabad,priyasingh139048@gmail.com,Savings,28374.2,623
6670,Kavya Khan,52,Nagpur,kavyakhan730087@gmail.com,Current,10610.49,755
6671,Ayesha Pawar,26,Solapur,ayeshapawar761797@gmail.com,Current,23923.42,763
6672,Riya Joshi,23,Solapur,riyajoshi61595@gmail.com,Salary,9101.03,637
6673,Rohan Sharma,51,Thane,rohansharma988348@gmail.com,Savings,20842.14,795
6674,Amit Verma,18,Solapur,amitverma885464@gmail.com,Salary,27824.35,722
6675,Rahul Verma,59,Nashik,rahulverma167238@gmail.com,Current,30450.42,631
6676,Isha Joshi,18,Ahmednagar,ishajoshi108851@gmail.com,Salary,11135.09,788
6677,Kavya Verma,18,Solapur,kavyaverma436336@gmail.com,Current,18838.96,600
6678,Akash Joshi,47,Nashik,akashjoshi955590@gmail.com,Savings,3110.77,
6679,Aditya Singh,62,Satara,adityasingh619546@gmail.com,Current,43623.75,781
6680,Riya Singh,33,Thane,riyasingh506221@gmail.com,Savings,34320.63,667
6681,Aditya Khan,60,Ahmednagar,adityakhan841335@gmail.com,Current,43546.79,632
6682,Priya Singh,67,Nagpur,priyasingh596680@gmail.com,Salary,26053.75,657
6683,Amit Verma,68,Ahmednagar,amitverma711446@gmail.com,Current,,706
6684,Vijay Gupta,63,Aurangabad,vijaygupta459547@gmail.com,Current,15098.8,838
6685,Simran Jadhav,65,Nagpur,simranjadhav190165@gmail.com,Salary,27022.93,589
6686,Ananya Sharma,65,Nashik,ananyasharma641118@gmail.com,Salary,47173.24,628
6687,Neha Verma,55,Mumbai,nehaverma398297@gmail.com,Salary,17904.97,789
6688,Ayesha Shaikh,58,Pune,ayeshashaikh817112@gmail.com,Salary,6098.62,677
6689,Simran Gupta,30,Nagpur,simrangupta376118@gmail.com,Savings,47040.46,637
6690,Akash Verma,22,Nagpur,akashverma641155@gmail.com,Current,18499.3,559
6691,Arjun Jadhav,58,Thane,arjunjadhav30316@gmail.com,Current,-19869.87,621
6692,Mohit Singh,19,Aurangabad,mohitsingh904576@gmail.com,Savings,30742.95,672
6693,Riya Sharma,69,Solapur,riyasharma717812@gmail.com,Current,2476.13,568
6694,Karan Gupta,,Kolhapur,karangupta922794@gmail.com,Savings,31632.04,632
6695,Aditya Khan,55,Nashik,adityakhan879369@gmail.com,Current,1943.92,750
6696,Karan Khan,39,Thane,karankhan762706@gmail.com,Salary,44182.63,676
6697,Riya Jadhav,52,Aurangabad,riyajadhav935181@gmail.com,Salary,46933.24,836
6698,Pooja Khan,21,Thane,poojakhan137102@gmail.com,Savings,5966.27,738
6699,Sahil Pawar,62,Ahmednagar,sahilpawar506645@gmail.com,Savings,33834.23,629
6700,Rahul Verma,56,Aurangabad,rahulverma965207@gmail.com,Current,18071.9,784
6701,Akash Sharma,48,Solapur,akashsharma511933@gmail.com,Current,16050.71,618
6702,Amit Khan,63,Kolhapur,amitkhan118523@gmail.com,Savings,7275.7,590
6703,Neha Verma,38,Satara,nehaverma930809@gmail.com,Current,,651
6704,Mohit Jadhav,34,Thane,mohitjadhav431362@gmail.com,Savings,28680.03,611
6705,Kavya Singh,35,Nagpur,kavyasingh462194@gmail.com,Savings,4184.13,738
6706,Simran Pawar,38,Kolhapur,simranpawar48305@gmail.com,Salary,24058.66,786
6707,Rahul Khan,34,Thane,rahulkhan66512@gmail.com,Current,39267.54,554
6708,Mohit Gupta,23,Satara,mohitgupta274420@gmail.com,Current,28252.11,701
6709,Kavya Singh,56,Nagpur,kavyasingh686889@gmail.com,Savings,21080.44,651
6710,Karan Jadhav,34,Solapur,karanjadhav329602@gmail.com,Current,11367.7,749
6711,Aditya Shaikh,59,Satara,adityashaikh13060@gmail.com,Current,18869.72,794
6712,Amit Shaikh,58,Satara,amitshaikh738893@gmail.com,Current,19308.58,717
6713,Vijay Khan,47,Pune,vijaykhan910612@gmail.com,Savings,15892.85,640
6714,Amit Jadhav,25,Thane,amitjadhav710959@gmail.com,Current,17701.83,585
6715,Neha Patil,60,Mumbai,nehapatil550411@gmail.com,Salary,5744.71,817
6716,Ananya Patil,19,Nashik,ananyapatil804912@gmail.com,Salary,41829.53,581
6717,Karan Pawar,28,Pune,karanpawar779846@gmail.com,Savings,30532.01,665
6718,Simran Singh,57,Mumbai,simransingh604760@gmail.com,Current,35846.59,832
6719,Riya Singh,24,Kolhapur,riyasingh759031@gmail.com,Savings,13096.57,761
6720,Pooja Verma,30,Satara,poojaverma592558@gmail.com,Savings,22482.68,698
6721,Rahul Gupta,53,Solapur,rahulgupta234965@gmail.com,Salary,46638.92,643
6722,Sneha Joshi,19,Aurangabad,snehajoshi702482@gmail.com,Savings,19517.85,566
6723,Isha Singh,62,Ahmednagar,ishasingh915657@gmail.com,Savings,24408.72,707
6724,Neha Shaikh,37,Pune,nehashaikh354833@gmail.com,Current,40189.58,806
6725,Ananya Pawar,48,Satara,ananyapawar544415@gmail.com,Salary,45467.39,604
6726,Priya Pawar,60,Solapur,priyapawar548613@gmail.com,Salary,25129.02,576
6727,Neha Verma,18,Pune,nehaverma721773@gmail.com,Current,41323.97,835
6728,Vijay Sharma,58,Aurangabad,vijaysharma734711@gmail.com,Salary,5947.46,559
6729,Riya Jadhav,30,Mumbai,riyajadhav648370@gmail.com,Current,43627.09,711
6730,Ananya Patil,37,Nashik,ananyapatil99968@gmail.com,Salary,24714.74,584
6731,Riya Gupta,54,Kolhapur,riyagupta453973@gmail.com,Current,9156.46,822
6732,Rohan Pawar,52,Kolhapur,rohanpawar693956@gmail.com,Salary,16592.32,551
6733,Amit Sharma,29,Solapur,amitsharma762049@gmail.com,Salary,38477.29,601
6734,Karan Sharma,45,Solapur,karansharma260751@gmail.com,Current,3305.62,622
6735,Neha Jadhav,27,Solapur,nehajadhav505439@gmail.com,Current,43847.12,673
6736,Simran Joshi,45,Thane,simranjoshi362644@gmail.com,Current,22407.14,570
6737,Neha Gupta,46,Solapur,nehagupta696051@gmail.com,Salary,29719.01,662
6738,Simran Patil,45,Nashik,simranpatil709247@gmail.com,Current,15501.45,574
6739,Riya Shaikh,25,Nashik,riyashaikh672661@gmail.com,Current,35583.19,698
6740,Simran Sharma,35,Nashik,simransharma403672@gmail.com,Current,17588.2,571
6741,Isha Khan,23,Aurangabad,ishakhan155975@gmail.com,Current,32262.31,702
6742,Karan Joshi,40,Solapur,karanjoshi879889@gmail.com,Current,5141.84,595
6743,Kavya Khan,65,Nagpur,kavyakhan866682@gmail.com,Salary,24833.44,
6744,Aditya Gupta,63,Thane,adityagupta585566@gmail.com,Savings,15431.98,800
6745,Pooja Verma,21,Nagpur,poojaverma935494@gmail.com,Salary,21082.6,638
6746,Riya Joshi,36,Nagpur,riyajoshi642786@gmail.com,Current,4335.36,615
6747,Sneha Joshi,39,Kolhapur,snehajoshi57316@gmail.com,Salary,38170.12,575
6748,Rahul Sharma,23,Satara,rahulsharma12310@gmail.com,Savings,24035.57,740
6749,Sneha Verma,55,Kolhapur,snehaverma674752@gmail.com,Current,18980.61,552
6750,Aditya Sharma,56,Kolhapur,adityasharma979859@gmail.com,Savings,38586.95,662
6751,Pooja Joshi,40,Pune,poojajoshi164650@gmail.com,Savings,19026.03,
6752,Amit Joshi,23,Pune,amitjoshi530226@gmail.com,Savings,28525.38,770
6753,Sneha Pawar,38,Thane,snehapawar890179@gmail.com,Salary,35484.77,827
6754,Sahil Pawar,20,Kolhapur,sahilpawar492185@gmail.com,Salary,33986.74,802
6755,Priya Khan,52,Ahmednagar,priyakhan893351@gmail.com,Salary,,654
6756,Neha Jadhav,18,Nashik,nehajadhav520020@gmail.com,Current,8598.84,578
6757,Sneha Gupta,36,Nagpur,snehagupta911748@gmail.com,Salary,49896.74,557
6758,Sneha Gupta,55,Nashik,snehagupta173538@gmail.com,Salary,5842.16,807
6759,Karan Shaikh,70,Ahmednagar,karanshaikh78601@gmail.com,Savings,41157.9,714
6760,Kavya Verma,63,Mumbai,kavyaverma788031@gmail.com,Current,33062.68,691
6761,Isha Singh,29,Solapur,ishasingh515630@gmail.com,Salary,13641.81,799
6762,Pooja Patil,,Aurangabad,poojapatil336308@gmail.com,Savings,41631.15,559
6763,Simran Pawar,61,Nagpur,simranpawar252693@gmail.com,Current,13265.18,704
6764,Aditya Verma,44,Kolhapur,adityaverma347068@gmail.com,Current,46422.49,822
6765,Mohit Joshi,41,Kolhapur,mohitjoshi291768@gmail.com,Current,46733.7,594
6766,Pooja Gupta,70,Nagpur,poojagupta52896@gmail.com,Current,17838.13,729
6767,Mohit Joshi,57,Pune,mohitjoshi531653@gmail.com,Savings,14994.4,675
6768,Priya Shaikh,38,Ahmednagar,priyashaikh233624@gmail.com,Salary,37834.53,631
6769,Ananya Khan,21,Pune,ananyakhan577336@gmail.com,Salary,42150.43,614
6770,Rahul Verma,29,Ahmednagar,rahulverma674667@gmail.com,Savings,23266.67,741
6771,Vijay Khan,67,Satara,vijaykhan397130@gmail.com,Salary,30874.46,708
6772,Isha Pawar,63,Kolhapur,ishapawar422966@gmail.com,Savings,4595.39,763
6773,Aditya Joshi,27,Solapur,adityajoshi856894@gmail.com,Savings,33279.83,715
6774,Kavya Jadhav,47,Solapur,kavyajadhav246515@gmail.com,Salary,44729.07,592
6775,Sneha Joshi,56,Satara,snehajoshi82759@gmail.com,Salary,,785
6776,Ananya Jadhav,27,Kolhapur,ananyajadhav481495@gmail.com,Current,41585.79,770
6777,Sahil Jadhav,57,Aurangabad,sahiljadhav465865@gmail.com,Savings,3601.27,738
6778,Aditya Shaikh,41,Satara,adityashaikh840283@gmail.com,Savings,20765.47,684
6779,Sahil Joshi,46,Solapur,sahiljoshi600970@gmail.com,Current,45702.78,841
6780,Isha Joshi,18,Pune,ishajoshi469965@gmail.com,Savings,4422.78,714
6781,Sneha Verma,,Aurangabad,snehaverma92395@gmail.com,Current,36753.12,761
6782,Amit Jadhav,24,Mumbai,amitjadhav898298@gmail.com,Current,2819.12,808
6783,Sneha Singh,64,Aurangabad,snehasingh522769@gmail.com,Savings,39740.73,814
6784,Ayesha Pawar,28,Kolhapur,ayeshapawar468884@gmail.com,Savings,37322.56,802
6785,Rohan Sharma,27,Pune,rohansharma331514@gmail.com,Salary,20898.22,668
6786,Aditya Shaikh,69,Nagpur,adityashaikh124573@gmail.com,Salary,8164.49,697
6787,,67,Mumbai,,Current,12063.41,597
6788,Vijay Patil,68,Nagpur,vijaypatil521633@gmail.com,Salary,3375.08,839
6789,Amit Joshi,25,Aurangabad,amitjoshi781539@gmail.com,Salary,22163.8,777
6790,Riya Khan,62,Solapur,riyakhan685211@gmail.com,Salary,4787.59,843
6791,Riya Patil,50,Pune,riyapatil18732@gmail.com,Salary,13961.06,763
6792,Ananya Jadhav,,Solapur,ananyajadhav107729@gmail.com,Savings,17197.53,840
6793,Vijay Verma,38,Thane,vijayverma423137@gmail.com,Savings,35529.5,809
6794,Vijay Patil,46,Pune,vijaypatil432468@gmail.com,Savings,13759.47,612
6795,Karan Verma,19,Ahmednagar,karanverma37672@gmail.com,Salary,31769.63,593
6796,Priya Pawar,57,Satara,priyapawar584294@gmail.com,Current,12114.55,622
6797,Rohan Shaikh,42,Satara,rohanshaikh575871@gmail.com,Current,17716.21,703
6798,Mohit Khan,47,Mumbai,mohitkhan277@gmail.com,Savings,28279.97,796
6799,Simran Verma,33,Mumbai,simranverma866128@gmail.com,Current,15486.69,594
6800,,31,Thane,,Savings,45343.32,557
6801,Simran Joshi,39,Ahmednagar,simranjoshi95410@gmail.com,Savings,37958.44,581
6802,Vijay Sharma,37,Pune,vijaysharma830344@gmail.com,Current,10413.76,570
6803,Isha Shaikh,31,Satara,ishashaikh633653@gmail.com,Current,31022.17,737
6804,,31,Aurangabad,,Savings,31161.91,664
6805,Ananya Gupta,28,Satara,ananyagupta649237@gmail.com,Salary,11760.11,768
6806,Sahil Khan,56,Nashik,sahilkhan668607@gmail.com,Current,29348.36,657
6807,Arjun Verma,40,Ahmednagar,arjunverma319494@gmail.com,Salary,16687.81,628
6808,Amit Verma,22,Nagpur,amitverma933448@gmail.com,Current,42443.23,694
6809,Sahil Sharma,45,Aurangabad,sahilsharma533130@gmail.com,Savings,49593.6,602
6810,Sahil Patil,56,Pune,sahilpatil589748@gmail.com,Salary,19766.52,775
6811,Amit Sharma,40,Thane,amitsharma216999@gmail.com,Current,44789.82,624
6812,Pooja Pawar,47,Kolhapur,poojapawar686493@gmail.com,Savings,30171.21,789
6813,Priya Joshi,45,Nashik,priyajoshi704191@gmail.com,Savings,44299.44,763
6814,Mohit Shaikh,43,Satara,mohitshaikh478468@gmail.com,Salary,28227.76,787
6815,Pooja Shaikh,43,Nagpur,poojashaikh996619@gmail.com,Salary,20859.14,707
6816,Pooja Jadhav,30,Pune,poojajadhav357511@gmail.com,,17480.34,622
6817,Ananya Verma,49,Solapur,ananyaverma381092@gmail.com,Current,21102.33,757
6818,Arjun Singh,38,Pune,arjunsingh865501@gmail.com,Current,14682.43,792
6819,Isha Sharma,53,Kolhapur,ishasharma57011@gmail.com,Salary,10993.49,703
6820,Simran Sharma,60,Nashik,simransharma856355@gmail.com,Current,32319.61,765
6821,Simran Sharma,68,Ahmednagar,simransharma233846@gmail.com,Current,7895.12,672
6822,Isha Khan,53,Aurangabad,ishakhan885431@gmail.com,Savings,36308.57,617
6823,Karan Joshi,30,Nashik,karanjoshi476635@gmail.com,Savings,36927.32,558
6824,Sneha Jadhav,33,Nashik,snehajadhav348198@gmail.com,Current,10256.55,712
6825,Arjun Gupta,34,Nagpur,arjungupta587460@gmail.com,Savings,19405.63,634
6826,Pooja Sharma,27,Mumbai,poojasharma804794@gmail.com,Current,20529.96,819
6827,Sahil Shaikh,41,Aurangabad,sahilshaikh649963@gmail.com,Salary,45667.1,609
6828,Arjun Verma,52,Thane,arjunverma629194@gmail.com,Salary,20568.02,713
6829,Neha Joshi,150,Nagpur,nehajoshi496216@gmail.com,Savings,32857.43,728
6830,Sneha Sharma,31,Thane,snehasharma751570@gmail.com,Current,45959.76,697
6831,Sneha Verma,66,Kolhapur,snehaverma689189@gmail.com,Current,35002.0,610
6832,Mohit Patil,35,Solapur,mohitpatil381041@gmail.com,Salary,43284.87,675
6833,Aditya Verma,48,Thane,adityaverma750789@gmail.com,Current,16803.94,704
6834,Sneha Jadhav,38,Kolhapur,snehajadhav474614@gmail.com,Current,44555.05,772
6835,Rohan Patil,57,Aurangabad,rohanpatil119662@gmail.com,Salary,37873.82,771
6836,Pooja Gupta,,Satara,poojagupta102270@gmail.com,Savings,,809
6837,Karan Gupta,70,Mumbai,karangupta796304@gmail.com,Current,1097.45,817
6838,Kavya Khan,20,Nagpur,kavyakhan691017@gmail.com,Current,10878.01,811
6839,Pooja Shaikh,20,Mumbai,poojashaikh232618@gmail.com,Current,46477.62,834
6840,Mohit Sharma,66,Ahmednagar,mohitsharma2403@gmail.com,Salary,26250.89,831
6841,Isha Joshi,38,Solapur,ishajoshi358038@gmail.com,Savings,15571.97,850
6842,Mohit Gupta,54,Solapur,mohitgupta372490@gmail.com,Salary,44179.96,557
6843,Sneha Sharma,55,Pune,snehasharma870296@gmail.com,Salary,44725.33,827
6844,Isha Pawar,65,Nagpur,ishapawar664541@gmail.com,Salary,31374.66,774
6845,Priya Joshi,35,Mumbai,priyajoshi838869@gmail.com,Salary,14814.03,585
6846,Akash Joshi,70,Nashik,akashjoshi306266@gmail.com,Savings,14460.43,659
6847,Sneha Verma,65,Satara,snehaverma574395@gmail.com,Savings,19711.62,746
6848,Simran Jadhav,65,Nashik,simranjadhav547441@gmail.com,Savings,5285.39,615
6849,Neha Shaikh,56,Pune,nehashaikh392152@gmail.com,Savings,16747.21,765
6850,Ananya Jadhav,63,Kolhapur,ananyajadhav736301@gmail.com,Savings,13080.04,711
6851,Arjun Gupta,67,Pune,arjungupta111586@gmail.com,Current,567.0,613
6852,Amit Shaikh,36,Ahmednagar,amitshaikh48101@gmail.com,Salary,44397.27,609
6853,Kavya Jadhav,37,Solapur,kavyajadhav940543@gmail.com,Savings,12713.75,719
6854,Ayesha Singh,60,Nashik,ayeshasingh172229@gmail.com,Salary,44290.53,677
6855,Sneha Sharma,45,Pune,snehasharma516442@gmail.com,Current,31602.55,816
6856,Karan Joshi,19,Nashik,karanjoshi147371@gmail.com,Salary,39569.21,763
6857,Akash Khan,53,Thane,akashkhan861860@gmail.com,Current,37605.73,756
6858,,61,Satara,,Savings,4469.16,645
6859,Sneha Shaikh,60,Ahmednagar,snehashaikh751778@gmail.com,Current,19294.39,665
6860,Akash Singh,21,Thane,akashsingh778679@gmail.com,Salary,25798.63,845
6861,Amit Joshi,66,Nashik,amitjoshi756709@gmail.com,Savings,,801
6862,Simran Singh,42,Satara,simransingh429188@gmail.com,Current,2637.06,700
6863,Ayesha Khan,58,Satara,ayeshakhan112257@gmail.com,Current,22250.11,
6864,Arjun Joshi,67,Ahmednagar,arjunjoshi266741@gmail.com,Salary,43345.2,766
6865,Mohit Shaikh,57,Satara,mohitshaikh640624@gmail.com,Salary,4664.84,684
6866,Mohit Joshi,40,Satara,mohitjoshi205538@gmail.com,Savings,,726
6867,Pooja Pawar,24,Aurangabad,poojapawar196753@gmail.com,Savings,45200.1,780
6868,Pooja Joshi,22,Solapur,poojajoshi126711@gmail.com,Current,22093.74,622
6869,Vijay Sharma,26,Thane,vijaysharma975502@gmail.com,Salary,22830.49,671
6870,Arjun Khan,55,Nashik,arjunkhan893690@gmail.com,Current,18372.84,612
6871,Kavya Singh,46,Nashik,kavyasingh412081@gmail.com,Current,18963.48,670
6872,Rohan Shaikh,60,Nagpur,rohanshaikh226161@gmail.com,Current,6714.61,717
6873,Simran Sharma,30,Nagpur,simransharma479347@gmail.com,Salary,3140.67,731
6874,Ayesha Gupta,34,Pune,ayeshagupta864707@gmail.com,Salary,38012.62,746
6875,Priya Pawar,61,Kolhapur,priyapawar819478@gmail.com,Savings,6750.91,621
6876,Pooja Gupta,56,Thane,poojagupta199936@gmail.com,Salary,13597.29,598
6877,Karan Verma,51,Satara,karanverma751706@gmail.com,Current,17973.38,561
6878,Isha Sharma,69,Solapur,ishasharma354449@gmail.com,Current,49587.47,
6879,Sneha Singh,62,Solapur,snehasingh113100@gmail.com,Savings,20387.65,566
6880,Sneha Joshi,23,Pune,snehajoshi794028@gmail.com,Savings,39450.93,762
6881,Ayesha Singh,18,Nashik,ayeshasingh434703@gmail.com,Savings,28015.05,711
6882,Isha Patil,45,Mumbai,ishapatil48859@gmail.com,Salary,10865.42,726
6883,Ananya Khan,63,Ahmednagar,ananyakhan971738@gmail.com,Salary,39304.87,716
6884,Ananya Sharma,25,Pune,ananyasharma664100@gmail.com,Current,6656.11,576
6885,Simran Singh,18,Solapur,simransingh878246@gmail.com,Savings,20654.23,587
6886,Rahul Patil,45,Nagpur,rahulpatil704891@gmail.com,Savings,41044.75,591
6887,Sneha Khan,35,Aurangabad,snehakhan617513@gmail.com,Salary,20162.37,753
6888,Mohit Singh,46,Nagpur,mohitsingh129304@gmail.com,Salary,23658.58,772
6889,Rahul Singh,54,Solapur,rahulsingh809752@gmail.com,Current,6068.84,655
6890,Riya Pawar,57,Solapur,riyapawar935172@gmail.com,Salary,45771.01,684
6891,Karan Verma,64,Nashik,karanverma472488@gmail.com,Current,17439.82,698
6892,Priya Khan,50,Nashik,priyakhan479705@gmail.com,Salary,22980.84,559
6893,Arjun Patil,66,Pune,arjunpatil690541@gmail.com,Savings,29678.22,839
6894,Pooja Shaikh,28,Kolhapur,poojashaikh618042@gmail.com,Current,4354.93,614
6895,Aditya Joshi,58,Mumbai,adityajoshi528789@gmail.com,Current,13792.15,806
6896,Amit Verma,29,Ahmednagar,amitverma141276@gmail.com,Savings,23122.23,822
6897,Isha Jadhav,46,Nashik,ishajadhav523159@gmail.com,Current,3867.78,719
6898,Ananya Singh,30,Aurangabad,ananyasingh4648@gmail.com,Current,11711.31,850
6899,Sneha Patil,45,Mumbai,snehapatil556227@gmail.com,Savings,22791.89,762
6900,Neha Singh,54,Satara,nehasingh772076@gmail.com,Savings,16188.34,738
6901,Rahul Khan,64,Aurangabad,rahulkhan51031@gmail.com,Current,3789.87,585
6902,,64,Kolhapur,,Current,30246.78,849
6903,Riya Pawar,31,Nagpur,riyapawar580199@gmail.com,Current,8755.81,732
6904,Pooja Patil,48,Satara,poojapatil980841@gmail.com,Salary,49729.94,588
6905,Sneha Verma,63,Aurangabad,snehaverma453934@gmail.com,Savings,13599.17,602
6906,Rahul Pawar,26,Kolhapur,rahulpawar879662@gmail.com,Salary,40823.13,625
6907,Amit Joshi,37,Aurangabad,amitjoshi613643@gmail.com,Savings,33007.45,632
6908,,32,Pune,,Savings,15585.36,797
6909,Karan Jadhav,37,Pune,karanjadhav506490@gmail.com,Salary,24892.18,585
6910,Ananya Pawar,27,Mumbai,ananyapawar969373@gmail.com,Salary,26959.92,676
6911,Sahil Verma,38,Thane,sahilverma533125@gmail.com,Savings,20767.26,795
6912,Priya Shaikh,25,Solapur,priyashaikh819123@gmail.com,Current,20396.22,645
6913,Aditya Shaikh,42,Nagpur,adityashaikh966008@gmail.com,Savings,,723
6914,Simran Pawar,66,Aurangabad,simranpawar954494@gmail.com,Salary,31752.48,607
6915,Karan Singh,19,Satara,karansingh185910@gmail.com,,16668.32,716
6916,Arjun Singh,68,Mumbai,arjunsingh725523@gmail.com,Salary,21880.85,558
6917,Ayesha Sharma,62,Nagpur,ayeshasharma606758@gmail.com,Salary,26473.89,576
6918,Sahil Gupta,52,Kolhapur,sahilgupta182185@gmail.com,Salary,18887.06,811
6919,Arjun Sharma,29,Aurangabad,arjunsharma766079@gmail.com,Salary,1177.27,837
6920,Riya Shaikh,65,Mumbai,riyashaikh854945@gmail.com,Current Account,39732.65,752
6921,Karan Joshi,250,Kolhapur,karanjoshi134718@gmail.com,Salary,43119.08,780
6922,Sneha Jadhav,47,Nagpur,snehajadhav108684@gmail.com,Savings,11745.16,642
6923,Mohit Sharma,69,Thane,mohitsharma406324@gmail.com,Salary,45083.84,
6924,Simran Gupta,54,Thane,simrangupta689561@gmail.com,Current,42799.24,828
6925,Akash Verma,63,Pune,akashverma629818@gmail.com,Savings,1722.49,766
6926,Neha Gupta,29,Ahmednagar,nehagupta635705@gmail.com,Savings,10908.46,849
6927,Riya Pawar,39,Pune,riyapawar925673@gmail.com,Salary,36726.97,810
6928,Sneha Pawar,55,Kolhapur,snehapawar337577@gmail.com,Current,28063.24,657
6929,Simran Sharma,66,Mumbai,simransharma528697@gmail.com,Savings,42616.36,570
6930,Sneha Khan,68,Nashik,snehakhan924304@gmail.com,Salary,35844.9,733
6931,Vijay Joshi,56,Solapur,vijayjoshi403448@gmail.com,Savings,46271.41,789
6932,Neha Pawar,39,Ahmednagar,nehapawar439101@gmail.com,Salary,23668.95,689
6933,Sahil Singh,50,Thane,sahilsingh638676@gmail.com,Salary,3692.22,632
6934,Mohit Gupta,34,Nagpur,mohitgupta960501@gmail.com,Salary,13619.53,662
6935,Riya Gupta,54,Pune,riyagupta726255@gmail.com,Salary,27407.44,643
6936,Sahil Patil,44,Solapur,sahilpatil799507@gmail.com,Current,28002.49,649
6937,Aditya Singh,65,Pune,adityasingh260397@gmail.com,Current,26960.15,762
6938,Sneha Patil,28,Mumbai,snehapatil286986@gmail.com,Savings,3282.53,640
6939,Mohit Singh,65,Aurangabad,mohitsingh417296@gmail.com,Savings,40310.12,578
6940,Ananya Singh,53,Kolhapur,ananyasingh359613@gmail.com,Savings,47845.86,596
6941,Vijay Jadhav,63,Nashik,vijayjadhav308563@gmail.com,Current,31859.36,606
6942,Mohit Gupta,65,Aurangabad,mohitgupta474943@gmail.com,Savings,44475.09,668
6943,Vijay Pawar,32,Aurangabad,vijaypawar843990@gmail.com,Current,,647
6944,Simran Pawar,50,Ahmednagar,simranpawar139950@gmail.com,Current,8407.44,550
6945,Ayesha Gupta,,Aurangabad,ayeshagupta144992@gmail.com,Current,40644.45,687
6946,Vijay Shaikh,33,Nashik,vijayshaikh432894@gmail.com,Current,10346.18,831
6947,Ananya Jadhav,29,Aurangabad,ananyajadhav631892@gmail.com,Savings,17057.97,721
6948,Ayesha Patil,21,Satara,ayeshapatil734118@gmail.com,Salary,39360.27,762
6949,Pooja Patil,43,Solapur,poojapatil929596@gmail.com,Salary,35323.95,693
6950,Ayesha Khan,67,Ahmednagar,ayeshakhan784882@gmail.com,Savings,21013.86,606
6951,,61,Nashik,,Savings,3530.16,826
6952,Rahul Sharma,21,Pune,rahulsharma537279@gmail.com,Savings,30211.84,554
6953,Mohit Gupta,63,Mumbai,mohitgupta313533@gmail.com,salary,12514.15,588
6954,Arjun Patil,31,Ahmednagar,arjunpatil884127@gmail.com,Salary,3154.87,660
6955,Riya Patil,36,Nagpur,riyapatil735670@gmail.com,,1947.71,847
6956,Aditya Patil,34,Ahmednagar,adityapatil574516@gmail.com,Savings,39842.28,813
6957,Sneha Khan,20,Nagpur,snehakhan902617@gmail.com,Salary,2964.11,632
6958,Sneha Sharma,19,,snehasharma329259@gmail.com,Current,17176.0,587
6959,Karan Joshi,23,Aurangabad,karanjoshi746554@gmail.com,Salary,1617.12,781
6960,Mohit Pawar,24,Aurangabad,mohitpawar772710@gmail.com,Current,33752.4,649
6961,Aditya Gupta,55,Aurangabad,adityagupta981055@gmail.com,Savings,8632.03,716
6962,Rohan Sharma,52,Nashik,rohansharma580572@gmail.com,Savings,48098.8,696
6963,Rohan Jadhav,60,Nashik,rohanjadhav663411@gmail.com,Salary,31668.71,
6964,Mohit Shaikh,41,Solapur,mohitshaikh228000@gmail.com,Savings,44029.08,773
6965,Priya Khan,19,Nashik,priyakhan210747@gmail.com,Salary,4862.18,816
6966,Isha Pawar,54,Aurangabad,ishapawar219999@gmail.com,Salary,47570.65,572
6967,Isha Khan,60,Solapur,ishakhan654587@gmail.com,Current,46581.03,753
6968,Simran Patil,35,Kolhapur,simranpatil749186@gmail.com,Savings,34543.89,679
6969,Vijay Patil,70,Aurangabad,vijaypatil304794@gmail.com,Current,47282.62,690
6970,Arjun Patil,41,Mumbai,arjunpatil720064@gmail.com,Current,49032.32,697
6971,Rahul Sharma,19,Ahmednagar,rahulsharma362166@gmail.com,Salary,14949.31,606
6972,Pooja Pawar,67,Pune,poojapawar966039@gmail.com,Savings,39732.67,740
6973,Pooja Khan,33,Aurangabad,poojakhan705134@gmail.com,Current,4911.57,619
6974,Aditya Pawar,48,Mumbai,adityapawar139216@gmail.com,Current,41042.82,702
6975,Arjun Patil,52,Nagpur,arjunpatil745004@gmail.com,Salary,21611.31,684
6976,Arjun Patil,37,Thane,arjunpatil681764@gmail.com,Current,5994.29,800
6977,Kavya Patil,57,Aurangabad,kavyapatil186550@gmail.com,Current,41291.85,583
6978,Pooja Verma,40,Solapur,poojaverma528470@gmail.com,Salary,21630.86,828
6979,Amit Patil,43,Solapur,amitpatil568943@gmail.com,Salary,7693.53,745
6980,Akash Patil,57,Thane,akashpatil728138@gmail.com,Current,8600.81,708
6981,Neha Gupta,46,Kolhapur,nehagupta667914@gmail.com,Salary,31469.09,564
6982,Rahul Pawar,70,Kolhapur,rahulpawar338141@gmail.com,Salary,15480.39,817
6983,Pooja Verma,66,Satara,poojaverma744958@gmail.com,Salary,4922.24,586
6984,Amit Joshi,57,Nagpur,amitjoshi121111@gmail.com,Current,13855.86,
6985,Karan Sharma,66,Thane,karansharma797830@gmail.com,Salary,37073.16,649
6986,Kavya Patil,59,Pune,kavyapatil369448@gmail.com,Current,33264.06,585
6987,Kavya Sharma,38,Thane,kavyasharma589693@gmail.com,Salary,,790
6988,Rahul Sharma,48,Ahmednagar,rahulsharma503804@gmail.com,Salary,13774.36,699
6989,Arjun Joshi,62,Nagpur,arjunjoshi611216@gmail.com,Savings,40882.92,658
6990,Isha Jadhav,27,Aurangabad,ishajadhav598457@gmail.com,Savings,49850.03,665
6991,Rohan Sharma,27,Solapur,rohansharma988564@gmail.com,Current,40674.73,597
6992,Simran Singh,42,Solapur,simransingh699665@gmail.com,Salary,14856.96,686
6993,Akash Jadhav,67,Mumbai,akashjadhav744718@gmail.com,Savings,44558.91,607
6994,Sahil Jadhav,42,Satara,sahiljadhav437857@gmail.com,Current,46891.87,782
6995,Karan Patil,52,Ahmednagar,karanpatil707095@gmail.com,Salary,38946.4,822
6996,Ananya Shaikh,23,Nashik,ananyashaikh784297@gmail.com,Salary,31837.89,637
6997,Arjun Jadhav,61,Thane,arjunjadhav937386@gmail.com,Salary,33702.2,796
6998,Mohit Joshi,43,Mumbai,mohitjoshi882360@gmail.com,Savings,38393.8,663
6999,Sahil Pawar,42,Ahmednagar,sahilpawar559937@gmail.com,Salary,24859.26,603
7000,Rohan Jadhav,23,Pune,rohanjadhav299917@gmail.com,Salary,7994.67,674
7001,Ananya Sharma,,Ahmednagar,ananyasharma920201@gmail.com,Savings,2201.62,814
7002,Rahul Khan,69,Pune,rahulkhan888559@gmail.com,Current,42398.54,620
7003,Riya Jadhav,68,Nashik,riyajadhav443004@gmail.com,Savings,43519.53,841
7004,Sahil Sharma,30,,sahilsharma847668@gmail.com,Current,17620.59,846
7005,Neha Jadhav,38,Solapur,nehajadhav13490@gmail.com,Current,39990.98,755
7006,Ayesha Jadhav,66,Satara,ayeshajadhav548222@gmail.com,Savings,6514.2,616
7007,Sahil Gupta,28,Pune,sahilgupta111742@gmail.com,Salary,11520.91,740
7008,Akash Khan,64,Thane,akashkhan26599@gmail.com,Current,30288.83,577
7009,Ananya Pawar,25,Pune,ananyapawar399471@gmail.com,Salary,45264.9,595
7010,Rohan Patil,69,Pune,rohanpatil152486@gmail.com,Salary,10332.07,567
7011,Sahil Sharma,19,Nagpur,sahilsharma55742@gmail.com,Current,36618.35,756
7012,Ayesha Patil,45,Satara,ayeshapatil702912@gmail.com,Savings,40394.72,809
7013,Simran Shaikh,53,Satara,simranshaikh59454@gmail.com,Savings,31871.64,834
7014,Arjun Patil,43,Ahmednagar,arjunpatil209712@gmail.com,Savings,,632
7015,Amit Verma,26,Thane,amitverma280047@gmail.com,Savings,14522.89,561
7016,Priya Pawar,21,Ahmednagar,priyapawar786726@gmail.com,Savings,2172.53,790
7017,Karan Joshi,18,Kolhapur,karanjoshi823790@gmail.com,Savings,45865.3,707
7018,Vijay Patil,20,Aurangabad,vijaypatil168852@gmail.com,Savings,43951.71,607
7019,Kavya Singh,54,Nashik,kavyasingh300638@gmail.com,Current,43140.7,577
7020,Neha Joshi,65,Kolhapur,nehajoshi716686@gmail.com,Current,30990.66,633
7021,Arjun Sharma,43,Solapur,arjunsharma262832@gmail.com,Savings,32585.71,668
7022,Sneha Verma,31,Nagpur,snehaverma153641@gmail.com,Savings,19257.94,807
7023,Amit Pawar,27,Solapur,amitpawar880255@gmail.com,Salary,29070.16,638
7024,Vijay Shaikh,19,Nashik,vijayshaikh65146@gmail.com,Current,45574.07,571
7025,Amit Shaikh,61,Aurangabad,amitshaikh724241@gmail.com,Salary,47123.38,702
7026,Isha Gupta,36,Solapur,ishagupta822558@gmail.com,Current,40019.03,758
7027,Kavya Shaikh,45,Solapur,kavyashaikh309577@gmail.com,Salary,41985.87,827
7028,Akash Singh,44,Solapur,akashsingh214010@gmail.com,Current,9073.32,670
7029,Riya Pawar,54,Pune,riyapawar790300@gmail.com,,12862.09,677
7030,Simran Shaikh,41,Solapur,simranshaikh567560@gmail.com,Current,37271.89,599
7031,Arjun Gupta,36,,arjungupta33975@gmail.com,Salary,47892.72,636
7032,Kavya Shaikh,43,Thane,kavyashaikh376205@gmail.com,Current,39864.94,646
7033,Mohit Singh,23,Ahmednagar,mohitsingh853668@gmail.com,Current,10879.46,744
7034,Priya Gupta,49,Pune,priyagupta474679@gmail.com,Savings,29955.76,676
7035,Amit Gupta,55,Ahmednagar,amitgupta107558@gmail.com,Savings,4936.68,829
7036,Mohit Pawar,53,Aurangabad,mohitpawar646136@gmail.com,,47687.75,693
7037,Mohit Patil,36,Nagpur,mohitpatil910301@gmail.com,Salary,22985.95,726
7038,Pooja Pawar,26,Aurangabad,poojapawar708440@gmail.com,Savings,21209.86,564
7039,Simran Shaikh,47,Satara,simranshaikh775514@gmail.com,Salary,8110.44,553
7040,Aditya Gupta,22,Nashik,adityagupta589279@gmail.com,Salary,10952.11,692
7041,Ananya Sharma,63,Ahmednagar,ananyasharma906952@gmail.com,Savings,37984.75,808
7042,Akash Khan,52,Kolhapur,akashkhan235303@gmail.com,Savings,35469.84,557
7043,Sahil Shaikh,39,Pune,sahilshaikh778576@gmail.com,Savings,44285.43,760
7044,Vijay Patil,,Satara,vijaypatil678653@gmail.com,Current,49387.67,840
7045,Rohan Pawar,40,Solapur,rohanpawar588634@gmail.com,Savings,18126.43,694
7046,Aditya Sharma,18,Pune,adityasharma407877@gmail.com,Current,28509.1,711
7047,Ayesha Gupta,45,Mumbai,ayeshagupta249236@gmail.com,Current,11749.62,591
7048,Rohan Verma,22,Ahmednagar,rohanverma535840@gmail.com,Salary,16878.58,793
7049,Ananya Pawar,69,Nagpur,ananyapawar822505@gmail.com,Current,36600.11,579
7050,Amit Verma,39,Nagpur,amitverma835640@gmail.com,Salary,45522.08,588
7051,Vijay Khan,,Solapur,vijaykhan837725@gmail.com,Current,33981.04,648
7052,Akash Shaikh,46,Nashik,akashshaikh730043@gmail.com,Salary,7008.58,682
7053,Neha Shaikh,51,Thane,nehashaikh301710@gmail.com,Current,49142.09,847
7054,Priya Joshi,63,Satara,priyajoshi726696@gmail.com,Current,37268.92,780
7055,Karan Singh,67,Ahmednagar,karansingh696872@gmail.com,Salary,30387.65,765
7056,Ananya Gupta,23,Mumbai,ananyagupta49361@gmail.com,Savings,23635.91,621
7057,Arjun Verma,63,Thane,arjunverma971589@gmail.com,Salary,40318.84,603
7058,Mohit Khan,24,Nagpur,mohitkhan400218@gmail.com,Savings,28780.74,812
7059,Neha Pawar,55,Aurangabad,nehapawar406480@gmail.com,Salary,-18687.37,637
7060,Isha Joshi,40,Thane,ishajoshi436901@gmail.com,Salary,5577.01,689
7061,Sahil Pawar,19,Solapur,sahilpawar826494@gmail.com,Current,40027.72,698
7062,Akash Jadhav,28,Nashik,akashjadhav718530@gmail.com,Savings,34144.33,558
7063,Karan Joshi,34,Pune,karanjoshi327941@gmail.com,Salary,15534.58,679
7064,Mohit Shaikh,39,Nagpur,mohitshaikh579044@gmail.com,Current,16367.77,555
7065,Mohit Shaikh,54,Pune,mohitshaikh56515@gmail.com,Current,8551.12,695
7066,Kavya Shaikh,21,Thane,kavyashaikh13695@gmail.com,Savings,44841.8,661
7067,Akash Singh,36,Thane,akashsingh779894@gmail.com,Current,40207.95,573
7068,Akash Patil,20,Pune,akashpatil263650@gmail.com,Savings,4439.53,600
7069,Rahul Sharma,47,Kolhapur,rahulsharma213052@gmail.com,,6540.77,584
7070,Akash Singh,25,Pune,akashsingh650806@gmail.com,Savings,25861.49,757
7071,Priya Jadhav,40,Satara,priyajadhav911155@gmail.com,Current,42948.48,726
7072,Riya Sharma,33,Aurangabad,riyasharma818959@gmail.com,Savings,20115.33,590
7073,Akash Patil,45,Ahmednagar,akashpatil902341@gmail.com,Salary,28748.57,737
7074,Pooja Patil,65,Kolhapur,poojapatil912484@gmail.com,Current,16727.66,683
7075,Ananya Shaikh,46,Pune,ananyashaikh464686@gmail.com,Salary,20545.54,629
7076,Kavya Verma,29,Ahmednagar,kavyaverma870400@gmail.com,Current,36108.99,606
7077,Rahul Shaikh,45,Thane,rahulshaikh236604@gmail.com,Current,27927.36,662
7078,Riya Sharma,42,Kolhapur,riyasharma955862@gmail.com,Current,32283.81,836
7079,Neha Gupta,54,Mumbai,nehagupta664675@gmail.com,Current,35896.74,649
7080,Aditya Patil,35,Thane,adityapatil738957@gmail.com,Current,12160.28,706
7081,Mohit Khan,59,Satara,mohitkhan744112@gmail.com,Current,28152.24,563
7082,Simran Shaikh,32,Pune,simranshaikh679191@gmail.com,Current,10944.62,781
7083,Sneha Gupta,28,Kolhapur,snehagupta385704@gmail.com,Current,3087.25,740
7084,Aditya Pawar,51,Nagpur,adityapawar791887@gmail.com,Salary,22691.34,743
7085,Sahil Jadhav,48,Nagpur,sahiljadhav617066@gmail.com,Salary,9927.43,799
7086,Aditya Patil,29,Mumbai,adityapatil573267@gmail.com,Savings,23170.33,778
7087,Simran Singh,53,Nagpur,simransingh774420@gmail.com,Savings,34171.73,842
7088,Ayesha Gupta,53,Satara,ayeshagupta632797@gmail.com,Savings,36183.49,722
7089,Kavya Verma,41,Nagpur,kavyaverma206112@gmail.com,Salary,31686.08,580
7090,Mohit Patil,24,Kolhapur,mohitpatil813948@gmail.com,Current,28503.17,841
7091,Simran Khan,47,Pune,simrankhan760227@gmail.com,Savings,34474.46,838
7092,Ananya Patil,51,Nagpur,ananyapatil202997@gmail.com,Salary,7012.35,808
7093,Rahul Verma,57,Solapur,rahulverma308567@gmail.com,Current,4010.28,762
7094,Pooja Verma,54,Pune,poojaverma470716@gmail.com,Savings,5104.91,703
7095,Sneha Sharma,19,Ahmednagar,snehasharma186144@gmail.com,Current,37242.72,772
7096,Ananya Gupta,25,Satara,ananyagupta715919@gmail.com,Current,23984.05,842
7097,Kavya Singh,70,Kolhapur,kavyasingh78186@gmail.com,Current,19449.87,850
7098,Amit Jadhav,29,Nashik,amitjadhav196159@gmail.com,Savings,6112.55,565
7099,Aditya Khan,35,Aurangabad,adityakhan182337@gmail.com,Current,49037.15,781
7100,Simran Jadhav,37,Nagpur,simranjadhav770886@gmail.com,Savings,,812
7101,Karan Patil,58,Thane,karanpatil538907@gmail.com,Salary,26141.0,685
7102,Isha Gupta,58,Nashik,ishagupta125251@gmail.com,Salary,3446.41,795
7103,Riya Pawar,50,Pune,riyapawar395621@gmail.com,Current,36040.98,733
7104,Isha Gupta,33,Solapur,ishagupta42708@gmail.com,Current,6806.57,736
7105,Simran Joshi,22,Mumbai,simranjoshi449423@gmail.com,Current,17001.37,709
7106,Neha Gupta,39,Nagpur,nehagupta292770@gmail.com,Salary,5001.21,827
7107,Arjun Shaikh,58,Nashik,arjunshaikh583735@gmail.com,Current,,804
7108,Isha Verma,34,Satara,ishaverma277175@gmail.com,,42546.75,635
7109,Amit Shaikh,65,Nashik,amitshaikh136484@gmail.com,Salary,18430.29,722
7110,Priya Singh,33,Thane,priyasingh168846@gmail.com,Current,10102.51,821
7111,Sneha Shaikh,62,Pune,snehashaikh612453@gmail.com,Salary,46323.78,678
7112,Mohit Jadhav,50,Ahmednagar,mohitjadhav887210@gmail.com,Current,28829.03,747
7113,Sahil Shaikh,45,Nagpur,sahilshaikh267503@gmail.com,Salary,9442.24,829
7114,Vijay Verma,68,Nagpur,vijayverma6019@gmail.com,Salary,33492.17,826
7115,Simran Joshi,52,Mumbai,simranjoshi346720@gmail.com,Savings,31263.99,827
7116,Ayesha Patil,50,Aurangabad,ayeshapatil489083@gmail.com,Current,24973.31,714
7117,Sahil Khan,54,Mumbai,sahilkhan744263@gmail.com,Salary,44554.37,720
7118,Ayesha Gupta,26,Nashik,ayeshagupta983134@gmail.com,Salary,37413.08,758
7119,Amit Joshi,35,Pune,amitjoshi162425@gmail.com,Savings,23960.63,558
7120,Rahul Shaikh,31,Mumbai,rahulshaikh41980@gmail.com,Savings,3546.32,603
7121,Arjun Gupta,34,Thane,arjungupta161269@gmail.com,Savings,17617.06,596
7122,Kavya Shaikh,62,Satara,kavyashaikh973837@gmail.com,Savings,5865.71,763
7123,Mohit Shaikh,56,Aurangabad,mohitshaikh338402@gmail.com,Salary,5729.59,571
7124,Rahul Singh,65,Aurangabad,rahulsingh625974@gmail.com,Savings,41237.85,797
7125,Isha Pawar,53,Kolhapur,ishapawar53425@gmail.com,Salary,39897.56,671
7126,Pooja Patil,64,Kolhapur,poojapatil811342@gmail.com,Salary,10084.18,603
7127,Riya Jadhav,26,Satara,riyajadhav977773@gmail.com,Salary,31796.45,667
7128,Pooja Shaikh,34,Solapur,poojashaikh655844@gmail.com,Savings,37387.38,691
7129,Riya Patil,40,Aurangabad,riyapatil645612@gmail.com,Savings,4092.38,700
7130,Ananya Jadhav,53,Satara,ananyajadhav884196@gmail.com,Savings,12962.97,792
7131,Ananya Gupta,54,Nagpur,ananyagupta694142@gmail.com,,25085.93,587
7132,Ananya Gupta,48,Mumbai,ananyagupta315883@gmail.com,Savings,37396.44,680
7133,Isha Verma,42,Pune,ishaverma514479@gmail.com,Savings,13470.47,624
7134,Sneha Sharma,44,Pune,snehasharma828378@gmail.com,Salary,25982.94,553
7135,Ananya Jadhav,19,Kolhapur,ananyajadhav600595@gmail.com,Savings,30611.21,
7136,Riya Jadhav,26,Mumbai,riyajadhav576984@gmail.com,Current,13108.41,616
7137,Rohan Gupta,61,Aurangabad,rohangupta375579@gmail.com,Salary,5461.85,807
7138,Amit Verma,60,Mumbai,amitverma76521@gmail.com,Savings,12391.89,704
7139,Aditya Sharma,69,Thane,adityasharma822216@gmail.com,Salary,,636
7140,Arjun Joshi,23,Satara,arjunjoshi742157@gmail.com,Savings,2992.25,606
7141,Sahil Gupta,49,Solapur,sahilgupta333399@gmail.com,Current,24288.55,690
7142,Kavya Patil,53,Kolhapur,kavyapatil551016@gmail.com,Savings,,812
7143,Rohan Jadhav,52,Aurangabad,rohanjadhav230746@gmail.com,Current,48669.69,585
7144,Pooja Khan,29,Satara,poojakhan192900@gmail.com,Savings,30889.1,629
7145,Aditya Verma,52,Nashik,adityaverma545995@gmail.com,Salary,8961.18,569
7146,Karan Jadhav,58,Aurangabad,karanjadhav71588@gmail.com,Current,40347.57,679
7147,Riya Verma,18,Nashik,riyaverma824551@gmail.com,Salary,34046.62,
7148,Karan Khan,50,Kolhapur,karankhan529778@gmail.com,Salary,6381.37,
7149,Vijay Verma,69,Kolhapur,vijayverma167212@gmail.com,Salary,35268.03,756
7150,Mohit Shaikh,40,Satara,mohitshaikh436235@gmail.com,Savings,17724.1,736
7151,Neha Joshi,41,Aurangabad,nehajoshi569560@gmail.com,Salary,43756.68,615
7152,Ananya Singh,35,Kolhapur,ananyasingh563223@gmail.com,Savings,30766.84,629
7153,Riya Pawar,59,Solapur,riyapawar423113@gmail.com,Salary,10377.15,618
7154,Simran Verma,42,Solapur,simranverma96511@gmail.com,Salary,33367.94,769
7155,Vijay Jadhav,49,Mumbai,vijayjadhav366475@gmail.com,Current,32462.74,753
7156,Simran Joshi,33,Satara,simranjoshi232042@gmail.com,Salary,43451.43,625
7157,Akash Joshi,54,,akashjoshi926408@gmail.com,Salary,36018.57,647
7158,Ananya Gupta,18,Ahmednagar,ananyagupta223817@gmail.com,Savings,19774.4,593
7159,Kavya Gupta,21,Thane,kavyagupta695656@gmail.com,Current,29881.38,638
7160,Vijay Patil,70,Ahmednagar,vijaypatil348105@gmail.com,Salary,49337.67,783
7161,Karan Joshi,61,Ahmednagar,karanjoshi347248@gmail.com,,15160.45,832
7162,Ayesha Pawar,33,Pune,ayeshapawar378423@gmail.com,Current,11719.27,609
7163,Aditya Pawar,47,Ahmednagar,adityapawar307935@gmail.com,Savings,4408.89,718
7164,Neha Khan,49,Thane,nehakhan229156@gmail.com,Savings,19175.19,714
7165,Arjun Shaikh,39,Thane,arjunshaikh996570@gmail.com,Current,31999.81,570
7166,Karan Sharma,20,Pune,karansharma789316@gmail.com,Current,19358.69,798
7167,Aditya Joshi,20,Kolhapur,adityajoshi648414@gmail.com,Current,901.35,784
7168,Sneha Shaikh,52,Aurangabad,snehashaikh556368@gmail.com,Savings,39265.64,
7169,Simran Khan,,Kolhapur,simrankhan498023@gmail.com,Current,39208.31,847
7170,Pooja Gupta,24,Mumbai,poojagupta588702@gmail.com,Salary,2518.82,812
7171,Arjun Verma,30,Satara,arjunverma863799@gmail.com,Savings,21176.16,739
7172,Ayesha Sharma,,Ahmednagar,ayeshasharma788769@gmail.com,Savings,38343.36,834
7173,Ananya Patil,60,Mumbai,ananyapatil680940@gmail.com,Current,31990.14,550
7174,Rahul Joshi,44,Nashik,rahuljoshi9331@gmail.com,Salary,15166.96,654
7175,Neha Singh,28,Solapur,nehasingh120394@gmail.com,Savings,12481.49,805
7176,Kavya Singh,42,Pune,kavyasingh701532@gmail.com,Salary,879.36,592
7177,Ananya Jadhav,31,Satara,ananyajadhav362914@gmail.com,Salary,10400.24,591
7178,Aditya Joshi,66,Nagpur,adityajoshi467415@gmail.com,Current,48838.79,679
7179,Amit Singh,67,Ahmednagar,amitsingh252123@gmail.com,Savings,11967.52,814
7180,Mohit Gupta,69,Mumbai,mohitgupta948533@gmail.com,Salary,46839.13,743
7181,Simran Joshi,60,Solapur,simranjoshi673562@gmail.com,Current,21526.89,638
7182,Neha Sharma,60,Mumbai,nehasharma643612@gmail.com,Salary,13633.38,578
7183,Sneha Gupta,57,Mumbai,snehagupta963329@gmail.com,Savings,37184.73,592
7184,Priya Singh,35,Ahmednagar,priyasingh651403@gmail.com,Savings,43961.78,685
7185,Pooja Jadhav,48,Nashik,poojajadhav255771@gmail.com,Salary,7397.99,776
7186,Karan Verma,36,Nagpur,karanverma41914@gmail.com,Current,15544.85,560
7187,Karan Shaikh,38,Thane,karanshaikh715806@gmail.com,Salary,30919.17,639
7188,Arjun Verma,33,Kolhapur,arjunverma928781@gmail.com,Salary,14616.45,575
7189,Neha Pawar,60,Ahmednagar,nehapawar336626@gmail.com,Savings,29954.2,588
7190,Sahil Patil,68,Kolhapur,sahilpatil399998@gmail.com,Current,19584.46,721
7191,Rahul Verma,28,Nashik,rahulverma960524@gmail.com,Salary,10646.52,715
7192,Rohan Jadhav,34,Mumbai,rohanjadhav834983@gmail.com,Savings,20891.51,792
7193,Arjun Verma,21,Nagpur,arjunverma990991@gmail.com,Savings,41148.49,733
7194,Karan Sharma,70,Kolhapur,karansharma118981@gmail.com,Salary,41859.96,673
7195,Pooja Sharma,40,Aurangabad,poojasharma404720@gmail.com,Current,23451.49,
7196,Ayesha Pawar,32,Satara,ayeshapawar269154@gmail.com,Current,20019.49,787
7197,Riya Verma,32,Kolhapur,riyaverma566579@gmail.com,Savings,42667.6,617
7198,Sneha Sharma,64,Nagpur,snehasharma759243@gmail.com,Current,36517.01,604
7199,Arjun Joshi,44,Solapur,arjunjoshi296667@gmail.com,Current,42133.42,831
7200,Karan Joshi,42,Aurangabad,karanjoshi26005@gmail.com,Current,36573.78,667
7201,Karan Shaikh,50,Pune,karanshaikh955704@gmail.com,Salary,10369.15,719
7202,Sneha Jadhav,35,Nagpur,snehajadhav542075@gmail.com,Salary,49744.89,570
7203,Riya Khan,35,Nashik,riyakhan862143@gmail.com,Current,48173.23,660
7204,Isha Khan,64,Aurangabad,ishakhan808021@gmail.com,Salary,48376.09,815
7205,Arjun Joshi,61,Ahmednagar,arjunjoshi393272@gmail.com,Current,47744.21,626
7206,Karan Khan,66,Nagpur,karankhan539392@gmail.com,Savings,48814.97,813
7207,Sahil Singh,33,Mumbai,sahilsingh841914@gmail.com,Salary,17819.48,738
7208,Neha Singh,49,Nashik,nehasingh533547@gmail.com,Salary,40515.28,707
7209,Priya Pawar,31,Thane,priyapawar467300@gmail.com,Savings,15919.55,679
7210,Sneha Pawar,44,Satara,snehapawar510551@gmail.com,Salary,16034.11,742
7211,Akash Singh,43,Aurangabad,akashsingh46081@gmail.com,Salary,26706.54,709
7212,Neha Patil,66,Nashik,nehapatil310933@gmail.com,Current,25026.32,646
7213,Vijay Shaikh,62,Thane,vijayshaikh942016@gmail.com,Salary,6508.51,708
7214,Riya Patil,61,Kolhapur,riyapatil683276@gmail.com,Current,33906.54,715
7215,Sahil Pawar,68,Nashik,sahilpawar201963@gmail.com,Current,-31664.5,714
7216,Vijay Joshi,62,Mumbai,vijayjoshi335972@gmail.com,Current,49586.82,740
7217,Sahil Gupta,59,Satara,sahilgupta538957@gmail.com,Salary,12211.95,791
7218,Ananya Joshi,60,Ahmednagar,ananyajoshi86445@gmail.com,Salary,44019.74,695
7219,Rohan Patil,53,Pune,rohanpatil994372@gmail.com,Savings,22340.43,690
7220,Sahil Pawar,41,Satara,sahilpawar100717@gmail.com,Savings,46984.94,574
7221,Rahul Sharma,46,Thane,rahulsharma175626@gmail.com,Savings,5926.49,564
7222,Kavya Singh,57,Pune,kavyasingh810983@gmail.com,Current,36486.69,841
7223,Rahul Pawar,50,Aurangabad,rahulpawar564207@gmail.com,Current,8977.86,850
7224,Sneha Pawar,37,Ahmednagar,snehapawar559206@gmail.com,Savings,21189.07,561
7225,Ayesha Sharma,33,Pune,ayeshasharma7786@gmail.com,Current,5757.48,622
7226,Vijay Joshi,65,Thane,vijayjoshi657486@gmail.com,Salary,5175.8,745
7227,Rohan Patil,56,Ahmednagar,rohanpatil68752@gmail.com,Salary,7131.62,599
7228,Vijay Singh,,Aurangabad,vijaysingh221120@gmail.com,Savings,30713.0,602
7229,Simran Gupta,54,Satara,simrangupta702997@gmail.com,Savings,24647.31,845
7230,Aditya Khan,69,Satara,adityakhan660193@gmail.com,Current,41528.9,564
7231,Amit Shaikh,49,Solapur,amitshaikh811259@gmail.com,Savings,43929.09,
7232,Ananya Sharma,35,Kolhapur,ananyasharma223630@gmail.com,Salary,24484.15,730
7233,Mohit Singh,32,Mumbai,mohitsingh907066@gmail.com,Current,45516.55,636
7234,Rohan Singh,42,Ahmednagar,rohansingh718799@gmail.com,Salary,45107.39,566
7235,Rahul Patil,45,Thane,rahulpatil444915@gmail.com,Salary,42602.87,708
7236,Mohit Khan,37,Solapur,mohitkhan876358@gmail.com,Current,33962.63,726
7237,Pooja Sharma,61,Solapur,poojasharma109075@gmail.com,Salary,26615.08,625
7238,Ananya Joshi,48,Ahmednagar,ananyajoshi215665@gmail.com,Salary,29691.0,789
7239,Akash Jadhav,68,Ahmednagar,akashjadhav563976@gmail.com,Savings,5740.67,625
7240,Priya Shaikh,37,Satara,priyashaikh869105@gmail.com,Salary,21431.56,771
7241,Vijay Singh,28,Kolhapur,vijaysingh736979@gmail.com,Salary,17359.57,615
7242,Sneha Gupta,59,Thane,snehagupta921417@gmail.com,Salary,29747.29,661
7243,Riya Pawar,56,Ahmednagar,riyapawar777488@gmail.com,Salary,36168.31,828
7244,Rohan Patil,46,Kolhapur,rohanpatil812963@gmail.com,Current,35943.76,810
7245,Ayesha Shaikh,36,Satara,ayeshashaikh456479@gmail.com,Savings,21694.69,845
7246,Karan Pawar,68,Solapur,karanpawar678068@gmail.com,Current,36354.05,834
7247,Vijay Joshi,24,Aurangabad,vijayjoshi856529@gmail.com,Savings,15994.44,674
7248,Vijay Singh,66,Solapur,vijaysingh985500@gmail.com,Current,27187.94,555
7249,Sneha Pawar,59,Nashik,snehapawar75723@gmail.com,Current,44939.99,762
7250,Mohit Joshi,45,Nashik,mohitjoshi783271@gmail.com,Salary,40092.04,618
7251,Riya Sharma,18,Satara,riyasharma719468@gmail.com,Current,23509.85,822
7252,Isha Patil,34,Thane,ishapatil161323@gmail.com,Current,,832
7253,Karan Pawar,29,Kolhapur,karanpawar25006@gmail.com,Salary,14611.93,754
7254,Rahul Verma,34,Nashik,rahulverma481632@gmail.com,Salary,11325.92,754
7255,Pooja Sharma,34,Satara,poojasharma751790@gmail.com,Salary,38445.73,748
7256,Rohan Patil,31,Thane,rohanpatil347928@gmail.com,Current,15627.1,792
7257,Priya Verma,,Solapur,priyaverma39826@gmail.com,Savings,,814
7258,Isha Pawar,18,Aurangabad,ishapawar91872@gmail.com,Salary,23115.5,604
7259,Pooja Jadhav,58,Kolhapur,poojajadhav76906@gmail.com,Salary,38674.86,686
7260,Amit Sharma,38,Aurangabad,amitsharma57004@gmail.com,Current,3005.76,785
7261,Isha Verma,29,Nashik,ishaverma186738@gmail.com,Salary,34025.71,585
7262,Riya Joshi,40,Nagpur,riyajoshi832894@gmail.com,Salary,43800.05,670
7263,Rohan Verma,22,Pune,rohanverma264244@gmail.com,Savings,17805.56,708
7264,Mohit Patil,27,Nashik,mohitpatil585293@gmail.com,Savings,34037.66,717
7265,Pooja Singh,36,Aurangabad,poojasingh73963@gmail.com,Current,40295.14,850
7266,Rahul Joshi,23,Aurangabad,rahuljoshi602991@gmail.com,Savings,22619.83,640
7267,Ayesha Gupta,60,Thane,ayeshagupta861630@gmail.com,Salary,45136.32,764
7268,Rahul Gupta,42,Nashik,rahulgupta238803@gmail.com,Salary,34316.51,662
7269,Rohan Verma,52,Aurangabad,rohanverma955338@gmail.com,Current,17971.09,615
7270,Simran Sharma,58,Nashik,simransharma271312@gmail.com,Salary,8527.91,598
7271,Arjun Khan,32,Satara,arjunkhan427533@gmail.com,Salary,31044.18,705
7272,Karan Gupta,23,Thane,karangupta406981@gmail.com,Salary,15421.78,804
7273,Rahul Singh,32,Nagpur,rahulsingh473139@gmail.com,Current,41428.67,575
7274,Amit Khan,69,Thane,amitkhan660930@gmail.com,Salary,14358.69,827
7275,Rahul Gupta,24,Solapur,rahulgupta424194@gmail.com,Savings,40981.37,589
7276,Sneha Sharma,25,Pune,snehasharma454159@gmail.com,Current,21905.21,687
7277,Rohan Gupta,20,Thane,rohangupta331873@gmail.com,Salary,31580.44,717
7278,Kavya Sharma,38,Mumbai,kavyasharma17811@gmail.com,Current,23183.08,682
7279,Vijay Sharma,48,Mumbai,vijaysharma408522@gmail.com,Current,4266.12,849
7280,Ananya Shaikh,20,Pune,ananyashaikh706104@gmail.com,Savings,27891.32,751
7281,Vijay Shaikh,54,Nagpur,vijayshaikh124152@gmail.com,Savings,35279.67,733
7282,Rohan Shaikh,28,Kolhapur,rohanshaikh560914@gmail.com,Current,19942.5,687
7283,Kavya Pawar,69,Satara,kavyapawar6285@gmail.com,Current,35125.93,803
7284,Sneha Verma,19,Ahmednagar,snehaverma672680@gmail.com,Current,1304.03,728
7285,Ayesha Shaikh,61,Satara,ayeshashaikh755374@gmail.com,Salary,18091.18,701
7286,Pooja Sharma,53,Kolhapur,poojasharma648486@gmail.com,Savings,4374.51,841
7287,Amit Shaikh,46,Kolhapur,amitshaikh66409@gmail.com,Salary,47178.58,749
7288,Sahil Pawar,64,Solapur,sahilpawar792782@gmail.com,Savings,28717.46,562
7289,Priya Gupta,46,Nagpur,priyagupta782286@gmail.com,Current,18861.21,799
7290,Ayesha Singh,23,Aurangabad,ayeshasingh614154@gmail.com,Savings,47478.49,630
7291,Vijay Jadhav,39,Aurangabad,vijayjadhav47827@gmail.com,Salary,18480.78,646
7292,Riya Gupta,49,Solapur,riyagupta735028@gmail.com,Savings,31900.37,579
7293,Pooja Jadhav,57,Mumbai,poojajadhav889555@gmail.com,Current,42159.12,821
7294,Pooja Joshi,60,Kolhapur,poojajoshi76215@gmail.com,Savings,32878.92,677
7295,Vijay Pawar,18,Mumbai,vijaypawar375175@gmail.com,Savings,7789.99,763
7296,Neha Patil,64,Thane,nehapatil973228@gmail.com,Current,2936.39,614
7297,Sahil Khan,47,Mumbai,sahilkhan527362@gmail.com,Savings,47273.95,673
7298,Priya Singh,19,Solapur,priyasingh111391@gmail.com,Savings,20040.98,779
7299,Akash Khan,56,Solapur,akashkhan304015@gmail.com,Savings,25767.27,675
7300,Sneha Gupta,,Kolhapur,snehagupta825215@gmail.com,Savings,18062.11,693
7301,Rohan Shaikh,21,Solapur,rohanshaikh719295@gmail.com,Savings,14202.03,611
7302,Ayesha Patil,63,Thane,ayeshapatil316089@gmail.com,Salary,28851.67,792
7303,Ananya Verma,25,Ahmednagar,ananyaverma636130@gmail.com,Savings,19477.78,749
7304,Riya Gupta,29,Aurangabad,riyagupta90807@gmail.com,Savings,19984.56,1200
7305,Amit Verma,21,Nagpur,amitverma295292@gmail.com,Savings,5377.97,594
7306,Simran Jadhav,46,Kolhapur,simranjadhav802548@gmail.com,Current,9525.41,626
7307,Amit Pawar,69,Thane,amitpawar971805@gmail.com,Salary,29422.97,697
7308,Mohit Gupta,45,Aurangabad,mohitgupta459036@gmail.com,Savings,40342.08,754
7309,Vijay Singh,43,Thane,vijaysingh400041@gmail.com,Current,17996.57,660
7310,Rahul Shaikh,63,Nashik,rahulshaikh414406@gmail.com,Savings,36169.79,783
7311,Ayesha Joshi,68,Nagpur,ayeshajoshi862157@gmail.com,,,552
7312,Rohan Singh,47,Solapur,rohansingh692918@gmail.com,Savings,43374.85,582
7313,Aditya Joshi,61,Kolhapur,adityajoshi32416@gmail.com,Salary,25773.24,668
7314,Ananya Verma,44,Ahmednagar,ananyaverma497112@gmail.com,Savings,1655.91,617
7315,Kavya Shaikh,27,Mumbai,kavyashaikh164017@gmail.com,Savings,48019.63,821
7316,Vijay Jadhav,56,Solapur,vijayjadhav559481@gmail.com,Current,15344.63,603
7317,Riya Joshi,43,Pune,riyajoshi230645@gmail.com,Salary,12669.2,828
7318,Rohan Verma,39,Nashik,rohanverma143106@gmail.com,Current,25946.48,850
7319,Aditya Shaikh,25,Kolhapur,adityashaikh783128@gmail.com,Current,6063.54,800
7320,Amit Khan,66,Nagpur,amitkhan410085@gmail.com,Savings,30491.29,595
7321,Ayesha Shaikh,51,Nagpur,ayeshashaikh835574@gmail.com,Salary,6248.76,570
7322,Rohan Patil,66,Aurangabad,rohanpatil836323@gmail.com,Savings,24116.46,765
7323,Rahul Sharma,37,Kolhapur,rahulsharma890831@gmail.com,Savings,4567.42,824
7324,Priya Gupta,26,Nagpur,priyagupta572333@gmail.com,Current,48773.63,624
7325,Amit Shaikh,,Pune,amitshaikh309407@gmail.com,Savings,16849.23,765
7326,Akash Singh,47,Thane,akashsingh664945@gmail.com,Current,47550.34,644
7327,Sneha Pawar,44,Kolhapur,snehapawar151174@gmail.com,Savings,-19352.93,825
7328,Ayesha Patil,21,Satara,ayeshapatil312634@gmail.com,Current,32276.95,638
7329,Vijay Jadhav,32,Kolhapur,vijayjadhav710289@gmail.com,Current,40390.81,789
7330,Akash Gupta,29,Nashik,akashgupta930163@gmail.com,Savings,5968.36,790
7331,Rahul Jadhav,39,Ahmednagar,rahuljadhav958675@gmail.com,Salary,8365.8,641
7332,Rahul Verma,58,Satara,rahulverma833735@gmail.com,Salary,48702.15,670
7333,Rahul Pawar,47,Nagpur,rahulpawar909361@gmail.com,Current,26098.43,698
7334,Karan Khan,54,Satara,karankhan764852@gmail.com,Savings,24650.57,823
7335,Amit Patil,18,Nashik,amitpatil679514@gmail.com,Savings,10354.38,670
7336,Vijay Jadhav,52,Ahmednagar,vijayjadhav391355@gmail.com,Savings,11092.52,752
7337,Priya Joshi,43,Nagpur,priyajoshi995686@gmail.com,Savings,37875.12,629
7338,Simran Singh,30,Thane,simransingh11791@gmail.com,Savings,9232.21,795
7339,Ananya Sharma,32,Pune,ananyasharma580512@gmail.com,Salary,33952.56,697
7340,Akash Khan,35,,akashkhan917359@gmail.com,Salary,4008.08,
7341,Ayesha Sharma,25,Thane,ayeshasharma582132@gmail.com,Current,,561
7342,Rahul Joshi,51,Nashik,rahuljoshi148341@gmail.com,Savings,20181.42,834
7343,Mohit Pawar,23,Kolhapur,mohitpawar129321@gmail.com,Current,27364.32,838
7344,Sahil Sharma,58,Pune,sahilsharma43902@gmail.com,Current,4166.63,619
7345,Rohan Patil,52,Thane,rohanpatil5374@gmail.com,Current,14726.49,762
7346,Riya Joshi,49,Pune,riyajoshi600638@gmail.com,Current,7286.79,739
7347,Akash Khan,61,Ahmednagar,akashkhan625737@gmail.com,,9923.71,719
7348,Ananya Sharma,49,Solapur,ananyasharma413324@gmail.com,Savings,31434.09,650
7349,Rohan Gupta,66,Mumbai,rohangupta563344@gmail.com,Savings,49065.63,575
7350,Riya Gupta,24,Nashik,riyagupta574222@gmail.com,Savings,,615
7351,Ayesha Sharma,48,Satara,ayeshasharma993079@gmail.com,Current,1891.99,654
7352,Neha Shaikh,65,Solapur,nehashaikh89361@gmail.com,Current,23180.68,584
7353,Karan Shaikh,35,Ahmednagar,karanshaikh319591@gmail.com,Salary,2443.58,639
7354,Vijay Pawar,65,Nagpur,vijaypawar220356@gmail.com,Savings,26331.66,588
7355,Rohan Verma,61,Ahmednagar,rohanverma784745@gmail.com,Savings,32656.86,673
7356,Vijay Gupta,32,Thane,vijaygupta777546@gmail.com,Current,1728.43,563
7357,Rohan Pawar,39,Nashik,rohanpawar947537@gmail.com,Salary,24928.21,742
7358,Karan Patil,57,Mumbai,karanpatil761300@gmail.com,Current,25278.18,659
7359,Rahul Sharma,58,Ahmednagar,rahulsharma360654@gmail.com,Salary,41276.8,722
7360,Vijay Jadhav,42,Pune,vijayjadhav222122@gmail.com,Savings,4232.83,707
7361,Vijay Shaikh,23,Nashik,vijayshaikh432799@gmail.com,Savings,30024.9,577
7362,Isha Khan,52,Kolhapur,ishakhan949719@gmail.com,Salary,33085.56,595
7363,Priya Joshi,,Nagpur,priyajoshi677408@gmail.com,Salary,35494.63,621
7364,Ananya Gupta,50,Kolhapur,ananyagupta892919@gmail.com,Current,13991.34,646
7365,Rahul Verma,24,Mumbai,rahulverma537550@gmail.com,Salary,30733.0,616
7366,Rohan Verma,47,Ahmednagar,rohanverma149475@gmail.com,Current,49835.5,553
7367,Ayesha Sharma,,Aurangabad,ayeshasharma168872@gmail.com,Current,2445.91,699
7368,Aditya Patil,53,Solapur,adityapatil193030@gmail.com,Current,5717.26,825
7369,Neha Joshi,23,Solapur,nehajoshi231612@gmail.com,Salary,9195.6,700
7370,Kavya Gupta,24,Solapur,kavyagupta646950@gmail.com,Salary,3056.99,607
7371,Amit Pawar,25,Aurangabad,amitpawar875397@gmail.com,Salary,21975.22,563
7372,Arjun Verma,65,Aurangabad,arjunverma265118@gmail.com,Savings,15264.19,714
7373,Neha Verma,46,Satara,nehaverma203865@gmail.com,Current,28538.4,554
7374,Rahul Gupta,21,Mumbai,rahulgupta120290@gmail.com,Current,44829.47,716
7375,Rahul Singh,41,Pune,rahulsingh190267@gmail.com,Current,22356.15,653
7376,Isha Sharma,46,Mumbai,ishasharma703671@gmail.com,Current,36722.18,630
7377,Riya Verma,33,Kolhapur,riyaverma838604@gmail.com,,7894.24,707
7378,Pooja Gupta,21,Thane,poojagupta594949@gmail.com,Savings,6318.67,797
7379,Ayesha Patil,26,Nashik,ayeshapatil893750@gmail.com,Salary,21662.85,808
7380,Aditya Singh,43,Ahmednagar,adityasingh57130@gmail.com,Savings,48804.63,774
7381,Aditya Verma,66,Mumbai,adityaverma892844@gmail.com,Current,14232.35,570
7382,Sahil Pawar,66,Mumbai,sahilpawar787624@gmail.com,Current,44318.44,622
7383,Vijay Gupta,46,Thane,vijaygupta977760@gmail.com,Salary,30497.08,840
7384,Karan Sharma,18,Kolhapur,karansharma575612@gmail.com,Salary,24702.58,583
7385,Priya Verma,31,Satara,priyaverma483771@gmail.com,Savings,34214.65,672
7386,Pooja Gupta,49,Mumbai,poojagupta676090@gmail.com,Salary,6736.97,609
7387,Pooja Patil,20,Nashik,poojapatil576465@gmail.com,Salary,12256.81,640
7388,Priya Patil,56,Aurangabad,priyapatil76797@gmail.com,Savings,15508.5,714
7389,Rahul Gupta,22,Ahmednagar,rahulgupta304871@gmail.com,Savings,30046.48,706
7390,Pooja Jadhav,43,Solapur,poojajadhav704413@gmail.com,Salary,42591.38,723
7391,Rahul Shaikh,66,Aurangabad,rahulshaikh70734@gmail.com,Savings,24046.88,667
7392,Mohit Singh,64,Solapur,mohitsingh262965@gmail.com,Salary,44951.61,737
7393,Ananya Sharma,26,Nashik,ananyasharma103072@gmail.com,Salary,46170.01,808
7394,,49,Thane,,Current,42885.26,
7395,Mohit Pawar,68,Pune,mohitpawar207107@gmail.com,Savings,,734
7396,Ananya Sharma,38,Nashik,ananyasharma760935@gmail.com,Salary,7995.75,556
7397,Ananya Joshi,67,Ahmednagar,ananyajoshi608898@gmail.com,Current,22726.97,741
7398,Aditya Verma,35,Ahmednagar,adityaverma510956@gmail.com,Salary,35001.45,778
7399,Sahil Pawar,59,Thane,sahilpawar997861@gmail.com,Salary,15321.15,704
7400,Simran Sharma,30,Nagpur,simransharma347022@gmail.com,Salary,38892.01,662
7401,Mohit Sharma,21,Thane,mohitsharma374586@gmail.com,Savings,2661.17,673
7402,Mohit Verma,29,Solapur,mohitverma134543@gmail.com,Current,31478.51,705
7403,Arjun Jadhav,59,Satara,arjunjadhav704004@gmail.com,Salary,20128.47,628
7404,Sneha Gupta,18,Satara,snehagupta687413@gmail.com,Salary,35005.31,821
7405,Rahul Pawar,36,Ahmednagar,rahulpawar246025@gmail.com,Savings,27440.19,648
7406,Priya Verma,52,Ahmednagar,priyaverma105004@gmail.com,Salary,18814.57,604
7407,Priya Jadhav,26,Solapur,priyajadhav299087@gmail.com,Salary,30152.11,812
7408,Akash Singh,52,Pune,akashsingh649709@gmail.com,Savings,28470.59,850
7409,Arjun Pawar,48,Aurangabad,arjunpawar73299@gmail.com,Savings,33067.86,586
7410,Pooja Khan,21,Nagpur,poojakhan943942@gmail.com,Current,36628.78,654
7411,Ayesha Singh,68,Nashik,ayeshasingh202997@gmail.com,Current,26470.75,622
7412,Kavya Patil,22,Kolhapur,kavyapatil333322@gmail.com,Salary,7184.25,754
7413,Ayesha Pawar,65,Pune,ayeshapawar509562@gmail.com,Current,13402.73,758
7414,Pooja Pawar,31,Nashik,poojapawar472636@gmail.com,Salary,13754.56,593
7415,Aditya Jadhav,59,Solapur,adityajadhav344395@gmail.com,Savings,19426.6,835
7416,Sahil Pawar,53,Aurangabad,sahilpawar646381@gmail.com,Savings,29061.93,829
7417,Sneha Joshi,32,Solapur,snehajoshi691554@gmail.com,Savings,35903.51,818
7418,Ayesha Khan,63,Nagpur,ayeshakhan320623@gmail.com,Savings,7888.62,664
7419,Kavya Jadhav,21,Solapur,kavyajadhav727243@gmail.com,Salary,28991.3,792
7420,Mohit Shaikh,60,Nashik,mohitshaikh612646@gmail.com,Savings,40351.51,613
7421,Amit Joshi,39,Kolhapur,amitjoshi159897@gmail.com,Savings,2968.03,614
7422,Sneha Gupta,41,Mumbai,snehagupta593124@gmail.com,Savings,5488.41,811
7423,Kavya Jadhav,43,Aurangabad,kavyajadhav594497@gmail.com,Current,25163.16,571
7424,Mohit Patil,65,Ahmednagar,mohitpatil382299@gmail.com,Savings,30821.77,590
7425,Neha Jadhav,52,Mumbai,nehajadhav847034@gmail.com,Current,14267.83,597
7426,Amit Khan,33,Mumbai,amitkhan331799@gmail.com,Savings,12439.23,846
7427,Amit Verma,21,Ahmednagar,amitverma449212@gmail.com,Salary,12254.95,605
7428,Karan Jadhav,54,Satara,karanjadhav176931@gmail.com,Current,-27806.64,
7429,Neha Singh,43,Aurangabad,nehasingh5166@gmail.com,Salary,41463.05,813
7430,Priya Sharma,69,Satara,priyasharma328529@gmail.com,Savings,49154.89,785
7431,Vijay Singh,45,Nashik,vijaysingh258233@gmail.com,Savings,24864.21,709
7432,Ananya Singh,32,Thane,ananyasingh823924@gmail.com,Salary,21390.27,566
7433,Priya Jadhav,35,Nagpur,priyajadhav232386@gmail.com,Current,6199.62,651
7434,Mohit Jadhav,67,Nagpur,mohitjadhav746894@gmail.com,Current,34004.5,563
7435,Priya Pawar,34,Solapur,priyapawar775853@gmail.com,Salary,28655.66,837
7436,Rahul Singh,41,Aurangabad,rahulsingh672067@gmail.com,Salary,28890.81,843
7437,Simran Gupta,28,Mumbai,simrangupta457409@gmail.com,Current,33566.29,565
7438,,65,Solapur,,Savings,36913.58,781
7439,Pooja Patil,40,Aurangabad,poojapatil290219@gmail.com,Current,37682.52,800
7440,Neha Shaikh,,Nashik,nehashaikh881019@gmail.com,Savings,18784.07,809
7441,Pooja Patil,26,Solapur,poojapatil377048@gmail.com,Current,41495.7,694
7442,Priya Khan,56,Kolhapur,priyakhan140929@gmail.com,Current,29883.13,565
7443,Amit Patil,66,Thane,amitpatil712691@gmail.com,Salary,22793.52,680
7444,Kavya Pawar,47,Pune,kavyapawar768677@gmail.com,Salary,26502.73,738
7445,Rahul Khan,48,Pune,rahulkhan347768@gmail.com,Salary,49067.73,707
7446,Amit Shaikh,40,Ahmednagar,amitshaikh920630@gmail.com,Salary,33871.58,841
7447,Sneha Sharma,41,Ahmednagar,snehasharma503368@gmail.com,Savings,29469.83,824
7448,Riya Gupta,48,Mumbai,riyagupta485431@gmail.com,Salary,47554.06,658
7449,Akash Khan,24,Thane,akashkhan467091@gmail.com,Savings,2557.81,765
7450,Riya Joshi,45,Aurangabad,riyajoshi376267@gmail.com,Current,25404.61,672
7451,Neha Khan,47,Kolhapur,nehakhan812502@gmail.com,Current,19304.7,724
7452,Neha Patil,29,Aurangabad,nehapatil320410@gmail.com,Salary,14749.75,821
7453,Karan Verma,60,Thane,karanverma510726@gmail.com,Current,6062.84,599
7454,Riya Gupta,39,Solapur,riyagupta578569@gmail.com,Current,23087.68,733
7455,Sneha Sharma,64,Ahmednagar,snehasharma114219@gmail.com,Current,14670.57,730
7456,Rahul Verma,22,Nashik,rahulverma184408@gmail.com,Current,26771.62,608
7457,Mohit Patil,62,Ahmednagar,mohitpatil677009@gmail.com,Current,1756.6,786
7458,Riya Jadhav,29,Aurangabad,riyajadhav636195@gmail.com,Salary,2317.67,616
7459,Sahil Gupta,55,Ahmednagar,sahilgupta86055@gmail.com,Current,,788
7460,Karan Sharma,61,Nagpur,karansharma882783@gmail.com,Current,6403.83,618
7461,Pooja Verma,22,Pune,poojaverma294347@gmail.com,Savings,12339.18,850
7462,Priya Verma,45,Solapur,priyaverma900526@gmail.com,Salary,13252.53,560
7463,Rohan Verma,55,Pune,rohanverma866689@gmail.com,Savings,12789.98,831
7464,Rahul Patil,54,Nashik,rahulpatil146902@gmail.com,Salary,1148.16,615
7465,Mohit Verma,62,Thane,mohitverma934692@gmail.com,Savings,34017.13,701
7466,Sneha Shaikh,36,Nashik,snehashaikh564881@gmail.com,Salary,49010.63,819
7467,Kavya Jadhav,38,Thane,kavyajadhav206073@gmail.com,Salary,30517.63,701
7468,Isha Jadhav,37,Solapur,ishajadhav276121@gmail.com,Salary,42179.81,701
7469,Arjun Joshi,33,Nagpur,arjunjoshi769277@gmail.com,Salary,26854.29,627
7470,Isha Sharma,45,Satara,ishasharma929490@gmail.com,Current,6301.48,687
7471,Arjun Shaikh,69,Aurangabad,arjunshaikh657157@gmail.com,Current,9997.53,590
7472,Sneha Joshi,61,Aurangabad,snehajoshi80276@gmail.com,Savings,44686.36,761
7473,Simran Shaikh,52,Nagpur,simranshaikh762860@gmail.com,Current,44811.84,712
7474,Isha Joshi,22,Thane,ishajoshi79162@gmail.com,Current,28804.95,819
7475,Simran Verma,44,Thane,simranverma935540@gmail.com,Current,36514.45,817
7476,Akash Jadhav,68,Ahmednagar,akashjadhav19635@gmail.com,Savings,15286.62,778
7477,Sneha Shaikh,,Nagpur,snehashaikh890956@gmail.com,Savings,31859.09,646
7478,Priya Sharma,37,Nagpur,priyasharma531915@gmail.com,Savings,40878.58,672
7479,Sahil Pawar,53,Ahmednagar,sahilpawar662408@gmail.com,Savings,42315.93,819
7480,Amit Sharma,34,Aurangabad,amitsharma32809@gmail.com,Current,22702.41,641
7481,Ananya Jadhav,58,Kolhapur,ananyajadhav852217@gmail.com,Salary,33140.79,691
7482,Akash Pawar,63,Thane,akashpawar610256@gmail.com,Salary,37728.91,601
7483,Amit Shaikh,63,Mumbai,amitshaikh607121@gmail.com,Current,8229.4,636
7484,Sahil Verma,44,Nashik,sahilverma424914@gmail.com,Current,26021.49,767
7485,Arjun Jadhav,48,Satara,arjunjadhav806664@gmail.com,Current,4946.28,690
7486,Ayesha Patil,57,Solapur,ayeshapatil618797@gmail.com,Salary,29113.99,842
7487,Isha Khan,53,Solapur,ishakhan223195@gmail.com,Current,7018.37,768
7488,Priya Gupta,41,Kolhapur,priyagupta950428@gmail.com,Savings,4207.27,661
7489,Ayesha Gupta,21,Pune,ayeshagupta38536@gmail.com,Salary,5818.69,653
7490,Sneha Khan,42,Aurangabad,snehakhan578488@gmail.com,Current,24322.58,591
7491,Amit Patil,21,Mumbai,amitpatil273376@gmail.com,Salary,16366.22,785
7492,Ayesha Joshi,,Nagpur,ayeshajoshi569968@gmail.com,Current,48664.77,772
7493,Riya Sharma,32,Nagpur,riyasharma937512@gmail.com,Savings,26725.02,791
7494,Sneha Khan,53,Solapur,snehakhan565992@gmail.com,Savings,11876.16,640
7495,Arjun Verma,28,Nagpur,arjunverma495136@gmail.com,Salary,11431.99,574
7496,Arjun Joshi,29,Solapur,arjunjoshi685772@gmail.com,Current,32979.35,840
7497,Akash Joshi,65,Kolhapur,akashjoshi812953@gmail.com,Savings,33038.34,722
7498,Arjun Shaikh,31,Thane,arjunshaikh155952@gmail.com,Savings,2166.95,642
7499,Akash Joshi,63,Solapur,akashjoshi383688@gmail.com,Current,19268.08,743
7500,Amit Pawar,69,Aurangabad,amitpawar411664@gmail.com,Savings,27106.86,567
7501,Simran Gupta,43,Kolhapur,simrangupta234253@gmail.com,Salary,43201.56,810
7502,Simran Patil,54,Mumbai,simranpatil934840@gmail.com,Current,2124.83,555
7503,Arjun Shaikh,51,Pune,arjunshaikh809752@gmail.com,Savings,45732.91,663
7504,Sneha Joshi,27,Nagpur,snehajoshi618341@gmail.com,Current,10739.95,589
7505,Akash Jadhav,63,Ahmednagar,akashjadhav768944@gmail.com,Savings,46475.07,556
7506,Ananya Patil,69,Aurangabad,ananyapatil898901@gmail.com,Current,37240.79,695
7507,Ayesha Jadhav,38,Ahmednagar,ayeshajadhav305234@gmail.com,Current,15407.07,653
7508,Ananya Khan,39,Pune,ananyakhan140484@gmail.com,Salary,40543.59,650
7509,Rahul Verma,28,Pune,rahulverma487374@gmail.com,Salary,3458.17,774
7510,Karan Verma,18,Nashik,karanverma525565@gmail.com,Current,-46722.17,813
7511,Riya Singh,66,Satara,riyasingh535305@gmail.com,Savings,40751.7,765
7512,Rohan Shaikh,67,Nagpur,rohanshaikh95052@gmail.com,Current,47192.91,761
7513,Isha Gupta,26,Kolhapur,ishagupta416159@gmail.com,Salary,29090.29,746
7514,Sahil Gupta,41,Satara,sahilgupta381640@gmail.com,Current,12852.29,552
7515,Amit Gupta,31,Ahmednagar,amitgupta526660@gmail.com,Savings,34488.51,811
7516,Priya Patil,41,Ahmednagar,priyapatil11206@gmail.com,Salary,23747.42,655
7517,Arjun Shaikh,55,Thane,arjunshaikh694968@gmail.com,Savings,2836.19,697
7518,Ananya Joshi,61,Satara,ananyajoshi250584@gmail.com,Salary,16442.02,
7519,Rohan Joshi,45,Thane,rohanjoshi889273@gmail.com,Savings,17039.75,756
7520,Simran Jadhav,69,Satara,simranjadhav845818@gmail.com,Current,6120.99,746
7521,Arjun Gupta,25,Thane,arjungupta643963@gmail.com,Salary,34320.09,775
7522,Simran Gupta,45,Solapur,simrangupta717495@gmail.com,Savings,5220.27,551
7523,Kavya Singh,67,Ahmednagar,kavyasingh173999@gmail.com,Savings,11870.73,574
7524,Neha Shaikh,64,Satara,nehashaikh794088@gmail.com,Current,42046.42,688
7525,Isha Singh,62,Aurangabad,ishasingh539211@gmail.com,Salary,27933.66,740
7526,Sneha Singh,45,Satara,snehasingh147289@gmail.com,Salary,47363.49,702
7527,Ayesha Pawar,,Nashik,ayeshapawar467996@gmail.com,Current,44561.1,698
7528,Riya Verma,33,Kolhapur,riyaverma167056@gmail.com,Salary,40211.75,759
7529,Sahil Singh,41,Aurangabad,sahilsingh187947@gmail.com,Current,16811.43,800
7530,Riya Sharma,68,Aurangabad,riyasharma593968@gmail.com,Current,23346.63,810
7531,Sneha Patil,70,,snehapatil994896@gmail.com,Salary,10321.1,580
7532,Vijay Patil,18,Ahmednagar,vijaypatil593397@gmail.com,Current,2430.78,
7533,Priya Gupta,40,Pune,priyagupta691544@gmail.com,Savings,9285.17,675
7534,Pooja Khan,68,Nagpur,poojakhan914662@gmail.com,Savings,36074.89,556
7535,Amit Joshi,52,Solapur,amitjoshi153400@gmail.com,Current,31911.2,577
7536,Rohan Sharma,19,Nagpur,rohansharma771767@gmail.com,Current,11464.08,790
7537,Karan Khan,28,Nashik,karankhan767662@gmail.com,Current,34329.07,692
7538,Priya Verma,25,Ahmednagar,priyaverma507090@gmail.com,Salary,49316.45,585
7539,Vijay Shaikh,62,Pune,vijayshaikh984896@gmail.com,Savings,2913.88,685
7540,Vijay Khan,61,Nashik,vijaykhan376324@gmail.com,Savings,45783.96,612
7541,Simran Khan,48,Nagpur,simrankhan42483@gmail.com,Current,39064.8,594
7542,Sneha Pawar,32,Ahmednagar,snehapawar229548@gmail.com,Current,25633.51,729
7543,Mohit Khan,64,Nagpur,mohitkhan798561@gmail.com,Savings,41429.13,761
7544,Rohan Singh,61,Nashik,rohansingh511429@gmail.com,Current,16322.46,770
7545,Mohit Jadhav,32,Nagpur,mohitjadhav243107@gmail.com,Current,3947.17,621
7546,Ayesha Joshi,24,Nagpur,ayeshajoshi66014@gmail.com,Savings,6567.74,645
7547,Ayesha Shaikh,46,Kolhapur,ayeshashaikh277298@gmail.com,Savings,35754.19,751
7548,Vijay Verma,19,Aurangabad,vijayverma387480@gmail.com,Current,35253.11,726
7549,Rohan Khan,60,Nashik,rohankhan245486@gmail.com,Savings,37667.37,
7550,Arjun Verma,120,Kolhapur,arjunverma44987@gmail.com,Savings,2163.84,780
7551,Akash Jadhav,53,Kolhapur,akashjadhav701162@gmail.com,Current,10850.11,755
7552,Kavya Gupta,59,Mumbai,kavyagupta216918@gmail.com,Savings,12217.43,768
7553,Riya Khan,43,Kolhapur,riyakhan543142@gmail.com,Salary,1240.56,643
7554,Ananya Jadhav,54,Pune,ananyajadhav951919@gmail.com,Savings,983.65,809
7555,Ayesha Khan,62,Thane,ayeshakhan830006@gmail.com,Savings,30497.14,
7556,Akash Jadhav,38,Ahmednagar,akashjadhav378899@gmail.com,Salary,,683
7557,Rohan Sharma,42,Ahmednagar,rohansharma407045@gmail.com,Savings,49887.6,781
7558,Arjun Joshi,30,Satara,arjunjoshi492589@gmail.com,Savings,6840.61,661
7559,Rohan Patil,44,Nagpur,rohanpatil962589@gmail.com,Savings,25138.45,744
7560,Ananya Gupta,58,Nashik,ananyagupta476828@gmail.com,Salary,2180.29,716
7561,Rahul Shaikh,20,Satara,rahulshaikh924474@gmail.com,Savings,24000.59,810
7562,Pooja Sharma,26,Nagpur,poojasharma48793@gmail.com,Salary,9514.65,793
7563,Isha Verma,30,Thane,ishaverma41943@gmail.com,Savings,12945.54,696
7564,Kavya Verma,64,Satara,kavyaverma680127@gmail.com,Savings,49650.76,764
7565,Neha Sharma,59,Satara,nehasharma339913@gmail.com,Current,12743.1,750
7566,Vijay Joshi,41,Aurangabad,vijayjoshi108339@gmail.com,Current,2222.53,638
7567,Neha Khan,69,Kolhapur,nehakhan738020@gmail.com,Savings,15504.55,586
7568,Arjun Sharma,48,Mumbai,arjunsharma546799@gmail.com,Current,12690.16,
7569,Simran Singh,46,Aurangabad,simransingh664443@gmail.com,Current,14708.1,802
7570,Neha Khan,65,Ahmednagar,nehakhan870048@gmail.com,Current,938.72,587
7571,Mohit Patil,34,Pune,mohitpatil286880@gmail.com,Savings,34322.44,722
7572,Neha Shaikh,34,Thane,nehashaikh875527@gmail.com,Salary,31168.72,657
7573,Kavya Verma,55,Thane,kavyaverma778048@gmail.com,Current,42739.8,695
7574,,45,Nagpur,,Current,18303.58,667
7575,Karan Joshi,250,Kolhapur,karanjoshi276206@gmail.com,Salary,43119.08,780
7576,Sahil Pawar,54,Ahmednagar,sahilpawar606839@gmail.com,Savings,38194.01,715
7577,Kavya Gupta,19,Aurangabad,kavyagupta570892@gmail.com,Salary,49834.83,714
7578,Aditya Sharma,32,Thane,adityasharma597956@gmail.com,Salary,9505.26,713
7579,Vijay Shaikh,52,Nashik,vijayshaikh182394@gmail.com,Salary,19525.19,802
7580,Ananya Patil,,Nagpur,ananyapatil395056@gmail.com,Current,34739.45,748
7581,Arjun Joshi,22,Satara,arjunjoshi685528@gmail.com,Savings,6339.52,579
7582,Mohit Gupta,37,Thane,mohitgupta397005@gmail.com,Salary,3672.62,682
7583,Arjun Gupta,53,Kolhapur,arjungupta383141@gmail.com,Savings,30505.04,655
7584,Karan Singh,44,Aurangabad,karansingh616325@gmail.com,Savings,40000.1,716
7585,Neha Sharma,26,Thane,nehasharma685173@gmail.com,Current,4511.71,725
7586,Mohit Gupta,26,Ahmednagar,mohitgupta941958@gmail.com,Salary,12624.95,631
7587,Akash Pawar,48,Aurangabad,akashpawar876152@gmail.com,Current,25928.03,744
7588,Priya Gupta,33,Satara,priyagupta81718@gmail.com,Salary,46077.24,790
7589,Karan Khan,57,Thane,karankhan541860@gmail.com,Current,35964.86,835
7590,Amit Gupta,44,Aurangabad,amitgupta263907@gmail.com,Salary,16489.53,707
7591,Sahil Patil,38,Thane,sahilpatil394709@gmail.com,Salary,31675.49,
7592,Sahil Jadhav,32,Kolhapur,sahiljadhav951412@gmail.com,Savings,17112.38,766
7593,Sneha Gupta,28,Thane,snehagupta233826@gmail.com,Salary,1138.41,732
7594,Amit Joshi,18,Solapur,amitjoshi541555@gmail.com,,44835.01,825
7595,Priya Gupta,48,Satara,priyagupta425656@gmail.com,Salary,24520.22,631
7596,Rohan Patil,43,Satara,rohanpatil370140@gmail.com,Savings,32139.85,797
7597,Isha Jadhav,50,Pune,ishajadhav857034@gmail.com,Savings,6131.1,561
7598,Rahul Gupta,62,Solapur,rahulgupta909969@gmail.com,Salary,23902.8,731
7599,Rohan Singh,30,Kolhapur,rohansingh361892@gmail.com,Salary,22742.36,572
7600,Sneha Singh,69,Solapur,snehasingh510611@gmail.com,Salary,8553.47,668
7601,Simran Sharma,34,Nashik,simransharma831261@gmail.com,Salary,2449.86,610
7602,Akash Gupta,28,Nashik,akashgupta505629@gmail.com,Salary,25689.57,667
7603,Ayesha Khan,34,Satara,ayeshakhan930367@gmail.com,Savings,44789.11,774
7604,Simran Joshi,57,Thane,simranjoshi633661@gmail.com,Current,22567.92,748
7605,Sneha Sharma,41,Mumbai,snehasharma7018@gmail.com,Salary,8763.87,641
7606,Amit Joshi,52,Mumbai,amitjoshi526314@gmail.com,Savings,1902.68,693
7607,Amit Patil,69,Nagpur,amitpatil924979@gmail.com,Current,22972.05,666
7608,Amit Patil,24,Nashik,amitpatil145818@gmail.com,Current,19505.09,762
7609,Vijay Sharma,24,Thane,vijaysharma461367@gmail.com,Salary,39712.61,818
7610,Ananya Khan,43,Thane,ananyakhan173750@gmail.com,Savings,4108.57,706
7611,Karan Shaikh,22,Aurangabad,karanshaikh241262@gmail.com,Savings,31818.61,619
7612,Riya Joshi,29,Kolhapur,riyajoshi80932@gmail.com,Current,15735.59,736
7613,,69,Ahmednagar,,Savings,44915.38,
7614,Mohit Shaikh,25,Solapur,mohitshaikh539635@gmail.com,Salary,34611.91,672
7615,Pooja Joshi,64,Solapur,poojajoshi674834@gmail.com,Salary,31050.5,743
7616,Mohit Sharma,43,Mumbai,mohitsharma294550@gmail.com,Savings,39423.29,837
7617,Ananya Khan,43,Pune,ananyakhan221891@gmail.com,Savings,3398.92,654
7618,Neha Singh,31,Nashik,nehasingh157638@gmail.com,Savings,43052.58,815
7619,Vijay Singh,18,Satara,vijaysingh196084@gmail.com,Salary,1408.72,679
7620,Riya Patil,34,Thane,riyapatil165101@gmail.com,Savings,25141.22,738
7621,Vijay Gupta,47,Ahmednagar,vijaygupta379918@gmail.com,Salary,4117.64,608
7622,Rohan Joshi,55,Nashik,rohanjoshi631364@gmail.com,Salary,28106.03,671
7623,Rohan Sharma,,Ahmednagar,rohansharma752246@gmail.com,Savings,48378.96,667
7624,Neha Jadhav,23,Mumbai,nehajadhav856739@gmail.com,Savings,3086.71,583
7625,Sneha Verma,24,Satara,snehaverma124178@gmail.com,Salary,21034.5,635
7626,Amit Sharma,32,Nagpur,amitsharma693323@gmail.com,Savings,47158.24,723
7627,Isha Shaikh,61,Solapur,ishashaikh241635@gmail.com,Current,44224.93,681
7628,Aditya Joshi,33,Kolhapur,adityajoshi434853@gmail.com,Current,26837.77,608
7629,Isha Shaikh,41,Nagpur,ishashaikh850676@gmail.com,Savings,48663.05,651
7630,Ayesha Joshi,30,Ahmednagar,ayeshajoshi346365@gmail.com,Salary,2451.59,784
7631,Simran Joshi,41,Kolhapur,simranjoshi755342@gmail.com,Savings,26614.66,639
7632,Rahul Sharma,,Pune,rahulsharma118944@gmail.com,Savings,3710.19,733
7633,Rahul Jadhav,20,Pune,rahuljadhav505006@gmail.com,Current,31481.0,689
7634,Pooja Jadhav,66,Thane,poojajadhav708129@gmail.com,Salary,48350.99,788
7635,,46,Ahmednagar,,Salary,33357.66,759
7636,Isha Sharma,38,Satara,ishasharma502173@gmail.com,Current,25875.9,
7637,Mohit Joshi,57,Nagpur,mohitjoshi502390@gmail.com,Salary,29270.71,768
7638,Akash Joshi,44,Ahmednagar,akashjoshi221039@gmail.com,Salary,32933.82,787
7639,Amit Shaikh,23,Aurangabad,amitshaikh619589@gmail.com,Savings,29645.52,599
7640,Riya Jadhav,63,Pune,riyajadhav169178@gmail.com,Salary,41310.52,606
7641,Rohan Verma,22,Solapur,rohanverma678800@gmail.com,Savings,16011.39,783
7642,Arjun Khan,58,Aurangabad,arjunkhan873946@gmail.com,Current,48517.72,741
7643,Vijay Singh,39,Nashik,vijaysingh430959@gmail.com,Savings,,721
7644,Sneha Singh,23,Satara,snehasingh23636@gmail.com,Savings,17425.42,781
7645,,34,Pune,,Savings,35795.07,695
7646,Riya Shaikh,55,Pune,riyashaikh255606@gmail.com,Salary,19305.87,554
7647,Karan Shaikh,34,Aurangabad,karanshaikh45340@gmail.com,salary,8757.9,672
7648,Isha Pawar,45,Mumbai,ishapawar134197@gmail.com,Salary,16348.65,820
7649,Amit Shaikh,63,Pune,amitshaikh601444@gmail.com,Salary,21454.67,820
7650,Simran Pawar,,Nagpur,simranpawar621221@gmail.com,Current,39779.31,730
7651,Priya Singh,25,Mumbai,priyasingh169056@gmail.com,Savings,36375.23,681
7652,Rahul Gupta,56,Satara,rahulgupta141368@gmail.com,Salary,28404.42,768
7653,Sneha Joshi,39,Mumbai,snehajoshi660220@gmail.com,Current,26113.08,819
7654,Pooja Singh,69,Mumbai,poojasingh537644@gmail.com,Savings,26247.41,580
7655,Akash Gupta,44,Ahmednagar,akashgupta41194@gmail.com,Current,37174.01,731
7656,Aditya Verma,35,Mumbai,adityaverma934169@gmail.com,Current,48150.13,579
7657,Rohan Singh,19,Mumbai,rohansingh600167@gmail.com,Savings,23155.67,594
7658,Vijay Sharma,51,Mumbai,vijaysharma154099@gmail.com,Salary,18411.37,680
7659,Karan Patil,58,Nashik,karanpatil58727@gmail.com,Salary,6105.44,777
7660,Rohan Shaikh,67,Solapur,rohanshaikh174521@gmail.com,Savings,48526.76,819
7661,Ayesha Pawar,56,Satara,ayeshapawar270904@gmail.com,Salary,20672.97,768
7662,Amit Jadhav,53,Thane,amitjadhav967355@gmail.com,,43450.39,809
7663,Riya Jadhav,54,Aurangabad,riyajadhav188883@gmail.com,Salary,5429.1,829
7664,Mohit Patil,63,Solapur,mohitpatil541837@gmail.com,Salary,37566.15,688
7665,Isha Joshi,23,Kolhapur,ishajoshi425251@gmail.com,Current,17112.32,808
7666,Sneha Gupta,62,Ahmednagar,snehagupta628571@gmail.com,Salary,37026.17,558
7667,Isha Gupta,23,Kolhapur,ishagupta591082@gmail.com,Salary,,637
7668,Vijay Khan,29,Nashik,vijaykhan668695@gmail.com,Savings,8544.14,754
7669,Kavya Sharma,19,Thane,kavyasharma19624@gmail.com,Current,748.76,782
7670,Ananya Singh,41,Satara,ananyasingh921283@gmail.com,Salary,27189.55,
7671,Isha Gupta,65,Ahmednagar,ishagupta754600@gmail.com,Salary,2492.73,747
7672,Mohit Joshi,64,Aurangabad,mohitjoshi763436@gmail.com,Salary,32135.8,803
7673,Kavya Singh,36,Solapur,kavyasingh693989@gmail.com,Current,11788.83,612
7674,Ayesha Pawar,45,Ahmednagar,ayeshapawar861298@gmail.com,Savings,34779.66,758
7675,Rohan Singh,51,Ahmednagar,rohansingh297323@gmail.com,Salary,34746.57,599
7676,Mohit Sharma,66,Nashik,mohitsharma993367@gmail.com,Salary,21641.27,659
7677,Sahil Singh,19,Aurangabad,sahilsingh90013@gmail.com,Savings,12985.68,841
7678,Mohit Verma,30,Solapur,mohitverma227214@gmail.com,Current,40615.62,695
7679,Simran Sharma,67,Kolhapur,simransharma471123@gmail.com,Current,6699.81,602
7680,Sneha Jadhav,58,Solapur,snehajadhav636088@gmail.com,Current,3385.65,721
7681,Akash Pawar,27,Kolhapur,akashpawar494412@gmail.com,Salary,45583.59,798
7682,Kavya Shaikh,50,Nagpur,kavyashaikh909532@gmail.com,Salary,19124.47,846
7683,Akash Sharma,58,Nagpur,akashsharma505165@gmail.com,Current,18086.48,835
7684,Vijay Khan,64,Nashik,vijaykhan178952@gmail.com,Salary,16659.51,815
7685,Vijay Shaikh,59,Mumbai,vijayshaikh230119@gmail.com,Savings,34378.87,780
7686,Rahul Jadhav,57,Kolhapur,rahuljadhav870799@gmail.com,Savings,44302.99,767
7687,Amit Patil,68,Solapur,amitpatil430820@gmail.com,Current,5071.75,780
7688,Pooja Jadhav,33,Solapur,poojajadhav630125@gmail.com,Current,27450.29,732
7689,Sneha Khan,21,Ahmednagar,snehakhan149744@gmail.com,Current,32342.12,661
7690,Rohan Sharma,37,Aurangabad,rohansharma833315@gmail.com,,10149.47,576
7691,Riya Jadhav,47,Nagpur,riyajadhav611048@gmail.com,Salary,33403.93,635
7692,Rahul Verma,29,Ahmednagar,rahulverma860407@gmail.com,Salary,43246.2,759
7693,Akash Gupta,63,Nagpur,akashgupta804871@gmail.com,Current,48923.16,848
7694,Vijay Joshi,35,Nashik,vijayjoshi190819@gmail.com,Savings,41672.54,756
7695,Akash Singh,31,Satara,akashsingh653584@gmail.com,Current,42101.08,712
7696,Ananya Sharma,69,,ananyasharma691791@gmail.com,Current,9111.71,650
7697,Rahul Pawar,63,Kolhapur,rahulpawar535717@gmail.com,Savings,38951.88,644
7698,Riya Sharma,68,Mumbai,riyasharma277470@gmail.com,Current,6998.62,752
7699,Pooja Sharma,24,Aurangabad,poojasharma175968@gmail.com,Salary,49694.5,757
7700,Vijay Khan,250,Nashik,vijaykhan759464@gmail.com,Salary,14960.87,695
7701,Vijay Gupta,40,Mumbai,vijaygupta718994@gmail.com,Current,10467.31,813
7702,Sneha Joshi,58,Satara,snehajoshi359416@gmail.com,Savings,18326.39,603
7703,Sneha Shaikh,58,Pune,snehashaikh967256@gmail.com,Salary,17161.58,764
7704,Isha Patil,24,Mumbai,ishapatil475597@gmail.com,Salary,40609.2,723
7705,Kavya Sharma,34,Ahmednagar,kavyasharma625610@gmail.com,Current,7469.61,559
7706,Mohit Verma,57,Nagpur,mohitverma619384@gmail.com,Savings,22542.16,601
7707,Kavya Gupta,67,Kolhapur,kavyagupta72287@gmail.com,Current,34761.29,
7708,Karan Verma,70,Nagpur,karanverma241077@gmail.com,Savings,24039.05,651
7709,Sneha Pawar,34,Kolhapur,snehapawar396683@gmail.com,Current,13945.57,571
7710,Aditya Sharma,51,Pune,adityasharma404286@gmail.com,Salary,47774.54,846
7711,Neha Gupta,48,Ahmednagar,nehagupta138735@gmail.com,Savings,6317.43,605
7712,Aditya Jadhav,56,Kolhapur,adityajadhav113944@gmail.com,Salary,23693.1,752
7713,Karan Verma,54,Mumbai,karanverma17467@gmail.com,Salary,16104.04,688
7714,Karan Khan,55,Satara,karankhan212277@gmail.com,Salary,32128.03,836
7715,Kavya Singh,47,Aurangabad,kavyasingh548202@gmail.com,Current,31453.22,705
7716,Riya Singh,70,Mumbai,riyasingh901447@gmail.com,Savings,20110.15,770
7717,Ayesha Shaikh,22,Ahmednagar,ayeshashaikh953611@gmail.com,Current,40170.76,804
7718,Mohit Shaikh,70,Solapur,mohitshaikh528959@gmail.com,Current,19090.98,637
7719,Sneha Singh,31,Mumbai,snehasingh717711@gmail.com,Salary,28661.04,635
7720,Priya Sharma,59,Nagpur,priyasharma440286@gmail.com,Salary,46620.22,737
7721,Priya Pawar,34,Nashik,priyapawar866762@gmail.com,Salary,41517.49,598
7722,Pooja Jadhav,29,Aurangabad,poojajadhav156926@gmail.com,Current,34858.82,686
7723,Riya Patil,36,Mumbai,riyapatil635024@gmail.com,Savings,31963.81,801
7724,Simran Singh,31,Mumbai,simransingh101076@gmail.com,Current,18087.97,703
7725,Akash Singh,23,Ahmednagar,akashsingh186140@gmail.com,Savings,33078.25,615
7726,Kavya Shaikh,70,Kolhapur,kavyashaikh499085@gmail.com,Salary,38454.27,755
7727,Isha Gupta,48,Pune,ishagupta945504@gmail.com,Savings,44487.74,787
7728,Rohan Shaikh,58,Solapur,rohanshaikh644710@gmail.com,Current,9394.13,734
7729,Isha Gupta,39,Nagpur,ishagupta629050@gmail.com,Salary,18326.67,658
7730,Pooja Jadhav,52,Nagpur,poojajadhav41032@gmail.com,Savings,14834.05,663
7731,Arjun Jadhav,55,Nagpur,arjunjadhav920490@gmail.com,Savings,9029.66,809
7732,Riya Shaikh,48,Solapur,riyashaikh822045@gmail.com,Savings,30128.27,721
7733,Karan Khan,36,Solapur,karankhan557344@gmail.com,Savings,14046.21,832
7734,Isha Joshi,66,Pune,ishajoshi527878@gmail.com,Savings,16772.6,808
7735,Aditya Shaikh,43,Ahmednagar,adityashaikh789030@gmail.com,Salary,44546.01,635
7736,Mohit Singh,43,Aurangabad,mohitsingh123324@gmail.com,Savings,23305.85,
7737,Amit Gupta,57,Mumbai,amitgupta97816@gmail.com,Current,29882.23,841
7738,Pooja Shaikh,30,Nashik,poojashaikh505766@gmail.com,Salary,26737.06,553
7739,Pooja Gupta,28,Pune,poojagupta691523@gmail.com,Salary,27606.45,600
7740,Sahil Joshi,66,Nagpur,sahiljoshi136759@gmail.com,Current,37302.63,748
7741,Simran Gupta,30,Satara,simrangupta945899@gmail.com,Salary,5412.17,636
7742,Simran Verma,21,Nagpur,simranverma632889@gmail.com,Salary,44740.93,783
7743,Akash Joshi,49,Solapur,akashjoshi565582@gmail.com,Current,3072.27,626
7744,Vijay Sharma,59,Aurangabad,vijaysharma867819@gmail.com,Savings,41948.83,618
7745,Kavya Verma,20,Pune,kavyaverma1358@gmail.com,Salary,8643.84,
7746,Arjun Gupta,65,Solapur,arjungupta940640@gmail.com,Salary,34631.25,698
7747,Simran Pawar,21,Aurangabad,simranpawar983386@gmail.com,Salary,9372.97,829
7748,Sneha Jadhav,28,Mumbai,snehajadhav812610@gmail.com,Salary,26972.11,560
7749,Mohit Joshi,24,Nashik,mohitjoshi711621@gmail.com,Current,32317.71,751
7750,Neha Jadhav,36,Thane,nehajadhav680868@gmail.com,Current,4885.84,702
7751,Ananya Khan,67,Mumbai,ananyakhan452557@gmail.com,Current,27370.11,589
7752,Sahil Jadhav,49,Nashik,sahiljadhav547503@gmail.com,Current,47443.34,639
7753,Simran Gupta,42,Solapur,simrangupta441219@gmail.com,Salary,5228.9,650
7754,Vijay Verma,65,Thane,vijayverma388468@gmail.com,Savings,6668.28,612
7755,Akash Pawar,53,Aurangabad,akashpawar917419@gmail.com,Salary,6734.66,599
7756,Priya Singh,66,Solapur,priyasingh45648@gmail.com,Savings,17203.65,585
7757,Sahil Patil,48,Nashik,sahilpatil731631@gmail.com,Savings,14571.99,835
7758,Priya Verma,51,Ahmednagar,priyaverma555652@gmail.com,Current,32731.15,837
7759,Neha Gupta,25,Thane,nehagupta449893@gmail.com,Current,28059.21,819
7760,Rahul Patil,46,Satara,rahulpatil240733@gmail.com,Salary,29220.73,577
7761,Aditya Gupta,18,Ahmednagar,adityagupta984106@gmail.com,Salary,47264.18,774
7762,Vijay Jadhav,40,Ahmednagar,vijayjadhav841372@gmail.com,Savings,34972.58,555
7763,Simran Khan,58,Satara,simrankhan505643@gmail.com,Savings,43739.07,808
7764,Sahil Khan,62,Aurangabad,sahilkhan828009@gmail.com,Savings,6811.11,714
7765,Rohan Sharma,24,Mumbai,rohansharma806110@gmail.com,Savings,44074.7,552
7766,Isha Singh,30,Thane,ishasingh399855@gmail.com,Savings,37479.63,599
7767,Amit Gupta,29,Aurangabad,amitgupta367644@gmail.com,Current,2723.06,618
7768,Riya Khan,35,Nashik,riyakhan617761@gmail.com,Current,48173.23,660
7769,Priya Patil,20,Aurangabad,priyapatil843806@gmail.com,Salary,16562.75,641
7770,Ayesha Jadhav,39,,ayeshajadhav777507@gmail.com,Salary,5320.05,775
7771,Aditya Patil,19,Ahmednagar,adityapatil952059@gmail.com,Salary,21967.44,593
7772,,28,Nashik,,Current,17255.75,660
7773,Riya Pawar,60,Nagpur,riyapawar798631@gmail.com,Savings,38409.24,788
7774,Priya Gupta,53,Thane,priyagupta877957@gmail.com,Current,1337.17,653
7775,Ananya Shaikh,26,Aurangabad,ananyashaikh730650@gmail.com,Salary,43371.16,658
7776,Simran Gupta,39,Nashik,simrangupta604206@gmail.com,Current,37287.32,734
7777,Riya Singh,38,Nagpur,riyasingh102563@gmail.com,Salary,,844
7778,Simran Verma,28,Kolhapur,simranverma446257@gmail.com,Savings,13978.94,586
7779,Riya Shaikh,58,Nashik,riyashaikh140486@gmail.com,Savings,45425.84,785
7780,Kavya Gupta,22,Satara,kavyagupta266981@gmail.com,Salary,18443.49,551
7781,Pooja Khan,69,Ahmednagar,poojakhan500418@gmail.com,Savings,19353.72,678
7782,Rahul Pawar,32,Mumbai,rahulpawar803161@gmail.com,Salary,48509.79,741
7783,Kavya Sharma,31,Pune,kavyasharma243907@gmail.com,Savings,27107.7,773
7784,Sneha Verma,38,Thane,snehaverma954393@gmail.com,Salary,,618
7785,Pooja Sharma,58,Nagpur,poojasharma900882@gmail.com,Savings,33145.12,595
7786,Karan Pawar,43,Mumbai,karanpawar87989@gmail.com,Salary,44792.53,780
7787,Pooja Shaikh,50,Mumbai,poojashaikh297126@gmail.com,Savings,11690.69,577
7788,Ananya Pawar,24,Kolhapur,ananyapawar627454@gmail.com,Savings,48317.1,676
7789,Pooja Shaikh,31,Solapur,poojashaikh919456@gmail.com,Salary,41721.73,829
7790,Vijay Joshi,59,Satara,vijayjoshi570243@gmail.com,Salary,3360.08,100
7791,Simran Singh,43,Pune,simransingh428597@gmail.com,Current,34849.75,563
7792,Kavya Jadhav,44,Pune,kavyajadhav270428@gmail.com,Current,6763.87,696
7793,Arjun Sharma,36,Pune,arjunsharma198302@gmail.com,Salary,22867.07,614
7794,Ayesha Jadhav,45,Nashik,ayeshajadhav5835@gmail.com,Salary,,676
7795,Pooja Verma,35,Nashik,poojaverma743696@gmail.com,Current,27109.73,716
7796,Aditya Patil,54,Thane,adityapatil779869@gmail.com,Salary,27086.24,656
7797,Pooja Verma,39,Nagpur,poojaverma827869@gmail.com,Current,20853.86,766
7798,Riya Patil,52,Nashik,riyapatil7559@gmail.com,Salary,23287.27,775
7799,Amit Singh,66,Ahmednagar,amitsingh606163@gmail.com,Savings,38154.13,661
7800,Karan Shaikh,57,Solapur,karanshaikh548023@gmail.com,Salary,3933.32,844
7801,Rahul Gupta,46,Kolhapur,rahulgupta123652@gmail.com,Salary,3217.74,710
7802,Vijay Patil,34,Aurangabad,vijaypatil545109@gmail.com,Salary,18504.05,824
7803,Amit Singh,61,Pune,amitsingh7643@gmail.com,Current,-49969.84,631
7804,Amit Patil,19,Solapur,amitpatil393347@gmail.com,Savings,1651.94,704
7805,Sneha Pawar,64,Thane,snehapawar686441@gmail.com,Savings,48542.41,635
7806,Aditya Pawar,56,Pune,adityapawar215497@gmail.com,Savings,41554.21,842
7807,Isha Verma,22,Aurangabad,ishaverma721275@gmail.com,Savings,9221.45,761
7808,Karan Khan,59,Nagpur,karankhan843456@gmail.com,,16554.2,726
7809,Amit Sharma,63,Satara,amitsharma331346@gmail.com,Savings,2421.2,614
7810,Sahil Khan,44,Nashik,sahilkhan428805@gmail.com,Current,35344.16,610
7811,Ananya Joshi,55,Ahmednagar,ananyajoshi379967@gmail.com,Salary,48439.23,630
7812,Aditya Khan,47,Thane,adityakhan111860@gmail.com,Savings,23186.56,778
7813,Mohit Joshi,52,Nagpur,mohitjoshi162397@gmail.com,Current,12644.54,847
7814,Ananya Pawar,19,Pune,ananyapawar446868@gmail.com,Current,20129.01,729
7815,Ayesha Patil,38,Pune,ayeshapatil683326@gmail.com,Salary,6888.59,753
7816,Isha Shaikh,50,Mumbai,ishashaikh613905@gmail.com,Salary,19703.24,587
7817,Mohit Gupta,69,Mumbai,mohitgupta266053@gmail.com,Current,15662.21,725
7818,Riya Shaikh,33,Pune,riyashaikh274095@gmail.com,Current,,793
7819,Vijay Gupta,27,Solapur,vijaygupta896608@gmail.com,Savings,28985.4,807
7820,Ayesha Shaikh,61,Nashik,ayeshashaikh562246@gmail.com,Current,34350.71,777
7821,Riya Joshi,22,Solapur,riyajoshi444236@gmail.com,Salary,14795.8,638
7822,Vijay Khan,65,Ahmednagar,vijaykhan592199@gmail.com,,,758
7823,Priya Verma,44,Solapur,priyaverma383505@gmail.com,Savings,28061.95,593
7824,Aditya Pawar,39,Solapur,adityapawar641703@gmail.com,Salary,32507.1,807
7825,Vijay Jadhav,31,Nagpur,vijayjadhav289046@gmail.com,Current,39250.22,662
7826,Vijay Patil,42,Ahmednagar,vijaypatil713766@gmail.com,Current,3566.29,684
7827,Rohan Jadhav,58,Ahmednagar,rohanjadhav416860@gmail.com,Current,17581.3,791
7828,Karan Khan,42,Aurangabad,karankhan791745@gmail.com,Current,43207.59,772
7829,Kavya Verma,62,Kolhapur,kavyaverma213688@gmail.com,Salary,28350.88,
7830,Karan Jadhav,60,Nagpur,karanjadhav433401@gmail.com,Salary,42267.89,758
7831,Rohan Jadhav,35,Satara,rohanjadhav579023@gmail.com,Salary,14409.44,718
7832,Karan Sharma,69,,karansharma821961@gmail.com,Salary,2427.39,603
7833,Arjun Joshi,46,Ahmednagar,arjunjoshi584746@gmail.com,Current,7986.57,833
7834,Aditya Khan,28,Ahmednagar,adityakhan506004@gmail.com,Savings,35344.12,825
7835,Riya Gupta,53,Solapur,riyagupta187501@gmail.com,Current,6810.56,826
7836,Arjun Patil,45,Ahmednagar,arjunpatil388296@gmail.com,Savings,-7139.12,764
7837,Vijay Khan,56,Satara,vijaykhan586352@gmail.com,Salary,25060.21,676
7838,Kavya Patil,22,Kolhapur,kavyapatil581966@gmail.com,Current,3320.39,849
7839,Amit Verma,28,Kolhapur,amitverma507359@gmail.com,Salary,7250.25,556
7840,Sahil Pawar,24,Nashik,sahilpawar266205@gmail.com,Salary,15813.43,697
7841,Vijay Shaikh,44,Nashik,vijayshaikh321649@gmail.com,Savings,4343.56,646
7842,Neha Gupta,62,Aurangabad,nehagupta605811@gmail.com,Salary,7097.44,816
7843,Mohit Shaikh,,Nagpur,mohitshaikh361183@gmail.com,Current,13309.97,816
7844,Priya Joshi,40,Nagpur,priyajoshi811901@gmail.com,Salary,11354.9,643
7845,Mohit Khan,19,Aurangabad,mohitkhan739864@gmail.com,Current,10332.71,769
7846,Kavya Gupta,56,Nashik,kavyagupta417569@gmail.com,Savings,39605.72,727
7847,Sneha Patil,31,Satara,snehapatil771623@gmail.com,Savings,3549.53,650
7848,Simran Verma,48,Solapur,simranverma144875@gmail.com,Current,19611.69,741
7849,Riya Jadhav,33,Pune,riyajadhav896631@gmail.com,Current,23923.58,702
7850,Riya Sharma,43,Nagpur,riyasharma905891@gmail.com,Current,34917.59,742
7851,Ayesha Jadhav,59,Pune,ayeshajadhav691408@gmail.com,Current,49133.82,658
7852,Pooja Singh,49,Nashik,poojasingh124970@gmail.com,Savings,45535.36,598
7853,Ananya Jadhav,,Solapur,ananyajadhav784240@gmail.com,Salary,25382.11,589
7854,Vijay Sharma,33,Kolhapur,vijaysharma241032@gmail.com,Current,6260.02,694
7855,Karan Gupta,46,Aurangabad,karangupta468388@gmail.com,Salary,29354.26,607
7856,Riya Gupta,,Nashik,riyagupta821249@gmail.com,Savings,1442.63,773
7857,Isha Patil,65,Nagpur,ishapatil733381@gmail.com,Savings,4075.28,603
7858,Arjun Gupta,41,Kolhapur,arjungupta995455@gmail.com,Savings,1036.45,
7859,Pooja Patil,46,Kolhapur,poojapatil169754@gmail.com,Salary,47216.61,675
7860,,69,Satara,,Salary,1707.33,710
7861,Karan Singh,67,Satara,karansingh105249@gmail.com,Salary,25267.29,628
7862,Simran Verma,30,Thane,simranverma224975@gmail.com,Savings,39506.95,622
7863,Ananya Singh,57,Kolhapur,ananyasingh533136@gmail.com,Salary,34267.81,585
7864,Arjun Patil,69,Mumbai,arjunpatil420118@gmail.com,Salary,10160.55,635
7865,Arjun Gupta,57,Kolhapur,arjungupta824365@gmail.com,Current,993.94,594
7866,Priya Joshi,67,Kolhapur,priyajoshi354977@gmail.com,Savings,,609
7867,Vijay Sharma,55,Kolhapur,vijaysharma839856@gmail.com,Current,30014.76,579
7868,Rahul Joshi,70,Nagpur,rahuljoshi577421@gmail.com,Current,33739.16,729
7869,Isha Gupta,64,Nagpur,ishagupta643952@gmail.com,Current,,793
7870,Ayesha Jadhav,36,Kolhapur,ayeshajadhav731017@gmail.com,Salary,19508.56,580
7871,,19,Solapur,,Salary,32080.52,652
7872,Pooja Gupta,69,Kolhapur,poojagupta717917@gmail.com,Current,41498.71,695
7873,Karan Verma,47,Nashik,karanverma741222@gmail.com,Current,30004.57,797
7874,Priya Singh,29,Aurangabad,priyasingh54681@gmail.com,Salary,40400.98,558
7875,Kavya Gupta,48,Pune,kavyagupta168646@gmail.com,Current,48032.22,799
7876,Pooja Shaikh,46,Solapur,poojashaikh408104@gmail.com,Current,9938.85,750
7877,Vijay Khan,30,Thane,vijaykhan666864@gmail.com,Current,30374.07,697
7878,Sneha Sharma,34,Satara,snehasharma5647@gmail.com,Salary,18995.32,809
7879,Sneha Khan,67,Ahmednagar,snehakhan843542@gmail.com,Savings,18243.7,794
7880,Vijay Verma,,Pune,vijayverma95613@gmail.com,Current,15837.12,653
7881,Sneha Gupta,64,Solapur,snehagupta863345@gmail.com,Salary,41652.16,563
7882,Sahil Patil,29,Thane,sahilpatil152487@gmail.com,Current,1588.31,583
7883,Priya Sharma,56,Aurangabad,priyasharma494680@gmail.com,,20150.72,565
7884,Riya Jadhav,32,Kolhapur,riyajadhav970936@gmail.com,Savings,22286.91,761
7885,Isha Jadhav,51,Nagpur,ishajadhav629502@gmail.com,Savings,5568.42,754
7886,Isha Shaikh,48,Satara,ishashaikh456626@gmail.com,Savings,45160.26,704
7887,Amit Jadhav,63,Pune,amitjadhav92522@gmail.com,Current,17768.63,590
7888,Neha Gupta,27,Nagpur,nehagupta67293@gmail.com,Current,22138.39,691
7889,Riya Patil,31,Aurangabad,riyapatil275971@gmail.com,Current,23368.83,775
7890,Sneha Verma,25,Mumbai,snehaverma232642@gmail.com,Current,4011.07,578
7891,Kavya Jadhav,40,Satara,kavyajadhav388948@gmail.com,Current,23533.71,710
7892,Akash Shaikh,22,Solapur,akashshaikh84027@gmail.com,Savings,41729.19,
7893,Akash Sharma,19,Mumbai,akashsharma638713@gmail.com,Salary,19379.35,562
7894,Neha Gupta,62,Thane,nehagupta39689@gmail.com,Salary,38635.9,739
7895,Sneha Pawar,49,Mumbai,snehapawar759787@gmail.com,Current,39316.48,786
7896,Sneha Verma,45,Nashik,snehaverma403095@gmail.com,Savings,7745.32,593
7897,Karan Pawar,64,Nagpur,karanpawar975993@gmail.com,Savings,8026.25,586
7898,Riya Joshi,56,Kolhapur,riyajoshi420206@gmail.com,Current,1509.86,696
7899,Vijay Joshi,70,Nashik,vijayjoshi643889@gmail.com,Current,24629.17,746
7900,Kavya Sharma,18,Mumbai,kavyasharma688149@gmail.com,Salary,3748.43,726
7901,Pooja Singh,46,Thane,poojasingh546413@gmail.com,Current,3349.1,840
7902,Aditya Verma,29,Satara,adityaverma300484@gmail.com,Savings,18914.52,789
7903,,47,Kolhapur,,Savings,45731.61,847
7904,Isha Khan,49,Mumbai,ishakhan746272@gmail.com,Savings,15559.69,614
7905,Isha Joshi,25,Pune,ishajoshi626595@gmail.com,Salary,37364.42,730
7906,Neha Verma,47,Nashik,nehaverma60354@gmail.com,Salary,42572.14,832
7907,Isha Sharma,41,Solapur,ishasharma991754@gmail.com,Current,35803.03,618
7908,Isha Joshi,24,Mumbai,ishajoshi811287@gmail.com,Savings,22301.41,761
7909,Neha Patil,63,Nashik,nehapatil860172@gmail.com,Savings,18098.37,650
7910,Akash Verma,61,Nashik,akashverma183885@gmail.com,Salary,13105.6,599
7911,Vijay Sharma,70,Thane,vijaysharma671494@gmail.com,Savings,3189.38,617
7912,Riya Gupta,61,Aurangabad,riyagupta518482@gmail.com,Savings,44203.4,657
7913,Sahil Jadhav,67,Thane,sahiljadhav460395@gmail.com,Current,35166.52,737
7914,Akash Sharma,22,Solapur,akashsharma11330@gmail.com,Salary,33114.17,819
7915,Simran Gupta,37,Satara,simrangupta211605@gmail.com,Current,13353.45,654
7916,Arjun Joshi,53,Ahmednagar,arjunjoshi891984@gmail.com,Current,20636.65,551
7917,Arjun Khan,58,Kolhapur,arjunkhan688893@gmail.com,Current,14271.47,560
7918,Akash Shaikh,26,Solapur,akashshaikh976070@gmail.com,Savings,14062.14,621
7919,Sneha Sharma,31,Mumbai,snehasharma843060@gmail.com,Savings,15607.81,616
7920,Kavya Sharma,65,Aurangabad,kavyasharma543423@gmail.com,Savings,15512.35,590
7921,Simran Jadhav,34,Pune,simranjadhav299999@gmail.com,Current,18708.07,794
7922,Rohan Pawar,22,Nashik,rohanpawar204306@gmail.com,Savings,10979.65,678
7923,Rohan Verma,45,Aurangabad,rohanverma35341@gmail.com,Current,6616.71,806
7924,Kavya Sharma,26,Nagpur,kavyasharma822141@gmail.com,Salary,3999.41,622
7925,Karan Joshi,25,Aurangabad,karanjoshi628736@gmail.com,Salary,2283.81,589
7926,Simran Verma,42,Aurangabad,simranverma535448@gmail.com,Savings,17872.94,565
7927,Sahil Shaikh,24,Aurangabad,sahilshaikh540969@gmail.com,Current,24847.37,817
7928,,26,Ahmednagar,,Current,45878.51,799
7929,Ayesha Patil,61,Aurangabad,ayeshapatil732477@gmail.com,Current,6467.52,631
7930,Simran Joshi,54,Satara,simranjoshi243024@gmail.com,Savings,35825.47,640
7931,Rohan Shaikh,67,Thane,rohanshaikh645173@gmail.com,Current,6563.52,
7932,,46,Pune,,Current,38213.38,711
7933,Aditya Gupta,21,Satara,adityagupta177815@gmail.com,Current,22732.39,657
7934,Rahul Verma,46,Satara,rahulverma706865@gmail.com,Savings,25470.06,664
7935,Sneha Verma,62,Thane,snehaverma37912@gmail.com,Salary,28033.15,705
7936,Ananya Gupta,66,Kolhapur,ananyagupta377314@gmail.com,Salary,48126.58,814
7937,Mohit Gupta,51,Aurangabad,mohitgupta250978@gmail.com,Salary,27020.31,742
7938,Pooja Gupta,63,Satara,poojagupta686937@gmail.com,Current,25592.53,697
7939,Sneha Joshi,27,Aurangabad,snehajoshi401@gmail.com,Salary,14886.54,738
7940,Riya Gupta,48,Ahmednagar,riyagupta165192@gmail.com,Current,10859.53,768
7941,Rahul Gupta,18,Thane,rahulgupta91161@gmail.com,Salary,49759.4,553
7942,Mohit Khan,66,Nashik,mohitkhan289440@gmail.com,Current,14356.62,
7943,,70,Ahmednagar,,Savings,21833.23,698
7944,Arjun Sharma,57,Pune,arjunsharma817646@gmail.com,Current,45388.99,729
7945,Karan Patil,52,Kolhapur,karanpatil418936@gmail.com,Savings,47718.51,758
7946,Isha Gupta,52,Nagpur,ishagupta370381@gmail.com,Current,24634.29,721
7947,Pooja Joshi,66,Mumbai,poojajoshi702291@gmail.com,Salary,27256.82,732
7948,Sneha Khan,20,Nagpur,snehakhan414437@gmail.com,Savings,35205.71,658
7949,Simran Pawar,22,Satara,simranpawar425246@gmail.com,Current,20411.49,703
7950,Sahil Joshi,26,Nagpur,sahiljoshi614649@gmail.com,Salary,10790.16,661
7951,Aditya Pawar,68,Kolhapur,adityapawar210140@gmail.com,Current,43465.11,769
7952,Akash Jadhav,64,Aurangabad,akashjadhav542992@gmail.com,Current,4108.4,676
7953,Kavya Pawar,56,Solapur,kavyapawar16212@gmail.com,Current Account,,631
7954,Sneha Pawar,33,Mumbai,snehapawar772822@gmail.com,Savings,16186.88,775
7955,Ayesha Sharma,31,Mumbai,ayeshasharma737901@gmail.com,Current,17836.36,702
7956,Rohan Verma,19,Solapur,rohanverma72050@gmail.com,Current,44644.21,579
7957,Riya Sharma,28,Pune,riyasharma963927@gmail.com,Savings,20968.65,655
7958,Riya Pawar,19,Nagpur,riyapawar94645@gmail.com,Current,26069.83,806
7959,Simran Gupta,23,Satara,simrangupta576389@gmail.com,,7649.46,785
7960,Mohit Singh,48,Nashik,mohitsingh298413@gmail.com,Savings,13255.68,611
7961,Sneha Sharma,18,Aurangabad,snehasharma761511@gmail.com,Salary,37993.96,798
7962,Vijay Pawar,21,Pune,vijaypawar870171@gmail.com,Savings,23850.65,551
7963,Riya Verma,31,Ahmednagar,riyaverma586373@gmail.com,Savings,38212.79,850
7964,,66,Aurangabad,,Current,44900.37,753
7965,Rahul Patil,25,Solapur,rahulpatil959556@gmail.com,Savings,17328.27,792
7966,Neha Shaikh,51,Aurangabad,nehashaikh611348@gmail.com,Savings,37707.4,560
7967,Karan Khan,59,Kolhapur,karankhan365104@gmail.com,Savings,23585.08,740
7968,Mohit Verma,67,Satara,mohitverma364454@gmail.com,Savings,7927.26,579
7969,Arjun Gupta,47,Thane,arjungupta855229@gmail.com,Current,46076.52,676
7970,Priya Khan,54,Thane,priyakhan290039@gmail.com,Current,31840.36,621
7971,Isha Pawar,21,Kolhapur,ishapawar237388@gmail.com,SAVINGS,31797.33,803
7972,Aditya Jadhav,64,Ahmednagar,adityajadhav635918@gmail.com,,29400.4,566
7973,Neha Khan,68,Ahmednagar,nehakhan204074@gmail.com,Current,36364.89,763
7974,Kavya Khan,33,Kolhapur,kavyakhan476949@gmail.com,Current,17662.23,819
7975,Simran Joshi,32,Pune,simranjoshi974975@gmail.com,Savings,40486.85,573
7976,Mohit Pawar,25,Ahmednagar,mohitpawar423679@gmail.com,Current,43076.05,716
7977,Rohan Verma,18,Solapur,rohanverma602933@gmail.com,Salary,43899.02,728
7978,Mohit Jadhav,56,Solapur,mohitjadhav4977@gmail.com,Current,29886.8,575
7979,Priya Shaikh,32,Thane,priyashaikh273891@gmail.com,Current,42039.95,583
7980,Sneha Patil,38,Satara,snehapatil183637@gmail.com,Savings,535.48,605
7981,Aditya Joshi,21,Pune,adityajoshi427011@gmail.com,Savings,30590.69,748
7982,Mohit Joshi,53,Kolhapur,mohitjoshi530929@gmail.com,Salary,960.85,723
7983,Akash Gupta,19,Ahmednagar,akashgupta111736@gmail.com,Savings,11951.53,689
7984,Neha Patil,53,Solapur,nehapatil585866@gmail.com,Salary,28172.88,679
7985,Ananya Jadhav,34,Aurangabad,ananyajadhav76002@gmail.com,Savings,44879.55,570
7986,Sahil Shaikh,32,Solapur,sahilshaikh527711@gmail.com,Savings,12989.19,591
7987,Riya Verma,45,Satara,riyaverma308645@gmail.com,Salary,36268.56,571
7988,Vijay Sharma,23,Ahmednagar,vijaysharma356580@gmail.com,Salary,46959.05,634
7989,Sneha Singh,29,Nagpur,snehasingh993117@gmail.com,Current,19775.16,669
7990,Riya Gupta,67,Solapur,riyagupta122792@gmail.com,Current,17091.93,571
7991,Rahul Joshi,18,Ahmednagar,rahuljoshi842045@gmail.com,Current,36951.16,671
7992,Ananya Patil,18,Nashik,ananyapatil538320@gmail.com,Salary,48484.94,691
7993,Ayesha Shaikh,67,Satara,ayeshashaikh270311@gmail.com,,24963.02,625
7994,Ananya Joshi,34,Kolhapur,ananyajoshi918771@gmail.com,Current,35053.79,754
7995,Karan Verma,40,Thane,karanverma564132@gmail.com,Savings,14663.4,798
7996,Riya Sharma,69,Satara,riyasharma852746@gmail.com,Salary,49626.94,639
7997,Ayesha Sharma,29,Nagpur,ayeshasharma832028@gmail.com,Savings,29518.07,625
7998,Arjun Joshi,48,Thane,arjunjoshi602919@gmail.com,Savings,-16576.74,667
7999,Sneha Verma,21,Nagpur,snehaverma262392@gmail.com,Salary,25418.65,736
8000,Arjun Joshi,66,Thane,arjunjoshi728012@gmail.com,Salary,40193.94,629
8001,Priya Singh,,Satara,priyasingh464376@gmail.com,Savings,37849.12,613
8002,Riya Shaikh,66,Ahmednagar,riyashaikh395497@gmail.com,Salary,43206.29,699
8003,Sahil Gupta,50,Solapur,sahilgupta590625@gmail.com,Salary,,690
8004,Amit Pawar,26,Satara,amitpawar507222@gmail.com,Savings,1475.65,686
8005,Pooja Singh,59,Solapur,poojasingh807469@gmail.com,Current,36387.08,595
8006,Mohit Patil,69,Ahmednagar,mohitpatil255190@gmail.com,Current,29963.28,658
8007,Aditya Shaikh,51,Satara,adityashaikh794368@gmail.com,Salary,27292.15,563
8008,Ananya Pawar,36,Satara,ananyapawar356260@gmail.com,Salary,27467.11,710
8009,Sneha Patil,21,Pune,snehapatil813374@gmail.com,Salary,20907.43,620
8010,Arjun Singh,62,Pune,arjunsingh481237@gmail.com,Savings,11802.17,765
8011,Ananya Patil,31,Pune,ananyapatil714803@gmail.com,Salary,19048.36,566
8012,Neha Joshi,38,Nashik,nehajoshi483200@gmail.com,Current,8530.39,655
8013,Riya Patil,23,Nashik,riyapatil940173@gmail.com,Salary,24432.67,770
8014,Ananya Khan,69,Kolhapur,ananyakhan615432@gmail.com,Salary,1061.99,826
8015,Rahul Shaikh,53,Thane,rahulshaikh903996@gmail.com,Savings,41405.49,555
8016,Neha Singh,26,Satara,nehasingh28779@gmail.com,Current,40923.62,704
8017,Aditya Joshi,60,Solapur,adityajoshi505482@gmail.com,Salary,4885.63,589
8018,Neha Pawar,22,Ahmednagar,nehapawar122016@gmail.com,Current,21874.02,580
8019,Neha Verma,32,Solapur,nehaverma270443@gmail.com,Savings,9758.48,553
8020,Mohit Pawar,47,Kolhapur,mohitpawar70935@gmail.com,Savings,1935.31,803
8021,Neha Singh,39,Thane,nehasingh401361@gmail.com,Salary,49927.76,579
8022,Ayesha Jadhav,64,Kolhapur,ayeshajadhav664542@gmail.com,Current,37687.27,850
8023,Isha Shaikh,38,Nashik,ishashaikh827065@gmail.com,Salary,,714
8024,Arjun Jadhav,47,Nagpur,arjunjadhav231187@gmail.com,Savings,2898.93,648
8025,Isha Verma,38,Satara,ishaverma709894@gmail.com,Savings,36914.59,765
8026,Sahil Jadhav,45,Mumbai,sahiljadhav735336@gmail.com,Salary,33533.22,718
8027,Amit Singh,55,Nashik,amitsingh241199@gmail.com,Savings,29595.44,715
8028,Karan Patil,68,Aurangabad,karanpatil839130@gmail.com,Salary,13881.98,692
8029,Simran Khan,33,Aurangabad,simrankhan331167@gmail.com,Savings,6951.74,558
8030,Simran Pawar,52,Satara,simranpawar432559@gmail.com,Savings,43541.42,709
8031,Isha Verma,67,Pune,ishaverma370348@gmail.com,Savings,38769.75,706
8032,Ananya Singh,48,,ananyasingh541693@gmail.com,Current,9216.24,631
8033,Akash Gupta,69,Satara,akashgupta561771@gmail.com,Current,25404.55,711
8034,Aditya Patil,24,Mumbai,adityapatil10295@gmail.com,Current,31756.58,741
8035,Rahul Verma,61,Ahmednagar,rahulverma734961@gmail.com,Salary,33419.61,718
8036,Sneha Patil,30,Thane,snehapatil872700@gmail.com,Current,8423.39,812
8037,Ananya Pawar,41,Kolhapur,ananyapawar276242@gmail.com,Salary,30410.24,569
8038,Rohan Gupta,57,Thane,rohangupta260416@gmail.com,Salary,37241.69,551
8039,Karan Singh,44,Nashik,karansingh301344@gmail.com,Current,25807.62,779
8040,Simran Khan,27,Thane,simrankhan97627@gmail.com,Savings,851.04,554
8041,Kavya Singh,56,Satara,kavyasingh418409@gmail.com,Salary,21884.5,668
8042,Pooja Joshi,69,Pune,poojajoshi706523@gmail.com,,7731.63,743
8043,Riya Singh,23,Nagpur,riyasingh785261@gmail.com,Current,14292.55,701
8044,Aditya Verma,69,Pune,adityaverma861059@gmail.com,Savings,21023.48,636
8045,Neha Khan,58,Solapur,nehakhan358705@gmail.com,Savings,11817.59,
8046,Riya Gupta,,Ahmednagar,riyagupta79821@gmail.com,Salary,18938.82,690
8047,Vijay Joshi,53,Satara,vijayjoshi581589@gmail.com,Current,29134.8,560
8048,Sneha Patil,32,Thane,snehapatil976739@gmail.com,Savings,19908.24,806
8049,Amit Jadhav,51,Thane,amitjadhav187255@gmail.com,Current,47195.24,663
8050,Kavya Patil,69,Solapur,kavyapatil499804@gmail.com,Current,2123.56,687
8051,Akash Jadhav,27,Mumbai,akashjadhav329219@gmail.com,Savings,38404.52,694
8052,Neha Khan,32,Mumbai,nehakhan370811@gmail.com,Current,2240.35,780
8053,Sahil Sharma,36,Pune,sahilsharma229283@gmail.com,Salary,47229.1,605
8054,Riya Pawar,61,Nagpur,riyapawar937858@gmail.com,Current,27789.66,564
8055,Aditya Pawar,34,Kolhapur,adityapawar601681@gmail.com,Current,33592.39,691
8056,Priya Khan,27,Pune,priyakhan282246@gmail.com,Current,9807.85,840
8057,Sahil Jadhav,63,Satara,sahiljadhav191763@gmail.com,Savings,48486.28,821
8058,Ananya Patil,51,Satara,ananyapatil993225@gmail.com,Salary,31499.21,816
8059,Kavya Jadhav,,,kavyajadhav782501@gmail.com,Current,42897.74,693
8060,Sahil Khan,35,Kolhapur,sahilkhan716389@gmail.com,Current,40624.08,641
8061,Neha Gupta,52,Thane,nehagupta975543@gmail.com,Salary,49891.13,821
8062,Kavya Verma,29,Nashik,kavyaverma954228@gmail.com,Current,10787.07,783
8063,Pooja Patil,57,Pune,poojapatil199505@gmail.com,Savings,13228.78,612
8064,Rahul Patil,69,Nagpur,rahulpatil523338@gmail.com,Savings,43569.02,569
8065,Arjun Patil,24,Nashik,arjunpatil773018@gmail.com,Savings,19461.03,780
8066,Kavya Gupta,65,Pune,kavyagupta209465@gmail.com,Salary,6357.52,621
8067,Mohit Singh,43,Mumbai,mohitsingh246369@gmail.com,Savings,34001.98,799
8068,Sneha Gupta,23,Kolhapur,snehagupta771253@gmail.com,Current,47678.72,645
8069,Sahil Joshi,21,Satara,sahiljoshi253914@gmail.com,Current,45248.83,845
8070,Simran Joshi,45,Ahmednagar,simranjoshi915236@gmail.com,Current,3799.59,749
8071,Simran Khan,23,Nashik,simrankhan278397@gmail.com,Current,1703.62,818
8072,Mohit Shaikh,,Solapur,mohitshaikh216923@gmail.com,Savings,18917.7,609
8073,Ananya Patil,48,Aurangabad,ananyapatil240441@gmail.com,Salary,6780.08,680
8074,Amit Shaikh,52,Pune,amitshaikh212716@gmail.com,Salary,11398.85,816
8075,Sneha Singh,26,Nagpur,snehasingh875598@gmail.com,Savings,37558.52,827
8076,Sneha Singh,,Thane,snehasingh261924@gmail.com,Savings,27375.01,566
8077,Neha Verma,54,Kolhapur,nehaverma877060@gmail.com,Current,11803.37,569
8078,Sahil Singh,48,Aurangabad,sahilsingh648745@gmail.com,Current,20334.46,677
8079,Simran Pawar,20,Mumbai,simranpawar373421@gmail.com,Salary,28887.66,700
8080,Karan Gupta,70,Thane,karangupta163673@gmail.com,Salary,6759.85,766
8081,Mohit Pawar,43,Pune,mohitpawar816876@gmail.com,Current,31894.87,745
8082,Riya Shaikh,54,Ahmednagar,riyashaikh111971@gmail.com,Salary,25540.98,802
8083,Akash Gupta,68,Thane,akashgupta125801@gmail.com,Savings,4489.69,715
8084,Sahil Singh,38,Thane,sahilsingh964987@gmail.com,Salary,33971.01,713
8085,Ayesha Pawar,20,Nashik,ayeshapawar82400@gmail.com,Current,,564
8086,Simran Shaikh,19,Mumbai,simranshaikh708740@gmail.com,Savings,6533.39,719
8087,Sneha Patil,44,Ahmednagar,snehapatil695750@gmail.com,Savings,42700.01,584
8088,Neha Patil,60,Nashik,nehapatil516696@gmail.com,Savings,39009.48,732
8089,Sneha Khan,18,Pune,snehakhan643744@gmail.com,Salary,30406.01,560
8090,Rahul Singh,36,Thane,rahulsingh7045@gmail.com,Savings,43433.19,656
8091,Ananya Patil,37,Ahmednagar,ananyapatil801468@gmail.com,Salary,35332.44,622
8092,Isha Pawar,32,Ahmednagar,ishapawar898823@gmail.com,Salary,40945.74,776
8093,Ananya Sharma,27,Ahmednagar,ananyasharma567876@gmail.com,Savings,25004.77,670
8094,Riya Singh,49,Aurangabad,riyasingh44416@gmail.com,Current,4238.52,704
8095,Vijay Gupta,26,Thane,vijaygupta889303@gmail.com,Savings,3828.34,718
8096,Pooja Sharma,37,Thane,poojasharma505819@gmail.com,Current,26670.48,743
8097,Simran Verma,32,Mumbai,simranverma389327@gmail.com,Salary,37805.72,831
8098,Vijay Patil,21,Nashik,vijaypatil650917@gmail.com,Savings,29590.72,760
8099,Ananya Jadhav,68,Mumbai,ananyajadhav330838@gmail.com,Salary,25156.92,727
8100,Sahil Khan,27,Pune,sahilkhan516356@gmail.com,Current,8156.75,649
8101,Rohan Verma,18,Kolhapur,rohanverma941848@gmail.com,Savings,5292.43,646
8102,Ayesha Singh,62,Nashik,ayeshasingh923882@gmail.com,Salary,40367.98,781
8103,Pooja Verma,44,Mumbai,poojaverma940672@gmail.com,Current,26311.21,742
8104,Sahil Sharma,66,Mumbai,sahilsharma602527@gmail.com,Current,30109.43,574
8105,Simran Khan,19,Nashik,simrankhan911070@gmail.com,Current,654.52,813
8106,Isha Jadhav,25,Solapur,ishajadhav288178@gmail.com,Savings,10965.64,579
8107,Vijay Pawar,48,Nashik,vijaypawar514746@gmail.com,Current,30355.33,761
8108,Kavya Khan,65,Pune,kavyakhan191855@gmail.com,Savings,40274.31,562
8109,Simran Sharma,45,Ahmednagar,simransharma801487@gmail.com,Savings,11506.66,598
8110,Neha Gupta,26,Satara,nehagupta960602@gmail.com,Current,2576.54,563
8111,Arjun Jadhav,54,Kolhapur,arjunjadhav536062@gmail.com,Salary,13244.96,662
8112,Karan Khan,23,Nagpur,karankhan293980@gmail.com,Savings,17610.18,633
8113,Riya Gupta,32,Satara,riyagupta417306@gmail.com,Savings,15494.03,722
8114,Ayesha Verma,46,Nagpur,ayeshaverma232981@gmail.com,Savings,16514.43,560
8115,Riya Pawar,51,Satara,riyapawar786709@gmail.com,Salary,35351.24,778
8116,Simran Joshi,26,Satara,simranjoshi604777@gmail.com,Savings,33645.09,781
8117,Priya Jadhav,40,Aurangabad,priyajadhav134575@gmail.com,Salary,21034.54,557
8118,Kavya Patil,63,Aurangabad,kavyapatil56878@gmail.com,Current,48787.63,754
8119,Sneha Gupta,47,Aurangabad,snehagupta551373@gmail.com,Savings,18822.49,603
8120,Rahul Jadhav,47,Kolhapur,rahuljadhav838195@gmail.com,Savings,24500.02,647
8121,Vijay Sharma,56,Solapur,vijaysharma443832@gmail.com,Salary,37108.53,572
8122,Sahil Sharma,49,Pune,sahilsharma501654@gmail.com,Current,39229.3,592
8123,Kavya Verma,63,Ahmednagar,kavyaverma985399@gmail.com,Current,27919.56,804
8124,Rahul Singh,29,Satara,rahulsingh567136@gmail.com,Savings,10327.67,805
8125,Arjun Jadhav,24,,arjunjadhav34244@gmail.com,Savings,44827.5,672
8126,Rohan Jadhav,50,Satara,rohanjadhav526983@gmail.com,Current,33793.13,654
8127,Ayesha Shaikh,53,Mumbai,ayeshashaikh364258@gmail.com,Savings,49506.68,697
8128,Isha Khan,30,Aurangabad,ishakhan412942@gmail.com,Savings,47473.59,749
8129,Karan Jadhav,49,Nagpur,karanjadhav902294@gmail.com,Salary,49187.08,766
8130,Kavya Jadhav,56,Aurangabad,kavyajadhav719778@gmail.com,Savings,42312.26,670
8131,Akash Pawar,33,Nashik,akashpawar813694@gmail.com,Salary,38357.32,563
8132,Neha Joshi,22,Pune,nehajoshi183391@gmail.com,Salary,21676.83,613
8133,Rahul Verma,28,Mumbai,rahulverma479504@gmail.com,Savings,3583.38,840
8134,Sneha Gupta,,Nashik,snehagupta126315@gmail.com,Salary,15154.95,737
8135,Neha Patil,38,Ahmednagar,nehapatil732262@gmail.com,Current,21476.2,580
8136,Riya Gupta,47,Pune,riyagupta543477@gmail.com,Savings,20619.5,679
8137,Aditya Verma,32,Mumbai,adityaverma482518@gmail.com,Salary,29074.73,700
8138,Sahil Pawar,50,Solapur,sahilpawar331084@gmail.com,Salary,13045.87,
8139,Akash Patil,38,Aurangabad,akashpatil722789@gmail.com,Salary,13494.0,619
8140,Mohit Sharma,26,Mumbai,mohitsharma8927@gmail.com,Savings,24904.5,788
8141,Amit Verma,61,Thane,amitverma12494@gmail.com,Salary,9968.62,777
8142,Isha Verma,19,Solapur,ishaverma706948@gmail.com,Savings,24834.49,601
8143,Riya Sharma,43,Solapur,riyasharma221089@gmail.com,Savings,49406.79,832
8144,Sahil Khan,38,Satara,sahilkhan397959@gmail.com,Savings,16506.57,769
8145,Ananya Khan,54,Kolhapur,ananyakhan609331@gmail.com,Current,34801.41,
8146,Kavya Gupta,47,Thane,kavyagupta105741@gmail.com,Savings,8347.38,608
8147,Sneha Verma,49,Mumbai,snehaverma341344@gmail.com,Salary,32227.48,
8148,Vijay Shaikh,46,Solapur,vijayshaikh379267@gmail.com,Salary,20828.38,578
8149,Amit Pawar,28,Solapur,amitpawar642644@gmail.com,Savings,32033.22,762
8150,Rohan Jadhav,24,Nashik,rohanjadhav903806@gmail.com,Current,46466.28,753
8151,Neha Patil,35,Solapur,nehapatil272415@gmail.com,Salary,26367.02,781
8152,Ayesha Gupta,33,Pune,ayeshagupta196343@gmail.com,Current,12477.63,663
8153,Akash Sharma,18,Ahmednagar,akashsharma575310@gmail.com,Savings,5520.23,833
8154,Ayesha Verma,59,Aurangabad,ayeshaverma275717@gmail.com,Current,46153.31,604
8155,Ayesha Gupta,25,Mumbai,ayeshagupta248758@gmail.com,Current,22237.48,733
8156,Vijay Patil,24,Kolhapur,vijaypatil282595@gmail.com,Savings,33289.82,751
8157,Pooja Jadhav,61,Solapur,poojajadhav494341@gmail.com,Savings,47229.99,595
8158,Riya Singh,60,Solapur,riyasingh642965@gmail.com,Salary,49411.15,764
8159,Aditya Shaikh,58,Mumbai,adityashaikh359862@gmail.com,Salary,4488.67,817
8160,Rahul Singh,60,Nashik,rahulsingh383799@gmail.com,Salary,36998.44,710
8161,Pooja Singh,59,Satara,poojasingh192947@gmail.com,Current,1496.8,821
8162,Isha Joshi,68,Pune,ishajoshi523098@gmail.com,Current,6562.71,595
8163,Rohan Khan,47,Nashik,rohankhan444636@gmail.com,Savings,22381.84,736
8164,Akash Khan,36,Satara,akashkhan220859@gmail.com,Savings,39793.2,730
8165,Priya Jadhav,35,Kolhapur,priyajadhav439550@gmail.com,Salary,17452.18,697
8166,Neha Patil,30,Thane,nehapatil734850@gmail.com,Current,3048.15,797
8167,Rohan Gupta,43,Nashik,rohangupta788834@gmail.com,Current,2279.11,692
8168,Isha Khan,66,Pune,ishakhan390494@gmail.com,Current,2372.06,560
8169,Ayesha Sharma,27,Satara,ayeshasharma382912@gmail.com,Salary,8513.67,777
8170,Riya Verma,23,Mumbai,riyaverma895925@gmail.com,Savings,27507.49,832
8171,Rahul Pawar,35,Mumbai,rahulpawar420151@gmail.com,Current,18862.83,614
8172,Ayesha Patil,23,Nagpur,ayeshapatil293312@gmail.com,Salary,13048.05,794
8173,Karan Singh,33,Nagpur,karansingh472723@gmail.com,Current,22699.57,769
8174,Sahil Pawar,34,Nashik,sahilpawar188727@gmail.com,Salary,9851.84,637
8175,Aditya Gupta,23,Solapur,adityagupta599266@gmail.com,Savings,511.24,100
8176,Simran Shaikh,61,Kolhapur,simranshaikh137609@gmail.com,Savings,48212.88,648
8177,Akash Sharma,58,Solapur,akashsharma603967@gmail.com,Salary,6085.49,761
8178,Isha Verma,69,Kolhapur,ishaverma719435@gmail.com,Savings,20266.56,767
8179,Pooja Verma,22,Ahmednagar,poojaverma239769@gmail.com,Current,28091.97,813
8180,Rahul Patil,53,Satara,rahulpatil853840@gmail.com,Savings,14397.95,825
8181,Riya Gupta,61,Satara,riyagupta104821@gmail.com,Current,42118.02,752
8182,Karan Verma,39,Nashik,karanverma755929@gmail.com,Salary,40307.24,656
8183,Neha Patil,46,Satara,nehapatil283162@gmail.com,Salary,2986.14,578
8184,Pooja Khan,42,Mumbai,poojakhan843246@gmail.com,Salary,44032.52,573
8185,Aditya Verma,29,Mumbai,adityaverma247359@gmail.com,Current,7244.27,617
8186,Neha Singh,26,Satara,nehasingh582416@gmail.com,Savings,8961.6,550
8187,Amit Pawar,44,Nashik,amitpawar453314@gmail.com,Savings,32372.8,795
8188,Rahul Pawar,29,Thane,rahulpawar898004@gmail.com,Savings,5666.28,828
8189,Kavya Patil,24,Nashik,kavyapatil399485@gmail.com,Current,29584.91,657
8190,Aditya Jadhav,58,Ahmednagar,adityajadhav205687@gmail.com,Salary,40449.2,568
8191,Ayesha Singh,51,Kolhapur,ayeshasingh153028@gmail.com,Salary,8318.61,696
8192,Pooja Shaikh,65,Thane,poojashaikh839000@gmail.com,Savings,,578
8193,Riya Khan,37,Satara,riyakhan774517@gmail.com,Current,39878.65,585
8194,Kavya Verma,47,Kolhapur,kavyaverma156912@gmail.com,Savings,19633.37,563
8195,Arjun Patil,67,Aurangabad,arjunpatil496062@gmail.com,Current,15117.13,740
8196,Akash Jadhav,56,Thane,akashjadhav844904@gmail.com,Salary,9698.5,803
8197,Rohan Patil,36,Solapur,rohanpatil10315@gmail.com,Savings,15808.46,681
8198,Arjun Jadhav,22,Ahmednagar,arjunjadhav185286@gmail.com,Current,15173.52,667
8199,Kavya Sharma,54,,kavyasharma442096@gmail.com,Savings,,785
8200,Priya Joshi,52,Satara,priyajoshi523966@gmail.com,Salary,2574.76,553
8201,Amit Pawar,66,Thane,amitpawar141103@gmail.com,Savings,1099.09,703
8202,Pooja Khan,28,Nashik,poojakhan936761@gmail.com,Savings,30768.38,771
8203,Simran Pawar,63,Mumbai,simranpawar890749@gmail.com,Savings,34990.68,785
8204,Akash Shaikh,52,Nagpur,akashshaikh661386@gmail.com,Savings,5480.59,770
8205,Arjun Patil,65,Nagpur,arjunpatil542221@gmail.com,Current,43130.13,
8206,Vijay Verma,30,Nagpur,vijayverma560021@gmail.com,Salary,35392.4,551
8207,Ayesha Gupta,51,Satara,ayeshagupta755662@gmail.com,Current,44386.02,816
8208,Riya Verma,32,Ahmednagar,riyaverma331164@gmail.com,Salary,44803.28,652
8209,Ananya Gupta,36,Aurangabad,ananyagupta823581@gmail.com,Salary,33075.4,698
8210,,29,Ahmednagar,,Salary,4188.19,643
8211,Karan Patil,70,Nagpur,karanpatil510358@gmail.com,Salary,43562.6,559
8212,Amit Singh,55,Mumbai,amitsingh314708@gmail.com,Current,43583.95,728
8213,Akash Khan,48,Nashik,akashkhan263265@gmail.com,Salary,31322.51,
8214,Simran Singh,54,Aurangabad,simransingh589544@gmail.com,Salary,32366.0,785
8215,Mohit Joshi,63,Nashik,mohitjoshi900304@gmail.com,Salary,17809.96,572
8216,Kavya Patil,35,Mumbai,kavyapatil595517@gmail.com,Savings,40587.98,750
8217,Riya Patil,27,Pune,riyapatil50126@gmail.com,Salary,1274.33,731
8218,Riya Shaikh,70,Mumbai,riyashaikh417854@gmail.com,Savings,14140.28,700
8219,Kavya Patil,28,Aurangabad,kavyapatil103882@gmail.com,Current,3514.76,719
8220,Rohan Shaikh,34,Thane,rohanshaikh724187@gmail.com,Current,773.34,797
8221,Karan Pawar,37,Satara,karanpawar171376@gmail.com,Current,23501.66,755
8222,Pooja Shaikh,36,Satara,poojashaikh63052@gmail.com,Salary,29091.27,597
8223,Sneha Verma,22,Aurangabad,snehaverma226033@gmail.com,Salary,39744.79,647
8224,Riya Pawar,34,Ahmednagar,riyapawar853450@gmail.com,Current,27766.89,760
8225,Simran Singh,22,Nashik,simransingh266742@gmail.com,Savings,38940.77,621
8226,Priya Sharma,18,Nashik,priyasharma499787@gmail.com,Savings,31325.07,569
8227,Sneha Patil,61,,snehapatil879825@gmail.com,Savings,1001.48,664
8228,Pooja Patil,34,Satara,poojapatil660558@gmail.com,Salary,18618.03,577
8229,Akash Sharma,36,Solapur,akashsharma101079@gmail.com,Current,18072.9,589
8230,Rahul Joshi,41,Kolhapur,rahuljoshi471806@gmail.com,Salary,28794.01,798
8231,Mohit Shaikh,35,Mumbai,mohitshaikh780862@gmail.com,Salary,36494.14,665
8232,Vijay Patil,21,Nagpur,vijaypatil351012@gmail.com,Current,2154.16,
8233,Mohit Joshi,55,Ahmednagar,mohitjoshi272487@gmail.com,Salary,7619.66,647
8234,Vijay Verma,39,Thane,vijayverma378596@gmail.com,Current,17192.93,733
8235,Sneha Patil,44,Ahmednagar,snehapatil377908@gmail.com,Savings,16370.36,693
8236,Aditya Verma,31,Aurangabad,adityaverma587669@gmail.com,Salary,3363.15,749
8237,Simran Shaikh,56,Nagpur,simranshaikh584672@gmail.com,Savings,37037.72,755
8238,Akash Singh,43,Kolhapur,akashsingh977209@gmail.com,Salary,8283.01,579
8239,Simran Verma,59,Nagpur,simranverma849463@gmail.com,Current,22023.52,792
8240,Neha Patil,22,Ahmednagar,nehapatil270333@gmail.com,Savings,9983.66,807
8241,Sneha Patil,54,Ahmednagar,snehapatil360957@gmail.com,Salary,35810.09,829
8242,Pooja Patil,29,Aurangabad,poojapatil20898@gmail.com,Current,31023.57,810
8243,Pooja Jadhav,68,Satara,poojajadhav431862@gmail.com,Current,34413.46,774
8244,Ananya Khan,20,Nagpur,ananyakhan127226@gmail.com,,22999.33,599
8245,Amit Pawar,54,Nashik,amitpawar368245@gmail.com,Savings,9378.37,624
8246,Simran Gupta,32,Pune,simrangupta909601@gmail.com,Savings,8692.07,
8247,Riya Sharma,60,Pune,riyasharma712697@gmail.com,Salary,11129.64,829
8248,Amit Jadhav,60,Ahmednagar,amitjadhav635092@gmail.com,Savings,2420.53,664
8249,Aditya Verma,50,Ahmednagar,adityaverma208722@gmail.com,Current,27014.47,565
8250,Priya Singh,26,Solapur,priyasingh604975@gmail.com,Savings,5945.77,678
8251,Kavya Jadhav,55,Aurangabad,kavyajadhav603969@gmail.com,Current,12227.96,588
8252,Ayesha Pawar,68,Solapur,ayeshapawar681533@gmail.com,Salary,7019.49,784
8253,Sneha Gupta,38,Ahmednagar,snehagupta680763@gmail.com,Current,21602.33,562
8254,Pooja Jadhav,62,Ahmednagar,poojajadhav564693@gmail.com,Salary,15932.68,619
8255,Neha Gupta,23,Satara,nehagupta183117@gmail.com,Salary,26556.41,732
8256,Riya Pawar,18,Thane,riyapawar818313@gmail.com,Current,44596.46,631
8257,Isha Patil,53,Solapur,ishapatil298533@gmail.com,Savings,2583.57,824
8258,Isha Patil,67,Mumbai,ishapatil372458@gmail.com,,46771.44,686
8259,Mohit Verma,54,Mumbai,mohitverma340981@gmail.com,Current,16833.43,765
8260,Simran Jadhav,32,Nashik,simranjadhav705993@gmail.com,Current,5797.84,750
8261,Kavya Shaikh,30,Aurangabad,kavyashaikh535339@gmail.com,Salary,20846.43,796
8262,Mohit Pawar,43,Nashik,mohitpawar511274@gmail.com,Savings,40536.09,842
8263,Ananya Jadhav,34,Mumbai,ananyajadhav812478@gmail.com,Salary,5543.61,689
8264,Pooja Sharma,33,Satara,poojasharma772403@gmail.com,Savings,47919.02,555
8265,Aditya Joshi,59,Satara,adityajoshi468740@gmail.com,Current,2063.48,708
8266,Karan Sharma,26,Thane,karansharma932947@gmail.com,Savings,25450.96,798
8267,Sahil Shaikh,49,Thane,sahilshaikh82316@gmail.com,Current,10771.61,805
8268,Amit Verma,20,Aurangabad,amitverma399681@gmail.com,Salary,17021.61,629
8269,Priya Shaikh,39,Solapur,priyashaikh643573@gmail.com,Savings,9622.73,618
8270,Isha Gupta,43,Mumbai,ishagupta300541@gmail.com,Savings,4027.14,603
8271,Mohit Sharma,59,Ahmednagar,mohitsharma486379@gmail.com,Savings,36024.25,660
8272,Riya Jadhav,31,Kolhapur,riyajadhav662498@gmail.com,Savings,-22397.6,623
8273,Aditya Patil,,Pune,adityapatil151984@gmail.com,Salary,26667.97,697
8274,Sneha Patil,43,Pune,snehapatil910534@gmail.com,Salary,1541.31,
8275,Simran Khan,29,Pune,simrankhan175815@gmail.com,Current,30416.24,583
8276,Ananya Khan,58,Ahmednagar,ananyakhan671797@gmail.com,Current,7535.65,714
8277,Isha Joshi,34,Thane,ishajoshi847052@gmail.com,Salary,1087.62,654
8278,Sahil Gupta,32,Ahmednagar,sahilgupta973772@gmail.com,Savings,2007.92,694
8279,Sahil Joshi,37,Thane,sahiljoshi353877@gmail.com,Savings,46527.66,584
8280,Rohan Joshi,55,Aurangabad,rohanjoshi442406@gmail.com,Salary,4849.3,624
8281,Ayesha Gupta,55,Pune,ayeshagupta662038@gmail.com,Current,21080.99,817
8282,Pooja Shaikh,33,Nashik,poojashaikh642153@gmail.com,Savings,48920.94,632
8283,Rahul Khan,38,Solapur,rahulkhan599505@gmail.com,Savings,36708.34,692
8284,Rohan Shaikh,42,Thane,rohanshaikh424534@gmail.com,Salary,40351.32,809
8285,Vijay Pawar,70,Solapur,vijaypawar890236@gmail.com,Salary,24846.42,
8286,Ayesha Gupta,66,Aurangabad,ayeshagupta951235@gmail.com,Salary,9683.35,678
8287,Rahul Khan,49,Aurangabad,rahulkhan74909@gmail.com,Current,29860.63,824
8288,Mohit Sharma,23,Ahmednagar,mohitsharma83054@gmail.com,Savings,24840.54,789
8289,Mohit Jadhav,32,Mumbai,mohitjadhav169968@gmail.com,Salary,14083.15,678
8290,Mohit Verma,20,Thane,mohitverma360417@gmail.com,Savings,5645.89,653
8291,Priya Patil,64,Thane,priyapatil239403@gmail.com,Current,19769.74,704
8292,Kavya Singh,46,Nashik,kavyasingh328809@gmail.com,Savings,48956.92,758
8293,Karan Sharma,52,Aurangabad,karansharma332370@gmail.com,Savings,40145.67,741
8294,Rohan Pawar,67,Pune,rohanpawar684833@gmail.com,Current,48140.18,643
8295,Rahul Singh,33,Solapur,rahulsingh305609@gmail.com,Current,18512.66,767
8296,Karan Singh,24,,karansingh745043@gmail.com,Current,16204.01,813
8297,Ananya Sharma,68,Nashik,ananyasharma280565@gmail.com,Current,48381.77,848
8298,Aditya Sharma,34,Solapur,adityasharma634892@gmail.com,Current,45540.63,738
8299,Ananya Khan,45,Aurangabad,ananyakhan676058@gmail.com,Current,27572.43,711
8300,Arjun Joshi,30,Satara,arjunjoshi414764@gmail.com,Current,19765.09,683
8301,,35,Aurangabad,,Salary,1283.97,667
8302,Isha Joshi,42,Aurangabad,ishajoshi284524@gmail.com,,8952.46,766
8303,Simran Verma,30,Nagpur,simranverma930912@gmail.com,Savings,43184.72,577
8304,Rohan Jadhav,28,Nagpur,rohanjadhav466609@gmail.com,Current,5297.31,672
8305,Rohan Patil,69,Mumbai,rohanpatil819010@gmail.com,Current,6783.62,705
8306,Karan Singh,58,Kolhapur,karansingh904818@gmail.com,Savings,35009.03,829
8307,Akash Singh,33,Pune,akashsingh984471@gmail.com,Savings,48509.57,676
8308,Rahul Verma,55,Pune,rahulverma380905@gmail.com,Savings,24419.5,845
8309,Rahul Joshi,67,Satara,rahuljoshi784325@gmail.com,Current,5795.43,747
8310,Sahil Shaikh,24,Thane,sahilshaikh615529@gmail.com,Savings,29289.72,784
8311,Priya Jadhav,58,Solapur,priyajadhav546340@gmail.com,Savings,41282.05,617
8312,Akash Shaikh,29,Mumbai,akashshaikh472261@gmail.com,,39142.98,678
8313,Aditya Jadhav,51,Aurangabad,adityajadhav434198@gmail.com,Savings,43199.84,771
8314,,33,Kolhapur,,Salary,3758.51,676
8315,Akash Khan,53,Aurangabad,akashkhan175545@gmail.com,Salary,12898.66,826
8316,Vijay Jadhav,65,Satara,vijayjadhav192918@gmail.com,Current,29887.84,607
8317,Rahul Shaikh,35,Aurangabad,rahulshaikh895806@gmail.com,Salary,48509.68,705
8318,Kavya Pawar,69,Solapur,kavyapawar24323@gmail.com,Savings,15686.01,780
8319,Aditya Joshi,70,Pune,adityajoshi131213@gmail.com,Salary,24078.14,798
8320,Neha Shaikh,31,Aurangabad,nehashaikh763224@gmail.com,Savings,46859.06,785
8321,Sahil Pawar,25,Solapur,sahilpawar246124@gmail.com,Salary,4844.67,578
8322,Isha Patil,33,Nagpur,ishapatil694280@gmail.com,Current,2780.38,606
8323,Arjun Jadhav,,Mumbai,arjunjadhav263971@gmail.com,Current,3559.46,792
8324,Isha Verma,23,Aurangabad,ishaverma986220@gmail.com,Savings,40443.98,645
8325,Pooja Joshi,56,Mumbai,poojajoshi780109@gmail.com,Current,6004.16,763
8326,Isha Joshi,18,Pune,ishajoshi734833@gmail.com,Savings,18558.13,757
8327,Vijay Khan,36,Aurangabad,vijaykhan786259@gmail.com,Current,45496.2,846
8328,Amit Joshi,66,Kolhapur,amitjoshi84053@gmail.com,Salary,35458.48,839
8329,Amit Sharma,,Satara,amitsharma220900@gmail.com,Salary,3258.85,842
8330,Priya Verma,25,Ahmednagar,priyaverma175118@gmail.com,Salary,48505.17,735
8331,Rohan Pawar,50,Ahmednagar,rohanpawar416432@gmail.com,Savings,9663.89,792
8332,Isha Pawar,54,Thane,ishapawar108113@gmail.com,Salary,4841.94,822
8333,Riya Verma,40,Pune,riyaverma100295@gmail.com,Savings,25522.18,747
8334,Ananya Joshi,60,Satara,ananyajoshi66991@gmail.com,Savings,30244.54,
8335,Mohit Pawar,41,Pune,mohitpawar982399@gmail.com,Current,46563.53,833
8336,Rohan Shaikh,52,Satara,rohanshaikh921474@gmail.com,Savings,8442.74,551
8337,Ananya Singh,31,Kolhapur,ananyasingh496271@gmail.com,Savings,23297.56,705
8338,Kavya Shaikh,62,Nashik,kavyashaikh575174@gmail.com,Salary,47544.42,606
8339,Ananya Khan,29,Nashik,ananyakhan56540@gmail.com,Savings,26201.1,602
8340,Akash Shaikh,56,Solapur,akashshaikh27745@gmail.com,,42124.14,593
8341,Rahul Shaikh,51,Pune,rahulshaikh808482@gmail.com,Current,20931.12,696
8342,Ayesha Sharma,38,Solapur,ayeshasharma416397@gmail.com,Current,43541.05,594
8343,Aditya Shaikh,49,Satara,adityashaikh549535@gmail.com,Savings,6363.74,578
8344,Ananya Khan,48,Nagpur,ananyakhan802256@gmail.com,Salary,45805.94,644
8345,Simran Sharma,47,Kolhapur,simransharma87395@gmail.com,Salary,1570.51,683
8346,Vijay Joshi,56,Ahmednagar,vijayjoshi109076@gmail.com,Salary,-28656.76,608
8347,Kavya Sharma,46,Thane,kavyasharma275301@gmail.com,Salary,7153.39,621
8348,Kavya Pawar,19,Solapur,kavyapawar648227@gmail.com,Current,5777.76,704
8349,Vijay Khan,25,Nagpur,vijaykhan162916@gmail.com,Salary,24944.93,715
8350,Sahil Jadhav,69,Pune,sahiljadhav88506@gmail.com,Current,43927.97,
8351,Kavya Jadhav,58,Thane,kavyajadhav686741@gmail.com,Savings,512.03,849
8352,Priya Singh,50,Nagpur,priyasingh976942@gmail.com,Salary,34919.34,813
8353,Vijay Sharma,55,Satara,vijaysharma928583@gmail.com,Savings,43640.64,695
8354,Rahul Jadhav,70,Ahmednagar,rahuljadhav408883@gmail.com,,27559.98,678
8355,Arjun Joshi,70,Ahmednagar,arjunjoshi324498@gmail.com,Savings,43777.34,664
8356,Rohan Patil,49,Thane,rohanpatil240597@gmail.com,Current,34575.23,637
8357,Vijay Joshi,18,Aurangabad,vijayjoshi259514@gmail.com,Current,,720
8358,Simran Jadhav,39,Nagpur,simranjadhav773522@gmail.com,Salary,46838.31,567
8359,Rohan Patil,68,Nagpur,rohanpatil298079@gmail.com,Savings,2037.28,819
8360,Rahul Singh,35,Nagpur,rahulsingh464787@gmail.com,Salary,33342.11,559
8361,Kavya Jadhav,66,Aurangabad,kavyajadhav657012@gmail.com,Salary,1546.9,754
8362,Vijay Khan,,Nashik,vijaykhan132652@gmail.com,Savings,2400.81,588
8363,Akash Jadhav,18,Mumbai,akashjadhav137754@gmail.com,Current,37607.02,727
8364,Neha Joshi,63,Mumbai,nehajoshi552429@gmail.com,Current,44385.3,814
8365,Vijay Shaikh,39,Mumbai,vijayshaikh879349@gmail.com,Savings,3290.85,
8366,Karan Jadhav,39,Ahmednagar,karanjadhav178995@gmail.com,Current,1134.66,829
8367,Rohan Sharma,35,Thane,rohansharma30059@gmail.com,Salary,6980.97,676
8368,Priya Pawar,18,Nashik,priyapawar36962@gmail.com,Salary,24064.33,668
8369,Rohan Sharma,55,Satara,rohansharma695881@gmail.com,Current,45397.67,685
8370,Arjun Sharma,40,Satara,arjunsharma374275@gmail.com,saving,42856.12,668
8371,Pooja Sharma,66,Satara,poojasharma902262@gmail.com,Current,1796.71,620
8372,Neha Shaikh,34,Nashik,nehashaikh959832@gmail.com,,21791.64,721
8373,Neha Singh,28,Nashik,nehasingh341098@gmail.com,Savings,41843.75,832
8374,Vijay Khan,19,Pune,vijaykhan906322@gmail.com,Current,43469.99,778
8375,Arjun Joshi,43,Pune,arjunjoshi499384@gmail.com,Salary,49515.03,623
8376,Pooja Patil,30,Nashik,poojapatil489987@gmail.com,Savings,31754.61,814
8377,Karan Joshi,29,Nagpur,karanjoshi913303@gmail.com,Salary,28323.93,643
8378,Kavya Pawar,19,Mumbai,kavyapawar566943@gmail.com,Salary,4727.34,727
8379,Amit Verma,45,Kolhapur,amitverma980369@gmail.com,Salary,2588.88,758
8380,Aditya Jadhav,67,Mumbai,adityajadhav285747@gmail.com,Salary,2078.27,842
8381,Isha Shaikh,49,Ahmednagar,ishashaikh575291@gmail.com,Current,25880.61,591
8382,Amit Patil,29,Nashik,amitpatil466553@gmail.com,Current,38737.87,763
8383,Sneha Khan,32,Nashik,snehakhan141778@gmail.com,Salary,11101.51,844
8384,Ananya Verma,54,Mumbai,ananyaverma994659@gmail.com,Salary,9683.33,668
8385,Riya Khan,38,Pune,riyakhan731610@gmail.com,,10206.64,715
8386,Mohit Jadhav,18,Satara,mohitjadhav565584@gmail.com,,18600.83,794
8387,Priya Sharma,,Ahmednagar,priyasharma185736@gmail.com,Current,48298.16,797
8388,Priya Patil,44,Aurangabad,priyapatil619631@gmail.com,Current,20761.62,
8389,Ananya Sharma,54,Kolhapur,ananyasharma626712@gmail.com,Savings,10109.18,779
8390,Pooja Gupta,34,Ahmednagar,poojagupta478820@gmail.com,Current,27148.44,580
8391,Isha Patil,31,Pune,ishapatil661801@gmail.com,Current,45446.01,555
8392,Sneha Patil,40,Aurangabad,snehapatil785390@gmail.com,Salary,24253.36,748
8393,Aditya Sharma,19,Mumbai,adityasharma666838@gmail.com,Current,8252.18,719
8394,Akash Sharma,61,Solapur,akashsharma920009@gmail.com,Salary,17230.42,550
8395,Sneha Jadhav,41,Nagpur,snehajadhav591480@gmail.com,Current,28536.46,637
8396,Simran Patil,18,Solapur,simranpatil456206@gmail.com,Salary,7205.11,628
8397,Riya Verma,69,Nagpur,riyaverma548987@gmail.com,Current,4314.31,826
8398,Mohit Gupta,36,Nashik,mohitgupta670964@gmail.com,Salary,,781
8399,Karan Pawar,54,Mumbai,karanpawar670693@gmail.com,,24284.61,567
8400,Priya Sharma,60,Nagpur,priyasharma559813@gmail.com,Salary,37538.11,569
8401,Riya Sharma,34,Kolhapur,riyasharma324803@gmail.com,Savings,36799.0,632
8402,,33,Thane,,Current,38579.82,613
8403,Pooja Sharma,59,Mumbai,poojasharma953175@gmail.com,Salary,12184.26,710
8404,Karan Gupta,30,Satara,karangupta364132@gmail.com,Salary,2580.18,843
8405,Akash Verma,38,Ahmednagar,akashverma505148@gmail.com,Salary,38963.16,743
8406,Simran Verma,25,Aurangabad,simranverma565983@gmail.com,Current,33114.98,
8407,Priya Sharma,41,Nagpur,priyasharma238261@gmail.com,Savings,3798.02,846
8408,Riya Singh,45,Aurangabad,riyasingh843897@gmail.com,Current,27016.07,589
8409,Kavya Pawar,26,Pune,kavyapawar94004@gmail.com,Savings,40798.41,644
8410,Kavya Joshi,43,Mumbai,kavyajoshi463424@gmail.com,Savings,47663.39,571
8411,Riya Jadhav,64,Mumbai,riyajadhav322923@gmail.com,Current,43781.83,634
8412,Mohit Patil,62,Thane,mohitpatil383651@gmail.com,Current,8035.14,832
8413,Akash Pawar,67,Pune,akashpawar432327@gmail.com,Savings,47500.32,747
8414,Vijay Gupta,41,Ahmednagar,vijaygupta272527@gmail.com,Savings,12933.75,
8415,Aditya Joshi,65,Mumbai,adityajoshi163381@gmail.com,Savings,45449.23,629
8416,Aditya Gupta,250,Pune,adityagupta318419@gmail.com,Current,24298.43,605
8417,Mohit Khan,59,Nagpur,mohitkhan11168@gmail.com,Savings,13155.22,765
8418,Aditya Gupta,64,Satara,adityagupta196@gmail.com,Savings,1063.78,700
8419,Sneha Pawar,42,Thane,snehapawar548836@gmail.com,Savings,17102.3,552
8420,Riya Sharma,22,Satara,riyasharma855087@gmail.com,Salary,6950.73,720
8421,Kavya Jadhav,61,Thane,kavyajadhav795228@gmail.com,Savings,15032.5,704
8422,Riya Verma,44,Nashik,riyaverma889236@gmail.com,Salary,12995.38,633
8423,Rohan Pawar,44,Nagpur,rohanpawar143021@gmail.com,,44207.31,555
8424,Sneha Jadhav,32,Aurangabad,snehajadhav360689@gmail.com,Savings,23030.56,706
8425,Arjun Singh,30,Satara,arjunsingh300792@gmail.com,Current,36211.01,754
8426,Priya Singh,69,Thane,priyasingh492089@gmail.com,Current,17817.8,707
8427,Amit Gupta,40,Aurangabad,amitgupta561191@gmail.com,Current,34015.47,792
8428,Akash Khan,60,Pune,akashkhan8821@gmail.com,Salary,10621.73,847
8429,Rahul Verma,70,Nagpur,rahulverma721279@gmail.com,Current,41494.37,598
8430,Rohan Pawar,21,Nagpur,rohanpawar966979@gmail.com,Salary,11413.92,566
8431,Sneha Gupta,30,Mumbai,snehagupta515927@gmail.com,Savings,44751.6,665
8432,Rahul Gupta,61,Kolhapur,rahulgupta993056@gmail.com,Current,36802.66,739
8433,Ananya Jadhav,,Nashik,ananyajadhav792270@gmail.com,Savings,8681.42,554
8434,Simran Singh,28,Aurangabad,simransingh500341@gmail.com,Current,13016.22,630
8435,Priya Patil,60,Satara,priyapatil314264@gmail.com,Savings,34962.26,688
8436,Simran Patil,53,Satara,simranpatil9676@gmail.com,Current,33701.32,703
8437,Kavya Sharma,32,,kavyasharma803172@gmail.com,Salary,31887.52,807
8438,Neha Gupta,38,Kolhapur,nehagupta451444@gmail.com,Salary,13823.23,636
8439,Isha Shaikh,22,Nashik,ishashaikh836826@gmail.com,Current,11010.57,626
8440,Priya Jadhav,59,Solapur,priyajadhav307251@gmail.com,Current,46403.71,593
8441,Rohan Singh,66,Thane,rohansingh626103@gmail.com,Current,13210.18,743
8442,Sneha Joshi,57,Pune,snehajoshi242546@gmail.com,Savings,2665.04,660
8443,Isha Verma,43,Aurangabad,ishaverma835571@gmail.com,Current,43714.76,656
8444,Sahil Singh,46,Mumbai,sahilsingh7668@gmail.com,Savings,4023.77,579
8445,Ananya Verma,62,Pune,ananyaverma574942@gmail.com,Savings,21506.83,769
8446,Rohan Patil,39,Nagpur,rohanpatil391894@gmail.com,Salary,6294.57,747
8447,Neha Patil,68,Mumbai,nehapatil197831@gmail.com,Salary,23699.84,830
8448,Akash Sharma,60,Solapur,akashsharma431836@gmail.com,Salary,44862.8,592
8449,Akash Patil,25,Ahmednagar,akashpatil925113@gmail.com,Savings,9186.66,773
8450,Sahil Gupta,41,Thane,sahilgupta587883@gmail.com,Savings,2685.16,675
8451,Sahil Pawar,28,Nagpur,sahilpawar458439@gmail.com,Salary,14066.27,688
8452,Aditya Sharma,62,Kolhapur,adityasharma414027@gmail.com,Current,43302.89,824
8453,Akash Pawar,27,Solapur,akashpawar262135@gmail.com,,,842
8454,Riya Verma,50,Solapur,riyaverma171300@gmail.com,Salary,,805
8455,Priya Khan,49,Kolhapur,priyakhan749766@gmail.com,Salary,17181.32,665
8456,Mohit Patil,39,Pune,mohitpatil773024@gmail.com,Salary,29329.95,822
8457,Simran Shaikh,27,Ahmednagar,simranshaikh677470@gmail.com,Salary,29057.76,671
8458,Rohan Singh,55,Solapur,rohansingh408754@gmail.com,Savings,29970.04,656
8459,Rahul Singh,32,Thane,rahulsingh868768@gmail.com,Savings,39146.92,811
8460,Simran Singh,55,Satara,simransingh396837@gmail.com,Savings,13839.49,630
8461,Pooja Verma,40,Kolhapur,poojaverma231407@gmail.com,Savings,19464.97,721
8462,Ayesha Gupta,24,Mumbai,ayeshagupta275854@gmail.com,Salary,43007.02,825
8463,Sahil Shaikh,42,Mumbai,sahilshaikh83157@gmail.com,Current,18969.2,840
8464,Simran Sharma,42,Mumbai,simransharma442850@gmail.com,Current,26209.08,563
8465,Amit Sharma,33,Thane,amitsharma655798@gmail.com,Current,962.57,766
8466,Isha Khan,26,Aurangabad,ishakhan251298@gmail.com,Salary,12262.82,715
8467,Kavya Verma,24,Solapur,kavyaverma541804@gmail.com,Savings,19151.75,758
8468,Simran Gupta,44,Thane,simrangupta801776@gmail.com,Salary,33104.68,608
8469,Rahul Joshi,47,Nagpur,rahuljoshi838917@gmail.com,Salary,27809.21,767
8470,Amit Singh,41,Kolhapur,amitsingh954256@gmail.com,Savings,-30414.62,
8471,Amit Pawar,46,Solapur,amitpawar643103@gmail.com,Current,16601.78,690
8472,Ayesha Singh,19,Kolhapur,ayeshasingh846903@gmail.com,Salary,35398.82,626
8473,Kavya Pawar,60,Kolhapur,kavyapawar727732@gmail.com,Savings,49331.52,701
8474,Rohan Sharma,58,Pune,rohansharma717997@gmail.com,Current,12724.54,711
8475,Sneha Sharma,67,Thane,snehasharma285171@gmail.com,Salary,22189.4,804
8476,Amit Joshi,40,Mumbai,amitjoshi298605@gmail.com,Salary,35603.74,697
8477,Arjun Patil,45,Kolhapur,arjunpatil680056@gmail.com,Savings,26056.35,637
8478,Priya Patil,60,Pune,priyapatil779115@gmail.com,,5786.53,633
8479,Priya Khan,58,Kolhapur,priyakhan557883@gmail.com,Savings,45170.54,686
8480,,27,Nashik,,Current,24307.68,707
8481,Karan Verma,24,Nagpur,karanverma848197@gmail.com,Salary,37585.5,842
8482,Akash Pawar,25,Solapur,akashpawar281980@gmail.com,Savings,31417.77,763
8483,Aditya Pawar,27,Ahmednagar,adityapawar433061@gmail.com,Salary,14927.02,757
8484,Karan Sharma,65,Solapur,karansharma197232@gmail.com,Salary,19928.04,622
8485,Pooja Gupta,55,Kolhapur,poojagupta895040@gmail.com,Current,17994.0,598
8486,Sahil Gupta,53,Kolhapur,sahilgupta71889@gmail.com,Salary,25320.85,575
8487,Ananya Singh,28,Thane,ananyasingh191367@gmail.com,Salary,29055.04,647
8488,Karan Pawar,19,Thane,karanpawar143360@gmail.com,Current,17618.17,660
8489,Isha Pawar,25,Mumbai,ishapawar303762@gmail.com,Current,46339.02,820
8490,Sahil Gupta,41,Pune,sahilgupta115817@gmail.com,Salary,8455.15,643
8491,Karan Patil,37,Thane,karanpatil667930@gmail.com,Salary,2738.28,566
8492,Rahul Joshi,25,Kolhapur,rahuljoshi477561@gmail.com,Salary,33569.55,810
8493,Riya Khan,57,Aurangabad,riyakhan647836@gmail.com,Savings,7404.81,797
8494,Karan Gupta,52,Nashik,karangupta474860@gmail.com,Salary,4732.59,666
8495,Rahul Sharma,56,Mumbai,rahulsharma285453@gmail.com,Salary,33342.67,637
8496,Isha Khan,46,Satara,ishakhan734598@gmail.com,Savings,3286.96,774
8497,Riya Joshi,39,Aurangabad,riyajoshi653104@gmail.com,Current,,601
8498,Priya Sharma,19,Kolhapur,priyasharma515995@gmail.com,Salary,32873.49,832
8499,Mohit Pawar,40,Kolhapur,mohitpawar197011@gmail.com,Current,33508.28,565
8500,Aditya Patil,54,Kolhapur,adityapatil336319@gmail.com,Current,13963.66,599
8501,Pooja Shaikh,69,Pune,poojashaikh20437@gmail.com,Current,949.8,635
8502,Vijay Pawar,67,Mumbai,vijaypawar159640@gmail.com,Current,27818.84,792
8503,Ananya Sharma,21,Aurangabad,ananyasharma52142@gmail.com,Current,13807.98,559
8504,Karan Shaikh,23,Mumbai,karanshaikh561057@gmail.com,Salary,45585.38,767
8505,Sneha Jadhav,68,Mumbai,snehajadhav23305@gmail.com,Current,23383.17,778
8506,Simran Sharma,56,Kolhapur,simransharma195069@gmail.com,Salary,5102.94,659
8507,Pooja Sharma,22,Aurangabad,poojasharma107341@gmail.com,Salary,5804.91,722
8508,Neha Shaikh,68,Pune,nehashaikh295918@gmail.com,Current,19178.37,638
8509,Arjun Khan,68,Ahmednagar,arjunkhan282371@gmail.com,Current,15833.07,706
8510,,,Satara,,Savings,25615.5,733
8511,Ayesha Shaikh,40,Kolhapur,ayeshashaikh131213@gmail.com,Savings,,
8512,Rohan Shaikh,52,Mumbai,rohanshaikh750037@gmail.com,Salary,48547.52,679
8513,Riya Khan,59,Solapur,riyakhan459813@gmail.com,Current,32684.3,764
8514,Isha Jadhav,32,Pune,ishajadhav762527@gmail.com,Salary,23874.17,847
8515,Ayesha Patil,21,Satara,ayeshapatil8702@gmail.com,Salary,25460.54,803
8516,Priya Gupta,19,Mumbai,priyagupta244219@gmail.com,Current,,699
8517,Riya Shaikh,28,Solapur,riyashaikh94678@gmail.com,Salary,47447.49,787
8518,Karan Patil,67,Nashik,karanpatil158103@gmail.com,Savings,43888.87,598
8519,Sahil Joshi,65,Aurangabad,sahiljoshi15540@gmail.com,Salary,46705.09,811
8520,Arjun Singh,67,Nashik,arjunsingh517655@gmail.com,Salary,21983.52,813
8521,Rahul Shaikh,65,Aurangabad,rahulshaikh227838@gmail.com,Current,25433.61,799
8522,Akash Verma,20,Aurangabad,akashverma358621@gmail.com,Salary,47559.41,663
8523,Ananya Khan,53,Pune,ananyakhan440756@gmail.com,Salary,12658.52,829
8524,Sneha Pawar,48,Aurangabad,snehapawar326811@gmail.com,Salary,25553.42,566
8525,Neha Jadhav,43,Solapur,nehajadhav823992@gmail.com,Current,44977.85,688
8526,Pooja Patil,63,Kolhapur,poojapatil838397@gmail.com,Current,12966.49,729
8527,Priya Pawar,29,Nagpur,priyapawar522705@gmail.com,Savings,1180.39,740
8528,Aditya Singh,53,Pune,adityasingh389538@gmail.com,SAVINGS,47753.61,732
8529,Mohit Verma,29,Ahmednagar,mohitverma486308@gmail.com,Current,26806.49,827
8530,Amit Verma,41,Ahmednagar,amitverma730889@gmail.com,Salary,11601.11,729
8531,Rohan Gupta,69,Kolhapur,rohangupta829968@gmail.com,Salary,36141.09,629
8532,Ananya Verma,32,Pune,ananyaverma33378@gmail.com,,43217.48,738
8533,Arjun Joshi,38,Pune,arjunjoshi346390@gmail.com,Current,18183.12,628
8534,Ananya Joshi,69,Satara,ananyajoshi84220@gmail.com,Salary,6180.94,717
8535,Mohit Khan,63,Pune,mohitkhan884622@gmail.com,Current,10016.57,774
8536,Rohan Shaikh,55,Mumbai,rohanshaikh787129@gmail.com,Salary,9773.48,838
8537,Mohit Gupta,34,Kolhapur,mohitgupta997971@gmail.com,Current,26776.99,797
8538,Simran Pawar,35,Solapur,simranpawar153284@gmail.com,Savings,25408.85,678
8539,Amit Joshi,58,Nagpur,amitjoshi58860@gmail.com,Salary,13006.57,847
8540,Pooja Pawar,49,Mumbai,poojapawar279549@gmail.com,Salary,5200.69,780
8541,Akash Khan,70,Ahmednagar,akashkhan813431@gmail.com,Current,6375.98,788
8542,Sneha Khan,54,Ahmednagar,snehakhan411584@gmail.com,Current,16772.88,585
8543,Ayesha Jadhav,23,Nashik,ayeshajadhav74952@gmail.com,Current,45454.48,646
8544,Mohit Shaikh,36,Pune,mohitshaikh569678@gmail.com,Salary,16577.22,850
8545,Neha Verma,47,Aurangabad,nehaverma493084@gmail.com,Current,40280.96,708
8546,Pooja Patil,20,Solapur,poojapatil190525@gmail.com,Salary,13749.32,738
8547,Rahul Jadhav,61,Mumbai,rahuljadhav201628@gmail.com,Current,,705
8548,Rohan Sharma,54,Thane,rohansharma939308@gmail.com,Current,33798.65,684
8549,Riya Jadhav,66,Aurangabad,riyajadhav882517@gmail.com,Current,42731.21,585
8550,Kavya Patil,49,Ahmednagar,kavyapatil262327@gmail.com,Current,24667.45,575
8551,Simran Sharma,39,Thane,simransharma857049@gmail.com,Salary,27340.2,758
8552,Akash Patil,64,Nagpur,akashpatil400212@gmail.com,Current,8704.37,770
8553,Ayesha Gupta,31,Solapur,ayeshagupta868585@gmail.com,Salary,21033.15,728
8554,Priya Joshi,54,Nagpur,priyajoshi13328@gmail.com,Current,7416.03,659
8555,Akash Khan,27,Nashik,akashkhan127985@gmail.com,Savings,25935.28,810
8556,Rohan Singh,56,Nagpur,rohansingh805559@gmail.com,Savings,18093.89,571
8557,Rahul Patil,60,Aurangabad,rahulpatil749498@gmail.com,Current,6927.79,614
8558,Pooja Sharma,37,Pune,poojasharma261155@gmail.com,Savings,41680.27,713
8559,Kavya Jadhav,43,Ahmednagar,kavyajadhav403589@gmail.com,Current,37031.93,761
8560,Mohit Khan,68,Pune,mohitkhan808788@gmail.com,Salary,32722.45,750
8561,Rohan Gupta,69,Pune,rohangupta464578@gmail.com,Salary,17885.01,609
8562,Amit Gupta,40,Aurangabad,amitgupta259268@gmail.com,Savings,43796.86,634
8563,Isha Pawar,68,Aurangabad,ishapawar773549@gmail.com,Current,18732.82,603
8564,Riya Shaikh,69,Satara,riyashaikh35238@gmail.com,Current,9087.88,680
8565,Akash Sharma,18,,akashsharma208955@gmail.com,Current,,743
8566,Riya Shaikh,55,Solapur,riyashaikh483320@gmail.com,Current,1985.97,702
8567,Karan Joshi,48,Ahmednagar,karanjoshi771141@gmail.com,Savings,44121.39,780
8568,Rahul Khan,20,Satara,rahulkhan808547@gmail.com,Savings,45703.96,648
8569,Arjun Jadhav,60,Pune,arjunjadhav98624@gmail.com,Salary,40116.85,787
8570,Karan Sharma,22,Nagpur,karansharma546553@gmail.com,Current,28776.82,764
8571,Sneha Shaikh,67,Kolhapur,snehashaikh698459@gmail.com,Savings,10271.29,575
8572,Vijay Sharma,28,Kolhapur,vijaysharma218672@gmail.com,Salary,17230.6,641
8573,Ananya Joshi,34,Solapur,ananyajoshi495893@gmail.com,Current,47361.1,789
8574,Amit Khan,53,Nagpur,amitkhan408124@gmail.com,Salary,29517.79,630
8575,Priya Khan,57,Kolhapur,priyakhan714644@gmail.com,Current,30379.44,844
8576,Simran Singh,20,Mumbai,simransingh327370@gmail.com,Salary,9711.83,808
8577,Pooja Sharma,48,,poojasharma981792@gmail.com,Savings,18922.2,630
8578,Vijay Shaikh,31,Solapur,vijayshaikh338856@gmail.com,Current,26521.14,735
8579,Riya Pawar,36,Solapur,riyapawar166416@gmail.com,Salary,23723.82,806
8580,Karan Jadhav,54,Satara,karanjadhav659826@gmail.com,Current,22182.74,841
8581,Sneha Verma,49,Mumbai,snehaverma763711@gmail.com,Salary,32227.48,
8582,Arjun Verma,20,Kolhapur,arjunverma44335@gmail.com,Salary,15634.02,749
8583,Arjun Patil,26,Nagpur,arjunpatil781000@gmail.com,Salary,,582
8584,Ananya Singh,32,Aurangabad,ananyasingh983057@gmail.com,Current,45903.85,773
8585,Rahul Verma,30,Mumbai,rahulverma576376@gmail.com,Savings,12696.65,673
8586,Priya Jadhav,48,Nashik,priyajadhav546330@gmail.com,Savings,27184.64,668
8587,Akash Shaikh,34,Ahmednagar,akashshaikh128174@gmail.com,Savings,33022.35,562
8588,Isha Gupta,51,Thane,ishagupta265717@gmail.com,Salary,48154.3,833
8589,Neha Patil,69,Ahmednagar,nehapatil504705@gmail.com,Salary,42069.34,636
8590,Vijay Gupta,54,Ahmednagar,vijaygupta669636@gmail.com,Salary,32640.81,836
8591,Ayesha Joshi,35,Pune,ayeshajoshi313428@gmail.com,Savings,38843.6,717
8592,Priya Jadhav,50,Aurangabad,priyajadhav208476@gmail.com,Salary,19787.65,677
8593,Sahil Gupta,32,,sahilgupta378034@gmail.com,Salary,39088.65,777
8594,Karan Sharma,65,Nashik,karansharma930731@gmail.com,Current,29066.99,666
8595,Akash Jadhav,66,Aurangabad,akashjadhav54717@gmail.com,Current,,788
8596,,52,Solapur,,Savings,34368.85,662
8597,Sahil Khan,28,Mumbai,sahilkhan905710@gmail.com,Salary,9830.55,821
8598,Sahil Sharma,59,Solapur,sahilsharma699180@gmail.com,Current,10745.62,600
8599,Arjun Pawar,34,Satara,arjunpawar228467@gmail.com,Savings,34959.03,773
8600,Vijay Joshi,61,Solapur,vijayjoshi118514@gmail.com,Salary,21859.22,765
8601,Priya Singh,56,Aurangabad,priyasingh247528@gmail.com,Salary,43627.34,749
8602,Kavya Shaikh,21,Nagpur,kavyashaikh663753@gmail.com,Salary,44569.09,809
8603,Rohan Pawar,68,Satara,rohanpawar455351@gmail.com,Current,16041.04,850
8604,Simran Shaikh,27,,simranshaikh340377@gmail.com,Current,33500.27,658
8605,Aditya Pawar,26,Nashik,adityapawar15899@gmail.com,Current,1202.72,798
8606,Mohit Shaikh,18,Mumbai,mohitshaikh175590@gmail.com,Savings,42769.32,772
8607,Rahul Khan,57,Aurangabad,rahulkhan833078@gmail.com,Savings,4717.34,691
8608,Sahil Verma,52,Nashik,sahilverma289611@gmail.com,Salary,28794.26,788
8609,Rahul Shaikh,66,Mumbai,rahulshaikh613199@gmail.com,Savings,31927.24,649
8610,Priya Singh,43,Pune,priyasingh125561@gmail.com,Current,11762.7,621
8611,Neha Verma,59,Mumbai,nehaverma415135@gmail.com,Savings,43747.21,651
8612,Mohit Patil,46,Satara,mohitpatil827577@gmail.com,Current,28676.33,805
8613,,,Pune,,Current,43025.17,740
8614,Vijay Singh,46,Thane,vijaysingh254997@gmail.com,Current,28111.04,768
8615,Simran Gupta,23,Solapur,simrangupta9463@gmail.com,Current,13365.04,748
8616,Arjun Pawar,56,Satara,arjunpawar44133@gmail.com,Savings,34450.19,730
8617,Ananya Shaikh,62,Thane,ananyashaikh609403@gmail.com,Salary,27204.28,799
8618,Kavya Verma,20,Aurangabad,kavyaverma821633@gmail.com,Salary,20165.52,703
8619,Simran Sharma,49,Pune,simransharma724405@gmail.com,Current,4086.05,786
8620,,69,Thane,,Salary,2715.15,640
8621,Akash Singh,24,Mumbai,akashsingh498457@gmail.com,,45584.89,661
8622,Akash Sharma,64,Nagpur,akashsharma721946@gmail.com,Salary,32672.56,771
8623,Amit Jadhav,45,Kolhapur,amitjadhav625273@gmail.com,Salary,10150.24,761
8624,Mohit Joshi,,Kolhapur,mohitjoshi162620@gmail.com,Current,45872.53,720
8625,Riya Pawar,47,Aurangabad,riyapawar389539@gmail.com,Current,39290.04,632
8626,Vijay Joshi,33,Kolhapur,vijayjoshi808339@gmail.com,Salary,1983.66,791
8627,,65,Thane,,Current,14731.52,592
8628,Ayesha Shaikh,46,Aurangabad,ayeshashaikh93926@gmail.com,,10354.93,
8629,Simran Pawar,62,Nashik,simranpawar260904@gmail.com,Salary,42534.34,575
8630,Rohan Shaikh,45,Ahmednagar,rohanshaikh165458@gmail.com,Salary,14522.29,644
8631,Karan Jadhav,22,,karanjadhav524303@gmail.com,Savings,29515.44,698
8632,Amit Singh,42,Thane,amitsingh95941@gmail.com,Salary,3071.8,700
8633,Mohit Khan,19,Kolhapur,mohitkhan719365@gmail.com,Salary,42633.89,832
8634,Mohit Khan,56,Nashik,mohitkhan648796@gmail.com,Savings,8491.5,680
8635,Rohan Singh,56,Nashik,rohansingh354961@gmail.com,,6789.37,625
8636,Amit Singh,18,Mumbai,amitsingh976165@gmail.com,Current,15904.95,646
8637,Sneha Jadhav,19,Aurangabad,snehajadhav796556@gmail.com,,26731.53,728
8638,Vijay Singh,40,Kolhapur,vijaysingh655598@gmail.com,Savings,40960.87,806
8639,Akash Singh,28,Nashik,akashsingh63069@gmail.com,Salary,26839.31,777
8640,Mohit Pawar,,Nashik,mohitpawar62778@gmail.com,Savings,1667.93,568
8641,Karan Verma,41,Nashik,karanverma372887@gmail.com,Current,28742.22,631
8642,Sneha Pawar,59,Ahmednagar,snehapawar675985@gmail.com,Current,15829.43,794
8643,Sneha Joshi,24,Pune,snehajoshi161495@gmail.com,Current,24106.08,797
8644,Simran Sharma,19,Nagpur,simransharma735495@gmail.com,Savings,7133.62,725
8645,Kavya Singh,,Mumbai,kavyasingh562507@gmail.com,Current,29918.83,674
8646,Riya Shaikh,57,Kolhapur,riyashaikh830012@gmail.com,Current,16359.54,719
8647,Ayesha Verma,38,Kolhapur,ayeshaverma112708@gmail.com,Salary,27379.17,749
8648,Aditya Pawar,48,Nagpur,adityapawar132039@gmail.com,Savings,37815.72,734
8649,Ananya Verma,50,Mumbai,ananyaverma511640@gmail.com,Current,43658.82,784
8650,Ananya Singh,21,Kolhapur,ananyasingh244077@gmail.com,Current,506.67,612
8651,Riya Gupta,59,Mumbai,riyagupta332225@gmail.com,Current,23183.06,576
8652,Pooja Pawar,40,Thane,poojapawar585572@gmail.com,Savings,30969.24,636
8653,Karan Gupta,39,Kolhapur,karangupta826967@gmail.com,Current,22255.39,738
8654,Sahil Patil,37,Kolhapur,sahilpatil676060@gmail.com,Savings,42978.91,766
8655,Akash Verma,38,Ahmednagar,akashverma793554@gmail.com,Current,28064.93,576
8656,Amit Joshi,32,Kolhapur,amitjoshi364289@gmail.com,Current,21833.34,706
8657,Vijay Pawar,31,Ahmednagar,vijaypawar844754@gmail.com,Salary,3787.0,690
8658,Arjun Shaikh,57,Mumbai,arjunshaikh935215@gmail.com,Salary,47072.63,592
8659,Ananya Joshi,65,Kolhapur,ananyajoshi460130@gmail.com,Savings,27605.28,611
8660,Arjun Singh,55,Kolhapur,arjunsingh768904@gmail.com,Salary,46956.29,659
8661,,37,Satara,,Current,48519.82,646
8662,Arjun Pawar,29,Aurangabad,arjunpawar202438@gmail.com,Current,49566.18,621
8663,Simran Verma,22,Nashik,simranverma22490@gmail.com,Savings,13665.45,833
8664,Rohan Jadhav,40,Aurangabad,rohanjadhav722830@gmail.com,Current,17942.21,557
8665,Ananya Sharma,41,Nagpur,ananyasharma396219@gmail.com,Savings,8145.6,684
8666,Karan Verma,31,Kolhapur,karanverma375665@gmail.com,Salary,9077.9,658
8667,Arjun Jadhav,61,Satara,arjunjadhav759687@gmail.com,Current,20830.8,596
8668,Neha Patil,43,,nehapatil141376@gmail.com,Salary,46065.61,788
8669,Kavya Shaikh,37,Solapur,kavyashaikh262974@gmail.com,Salary,48874.38,566
8670,Sahil Sharma,28,Kolhapur,sahilsharma942416@gmail.com,Savings,14644.75,843
8671,Karan Joshi,63,Aurangabad,karanjoshi41506@gmail.com,Savings,29671.33,675
8672,Simran Pawar,51,Thane,simranpawar508976@gmail.com,Salary,7154.32,572
8673,Isha Pawar,69,Solapur,ishapawar741051@gmail.com,Salary,14124.06,850
8674,Sneha Gupta,65,Solapur,snehagupta458852@gmail.com,Current,25369.65,828
8675,Neha Shaikh,36,Nagpur,nehashaikh586279@gmail.com,Salary,31868.09,583
8676,Simran Gupta,38,Pune,simrangupta309130@gmail.com,Salary,2043.53,635
8677,Mohit Joshi,33,Thane,mohitjoshi569197@gmail.com,Savings,4360.62,595
8678,Pooja Gupta,59,Kolhapur,poojagupta730997@gmail.com,Current,21228.72,778
8679,Sahil Shaikh,25,Mumbai,sahilshaikh513998@gmail.com,Current,12994.23,681
8680,Karan Pawar,66,Nagpur,karanpawar199094@gmail.com,Current,2554.08,599
8681,Riya Singh,60,Thane,riyasingh594329@gmail.com,Current,7349.6,735
8682,Isha Joshi,40,Mumbai,ishajoshi195792@gmail.com,Current,5913.01,678
8683,Rahul Gupta,56,Pune,rahulgupta570127@gmail.com,Savings,27227.34,714
8684,Sahil Singh,70,Thane,sahilsingh364652@gmail.com,,20147.31,680
8685,Simran Khan,49,Satara,simrankhan339503@gmail.com,Salary,8594.27,584
8686,Ananya Joshi,18,Aurangabad,ananyajoshi768079@gmail.com,Salary,30372.04,637
8687,Aditya Jadhav,69,Satara,adityajadhav491247@gmail.com,Salary,44374.94,627
8688,Mohit Gupta,59,Satara,mohitgupta288798@gmail.com,Savings,41595.05,807
8689,Arjun Khan,54,Kolhapur,arjunkhan909909@gmail.com,Salary,14533.32,561
8690,Kavya Joshi,34,Nashik,kavyajoshi871833@gmail.com,Salary,30246.2,714
8691,Vijay Verma,49,Thane,vijayverma627861@gmail.com,Salary,6952.28,566
8692,Priya Khan,22,Ahmednagar,priyakhan958995@gmail.com,Salary,19200.56,567
8693,Sneha Gupta,53,Nagpur,snehagupta902463@gmail.com,Salary,15249.7,702
8694,Ayesha Shaikh,28,Solapur,ayeshashaikh581556@gmail.com,Salary,20058.92,838
8695,Amit Shaikh,60,Thane,amitshaikh168232@gmail.com,Salary,33633.91,576
8696,Arjun Pawar,51,Kolhapur,arjunpawar72322@gmail.com,Savings,18730.95,746
8697,Mohit Singh,56,Mumbai,mohitsingh557037@gmail.com,Savings,49569.74,830
8698,Ayesha Sharma,53,Aurangabad,ayeshasharma162655@gmail.com,Current,7418.59,789
8699,Aditya Joshi,55,Satara,adityajoshi471313@gmail.com,Savings,7798.82,837
8700,,20,Aurangabad,,Current,33635.23,760
8701,Sneha Gupta,40,Solapur,snehagupta310135@gmail.com,Savings,35957.29,561
8702,Akash Shaikh,45,Mumbai,akashshaikh859322@gmail.com,Salary,32991.62,719
8703,Kavya Sharma,35,Nagpur,kavyasharma276241@gmail.com,Salary,10573.6,648
8704,Ayesha Gupta,30,Pune,ayeshagupta568015@gmail.com,Savings,1410.32,825
8705,Akash Singh,70,Kolhapur,akashsingh385045@gmail.com,Savings,31749.09,721
8706,Vijay Gupta,44,Thane,vijaygupta476236@gmail.com,Salary,27100.54,717
8707,Rohan Pawar,35,Satara,rohanpawar854@gmail.com,Salary,21793.28,659
8708,Karan Singh,18,Aurangabad,karansingh813708@gmail.com,Current,22962.13,
8709,Riya Gupta,24,Aurangabad,riyagupta669118@gmail.com,Savings,23191.9,649
8710,Rahul Gupta,33,Nashik,rahulgupta530635@gmail.com,Salary,35940.53,796
8711,Vijay Jadhav,50,Ahmednagar,vijayjadhav397555@gmail.com,Savings,17129.0,829
8712,Vijay Shaikh,33,Solapur,vijayshaikh769395@gmail.com,Current,12027.28,649
8713,Mohit Verma,44,Nagpur,mohitverma194646@gmail.com,Current,32536.86,739
8714,Vijay Pawar,63,Aurangabad,vijaypawar925921@gmail.com,Current,7020.44,696
8715,Akash Khan,37,Pune,akashkhan19729@gmail.com,Current,-9910.3,802
8716,Sahil Sharma,56,Pune,sahilsharma649938@gmail.com,Current,21333.96,598
8717,Ayesha Jadhav,50,Nagpur,ayeshajadhav898550@gmail.com,Salary,46750.23,627
8718,Priya Sharma,66,Ahmednagar,priyasharma381860@gmail.com,Current,27458.68,664
8719,Sneha Khan,24,Aurangabad,snehakhan813812@gmail.com,Current,7171.76,573
8720,Ananya Joshi,60,Pune,ananyajoshi650424@gmail.com,Savings,49775.44,568
8721,Sahil Patil,54,Satara,sahilpatil250485@gmail.com,Current,17147.14,722
8722,Mohit Patil,38,Nagpur,mohitpatil336372@gmail.com,Current,36883.01,576
8723,,38,Pune,,Savings,715.98,647
8724,Karan Verma,26,Satara,karanverma756127@gmail.com,Salary,18571.28,835
8725,Priya Sharma,51,Nashik,priyasharma66518@gmail.com,Savings,42495.83,567
8726,Neha Joshi,43,Thane,nehajoshi690366@gmail.com,Savings,10706.83,791
8727,Simran Pawar,19,Mumbai,simranpawar565236@gmail.com,Current,5351.28,553
8728,Simran Singh,57,Solapur,simransingh858935@gmail.com,Current,2325.87,609
8729,Isha Sharma,23,Mumbai,ishasharma406413@gmail.com,Current,3992.16,558
8730,Sneha Khan,22,Aurangabad,snehakhan199192@gmail.com,,48613.29,799
8731,Rohan Sharma,34,Kolhapur,rohansharma549626@gmail.com,Current,30252.99,827
8732,Sneha Gupta,19,Kolhapur,snehagupta716512@gmail.com,Savings,40988.55,804
8733,Pooja Verma,58,Ahmednagar,poojaverma521818@gmail.com,Savings,23185.42,799
8734,Isha Singh,66,Kolhapur,ishasingh803030@gmail.com,Current,6434.49,650
8735,Rohan Jadhav,70,Ahmednagar,rohanjadhav578355@gmail.com,Savings,14389.46,724
8736,Pooja Joshi,38,Aurangabad,poojajoshi161718@gmail.com,Salary,29256.46,808
8737,Riya Singh,67,Ahmednagar,riyasingh642918@gmail.com,Savings,43732.0,828
8738,Aditya Pawar,,Nashik,adityapawar296982@gmail.com,Current,9091.65,847
8739,Isha Sharma,30,Aurangabad,ishasharma338370@gmail.com,Current,9554.5,608
8740,Sneha Singh,52,Nashik,snehasingh429811@gmail.com,Savings,,647
8741,Mohit Pawar,62,Nagpur,mohitpawar672136@gmail.com,Current,,760
8742,Neha Shaikh,58,Kolhapur,nehashaikh337766@gmail.com,Savings,3817.25,557
8743,Arjun Gupta,39,Ahmednagar,arjungupta115930@gmail.com,Current,40599.8,815
8744,Ananya Singh,59,Ahmednagar,ananyasingh101032@gmail.com,Salary,22779.27,626
8745,Ayesha Joshi,61,Satara,ayeshajoshi548715@gmail.com,Current,23464.19,653
8746,Rahul Sharma,,Satara,rahulsharma690997@gmail.com,Salary,15619.18,719
8747,Riya Gupta,40,Thane,riyagupta70018@gmail.com,Current,34753.87,774
8748,Simran Shaikh,26,Nashik,simranshaikh46003@gmail.com,Salary,40088.48,729
8749,Vijay Singh,54,Satara,vijaysingh875863@gmail.com,Current,18228.7,550
8750,Akash Pawar,40,Kolhapur,akashpawar983454@gmail.com,Savings,21732.32,845
8751,Sahil Joshi,20,Kolhapur,sahiljoshi136178@gmail.com,Salary,14391.18,782
8752,Vijay Khan,,Nagpur,vijaykhan187416@gmail.com,Savings,1962.3,635
8753,Kavya Patil,54,Mumbai,kavyapatil916023@gmail.com,Savings,25264.6,566
8754,Vijay Patil,52,Satara,vijaypatil32892@gmail.com,Savings,43488.3,849
8755,Riya Shaikh,61,Mumbai,riyashaikh211995@gmail.com,Salary,46918.41,812
8756,Isha Joshi,25,Pune,ishajoshi112355@gmail.com,Savings,37938.87,637
8757,Amit Khan,68,Nashik,amitkhan509047@gmail.com,Savings,46830.78,608
8758,Karan Jadhav,67,Satara,karanjadhav201024@gmail.com,Salary,10547.98,810
8759,Arjun Joshi,61,Nashik,arjunjoshi103650@gmail.com,Current,3987.73,753
8760,Rohan Joshi,30,Nashik,rohanjoshi33462@gmail.com,Savings,6777.66,598
8761,Akash Jadhav,53,Satara,akashjadhav598849@gmail.com,Salary,40947.03,692
8762,Ananya Singh,43,Kolhapur,ananyasingh673025@gmail.com,Current,21161.43,736
8763,Simran Joshi,20,Aurangabad,simranjoshi877023@gmail.com,Current,10416.62,818
8764,Priya Verma,19,Satara,priyaverma407575@gmail.com,Savings,32755.52,772
8765,Rahul Pawar,68,Satara,rahulpawar689980@gmail.com,Salary,33617.48,645
8766,Sahil Khan,35,Thane,sahilkhan513807@gmail.com,Current,1446.86,815
8767,Neha Verma,,Aurangabad,nehaverma551463@gmail.com,Savings,29852.15,583
8768,Kavya Sharma,53,Aurangabad,kavyasharma654380@gmail.com,Salary,43464.12,
8769,Pooja Jadhav,54,Aurangabad,poojajadhav735481@gmail.com,Savings,43741.27,690
8770,Arjun Singh,57,Thane,arjunsingh619075@gmail.com,Current,7864.87,673
8771,Arjun Shaikh,53,Ahmednagar,arjunshaikh268471@gmail.com,Current,48869.14,599
8772,Akash Joshi,35,Ahmednagar,akashjoshi51570@gmail.com,Current,7092.38,759
8773,Neha Sharma,68,Aurangabad,nehasharma384250@gmail.com,Current,6108.41,739
8774,Sneha Shaikh,59,Aurangabad,snehashaikh231544@gmail.com,Salary,19704.96,746
8775,Vijay Verma,54,Kolhapur,vijayverma635488@gmail.com,Savings,25492.61,622
8776,Sneha Gupta,24,Ahmednagar,snehagupta752815@gmail.com,Salary,48418.29,552
8777,Priya Shaikh,39,Kolhapur,priyashaikh74416@gmail.com,Current,689.6,713
8778,Amit Sharma,19,Thane,amitsharma13821@gmail.com,Salary,,652
8779,Amit Gupta,44,Solapur,amitgupta975496@gmail.com,Current,46753.65,827
8780,Isha Patil,42,Satara,ishapatil965875@gmail.com,Savings,49305.6,835
8781,Riya Shaikh,38,Aurangabad,riyashaikh218977@gmail.com,Salary,18251.41,551
8782,Isha Gupta,64,Kolhapur,ishagupta687703@gmail.com,Salary,37486.87,624
8783,Akash Jadhav,18,Mumbai,akashjadhav515376@gmail.com,Savings,34037.84,600
8784,Amit Verma,26,Satara,amitverma973601@gmail.com,Savings,49529.01,767
8785,Simran Joshi,56,Mumbai,simranjoshi933088@gmail.com,Current,16937.33,749
8786,Ayesha Joshi,36,Nashik,ayeshajoshi872596@gmail.com,Current,20795.77,747
8787,Ayesha Khan,23,Solapur,ayeshakhan83940@gmail.com,Salary,,767
8788,Isha Khan,44,Solapur,ishakhan490895@gmail.com,Salary,20442.65,592
8789,Arjun Pawar,70,Solapur,arjunpawar840030@gmail.com,Current,,614
8790,Simran Shaikh,62,Pune,simranshaikh670052@gmail.com,Savings,17290.23,673
8791,Arjun Joshi,23,Pune,arjunjoshi63748@gmail.com,Savings,31640.69,775
8792,Rahul Singh,34,Kolhapur,rahulsingh378558@gmail.com,Savings,22823.38,814
8793,Vijay Pawar,53,Pune,vijaypawar585226@gmail.com,Salary,34933.52,764
8794,Isha Patil,,Ahmednagar,ishapatil779692@gmail.com,Current,3038.99,606
8795,Amit Gupta,,Kolhapur,amitgupta983919@gmail.com,,47339.15,821
8796,Kavya Khan,40,Thane,kavyakhan933784@gmail.com,Current,15763.12,640
8797,Riya Singh,30,Kolhapur,riyasingh436258@gmail.com,Current,29200.98,794
8798,Rahul Sharma,31,Thane,rahulsharma862057@gmail.com,Current,28808.36,588
8799,Ananya Verma,44,Ahmednagar,ananyaverma387096@gmail.com,Savings,1655.91,617
8800,Aditya Shaikh,28,Mumbai,adityashaikh832931@gmail.com,Current,2469.92,686
8801,Akash Jadhav,44,Mumbai,akashjadhav742946@gmail.com,Current,26997.32,839
8802,Mohit Gupta,21,Satara,mohitgupta61232@gmail.com,Salary,4175.15,622
8803,Kavya Shaikh,59,Nashik,kavyashaikh863752@gmail.com,Current,8900.24,842
8804,Sahil Sharma,57,Satara,sahilsharma647001@gmail.com,Current,23971.13,551
8805,Isha Pawar,32,Satara,ishapawar278827@gmail.com,Savings,12454.32,694
8806,Vijay Singh,54,Pune,vijaysingh554818@gmail.com,Salary,23399.37,764
8807,Neha Sharma,45,Nagpur,nehasharma42727@gmail.com,Salary,17039.42,605
8808,Vijay Gupta,31,Solapur,vijaygupta770069@gmail.com,Current,34569.82,619
8809,Simran Verma,28,Ahmednagar,simranverma73907@gmail.com,Salary,12288.02,820
8810,Mohit Shaikh,34,Aurangabad,mohitshaikh875091@gmail.com,Salary,12762.44,638
8811,Kavya Khan,40,Solapur,kavyakhan318767@gmail.com,Current,,803
8812,Kavya Pawar,69,Pune,kavyapawar81821@gmail.com,Savings,28800.85,
8813,Simran Khan,,Pune,simrankhan990588@gmail.com,Savings,26800.8,842
8814,Simran Gupta,62,Pune,simrangupta226487@gmail.com,Current,36839.75,575
8815,Amit Joshi,58,Aurangabad,amitjoshi544819@gmail.com,Salary,30590.7,655
8816,Sneha Jadhav,36,Aurangabad,snehajadhav101936@gmail.com,Salary,37349.14,586
8817,Neha Pawar,39,Nagpur,nehapawar106242@gmail.com,Current,10807.27,656
8818,Sahil Sharma,45,Aurangabad,sahilsharma760497@gmail.com,Savings,14584.51,716
8819,Pooja Verma,49,Solapur,poojaverma242339@gmail.com,Salary,28388.15,826
8820,Ananya Khan,52,Nashik,ananyakhan557587@gmail.com,Current,22941.39,684
8821,Ananya Pawar,19,Nagpur,ananyapawar404148@gmail.com,Salary,48191.29,768
8822,Mohit Shaikh,66,Satara,mohitshaikh198763@gmail.com,Salary,13610.61,625
8823,Neha Sharma,61,Nagpur,nehasharma202600@gmail.com,Current,4856.21,773
8824,Ananya Singh,23,Mumbai,ananyasingh551852@gmail.com,Current,40232.72,630
8825,Rahul Verma,37,Nagpur,rahulverma688884@gmail.com,Savings,46385.62,773
8826,Amit Gupta,42,Nagpur,amitgupta260946@gmail.com,Savings,19739.14,691
8827,Isha Sharma,67,Satara,ishasharma597817@gmail.com,Salary,43495.98,799
8828,Amit Verma,44,Mumbai,amitverma655800@gmail.com,Salary,38224.65,580
8829,Aditya Khan,18,Ahmednagar,adityakhan993629@gmail.com,Current,30358.44,579
8830,Arjun Singh,70,Satara,arjunsingh187688@gmail.com,Savings,18060.82,559
8831,Akash Gupta,36,Pune,akashgupta585649@gmail.com,Savings,40277.57,
8832,Sahil Joshi,59,Pune,sahiljoshi785687@gmail.com,,24550.17,810
8833,Isha Sharma,30,Kolhapur,ishasharma585353@gmail.com,Salary,-47190.92,626
8834,Isha Shaikh,19,Nashik,ishashaikh435452@gmail.com,Savings,24727.42,618
8835,Simran Singh,54,Mumbai,simransingh782451@gmail.com,Current,34938.86,720
8836,Ayesha Sharma,25,Satara,ayeshasharma110739@gmail.com,Current,693.96,772
8837,Arjun Singh,26,Aurangabad,arjunsingh803606@gmail.com,Salary,26122.16,822
8838,Rahul Verma,68,Solapur,rahulverma669746@gmail.com,Current,10469.05,665
8839,Aditya Joshi,62,Satara,adityajoshi604670@gmail.com,Current,5354.99,552
8840,Amit Sharma,25,Nagpur,amitsharma375451@gmail.com,Savings,47728.56,760
8841,Rohan Pawar,24,Aurangabad,rohanpawar707356@gmail.com,Savings,23756.88,
8842,Neha Pawar,42,Solapur,nehapawar481103@gmail.com,Current,22613.16,711
8843,Aditya Gupta,29,Satara,adityagupta736777@gmail.com,Salary,20347.63,673
8844,Riya Gupta,22,Nashik,riyagupta697657@gmail.com,Current,17457.92,741
8845,Rohan Singh,22,Thane,rohansingh447920@gmail.com,Savings,26138.53,
8846,Karan Gupta,29,Kolhapur,karangupta925808@gmail.com,Salary,48765.84,674
8847,Priya Sharma,65,Nagpur,priyasharma109259@gmail.com,Savings,6351.7,609
8848,Isha Shaikh,46,Mumbai,ishashaikh175012@gmail.com,Savings,49817.53,692
8849,Isha Khan,59,Kolhapur,ishakhan831056@gmail.com,Current,28986.72,611
8850,Ayesha Shaikh,31,Thane,ayeshashaikh189259@gmail.com,Salary,27682.08,792
8851,Priya Sharma,50,Pune,priyasharma576780@gmail.com,Savings,22819.28,772
8852,Mohit Jadhav,53,Satara,mohitjadhav421163@gmail.com,Current,23658.07,668
8853,Simran Shaikh,64,Nagpur,simranshaikh529308@gmail.com,Salary,21174.1,798
8854,Mohit Verma,21,Nashik,mohitverma354007@gmail.com,Savings,41167.27,800
8855,Isha Jadhav,31,Ahmednagar,ishajadhav689572@gmail.com,Current,39712.67,751
8856,Rohan Joshi,,Nashik,rohanjoshi165960@gmail.com,Current,1076.41,698
8857,Arjun Singh,49,Pune,arjunsingh559935@gmail.com,,24900.88,574
8858,Sneha Khan,50,Satara,snehakhan629157@gmail.com,Salary,26076.05,708
8859,Ayesha Joshi,18,Thane,ayeshajoshi464631@gmail.com,Savings,38786.15,793
8860,Vijay Jadhav,53,Mumbai,vijayjadhav978966@gmail.com,Current,12098.86,740
8861,Vijay Sharma,59,Nagpur,vijaysharma369538@gmail.com,Salary,48267.3,649
8862,Mohit Verma,26,Solapur,mohitverma946424@gmail.com,Salary,11395.22,736
8863,Mohit Khan,18,Solapur,mohitkhan330563@gmail.com,Savings,31552.15,573
8864,Karan Jadhav,44,Pune,karanjadhav576902@gmail.com,Current,13184.36,747
8865,Vijay Sharma,,Mumbai,vijaysharma340524@gmail.com,Salary,29058.9,636
8866,Sahil Sharma,66,Nagpur,sahilsharma885993@gmail.com,Current,33737.55,813
8867,Sneha Patil,,Kolhapur,snehapatil389876@gmail.com,Current,25064.31,743
8868,Mohit Pawar,45,Solapur,mohitpawar432473@gmail.com,Current,22285.54,685
8869,Amit Gupta,30,Solapur,amitgupta801405@gmail.com,Current,20819.28,761
8870,Akash Singh,45,Kolhapur,akashsingh664101@gmail.com,Current,13283.83,611
8871,Kavya Pawar,,Nashik,kavyapawar451604@gmail.com,Savings,19669.7,666
8872,Akash Sharma,59,Aurangabad,akashsharma866386@gmail.com,Current,44580.21,606
8873,Ayesha Verma,30,Ahmednagar,ayeshaverma761227@gmail.com,Savings,11631.67,680
8874,Karan Pawar,70,Ahmednagar,karanpawar339262@gmail.com,Current,44038.42,689
8875,Rohan Khan,63,Ahmednagar,rohankhan638067@gmail.com,Savings,23936.38,764
8876,,25,Nashik,,Savings,13779.39,
8877,Rahul Singh,44,Kolhapur,rahulsingh252515@gmail.com,Savings,28333.13,740
8878,Rohan Pawar,35,Thane,rohanpawar590600@gmail.com,Savings,7062.28,845
8879,Neha Pawar,52,Nashik,nehapawar572230@gmail.com,Savings,7219.28,735
8880,Riya Pawar,37,Mumbai,riyapawar224419@gmail.com,Savings,11790.74,639
8881,Ayesha Sharma,60,Nashik,ayeshasharma393382@gmail.com,Savings,39948.1,820
8882,Ananya Verma,,Nagpur,ananyaverma803003@gmail.com,Salary,20754.13,715
8883,Mohit Shaikh,59,Nashik,mohitshaikh577067@gmail.com,Savings,12802.27,591
8884,Amit Jadhav,45,Ahmednagar,amitjadhav971235@gmail.com,Savings,35488.73,599
8885,Ananya Singh,54,Nagpur,ananyasingh780846@gmail.com,Current,20757.44,825
8886,Isha Verma,28,Solapur,ishaverma266531@gmail.com,Current,36971.7,848
8887,Vijay Gupta,29,Nagpur,vijaygupta377596@gmail.com,Current,-17754.05,688
8888,Riya Joshi,57,Thane,riyajoshi474479@gmail.com,Savings,38421.97,725
8889,Ayesha Singh,37,Thane,ayeshasingh469337@gmail.com,Savings,46841.57,603
8890,Amit Pawar,70,Aurangabad,amitpawar416479@gmail.com,Savings,33628.11,578
8891,Neha Khan,29,Mumbai,nehakhan305@gmail.com,Salary,9859.15,765
8892,Aditya Shaikh,47,Solapur,adityashaikh761694@gmail.com,Current,35597.79,765
8893,Neha Joshi,30,Ahmednagar,nehajoshi36446@gmail.com,Current,15777.01,823
8894,,20,Satara,,Current,25903.88,658
8895,Simran Verma,22,Pune,simranverma298401@gmail.com,Current,7124.37,795
8896,Pooja Gupta,52,Solapur,poojagupta624802@gmail.com,Current,24083.15,777
8897,Riya Verma,41,Mumbai,riyaverma17194@gmail.com,Current,18165.5,819
8898,Kavya Singh,37,Kolhapur,kavyasingh542852@gmail.com,Savings,25279.38,636
8899,Vijay Patil,32,Kolhapur,vijaypatil141747@gmail.com,Savings,37102.99,605
8900,Priya Jadhav,,Ahmednagar,priyajadhav933672@gmail.com,Salary,40590.45,674
8901,Karan Shaikh,53,Pune,karanshaikh316603@gmail.com,Salary,10430.31,686
8902,Neha Jadhav,30,Aurangabad,nehajadhav6987@gmail.com,Current,42929.52,726
8903,Neha Shaikh,65,Mumbai,nehashaikh315022@gmail.com,Salary,26034.65,840
8904,Ananya Jadhav,68,Mumbai,ananyajadhav232765@gmail.com,Savings,6978.12,843
8905,Aditya Sharma,44,Nagpur,adityasharma225358@gmail.com,Savings,11757.15,834
8906,Sahil Shaikh,34,Ahmednagar,sahilshaikh897387@gmail.com,Salary,40953.52,605
8907,Ayesha Gupta,35,Nagpur,ayeshagupta330301@gmail.com,Salary,24466.65,792
8908,Pooja Jadhav,31,Aurangabad,poojajadhav22855@gmail.com,Current,25194.46,722
8909,Arjun Singh,24,Aurangabad,arjunsingh809100@gmail.com,Savings,21494.04,834
8910,Priya Gupta,55,Nagpur,priyagupta861966@gmail.com,Current,10996.01,624
8911,Aditya Joshi,40,Solapur,adityajoshi989271@gmail.com,,778.74,814
8912,Ayesha Pawar,26,Nagpur,ayeshapawar723322@gmail.com,Current,13181.22,716
8913,Kavya Pawar,59,Mumbai,kavyapawar862383@gmail.com,,39240.47,612
8914,Sneha Verma,49,Satara,snehaverma289462@gmail.com,Salary,47703.86,601
8915,Ananya Gupta,28,Kolhapur,ananyagupta963858@gmail.com,Salary,24735.92,723
8916,Rohan Khan,28,Nashik,rohankhan580657@gmail.com,Current,12166.05,662
8917,Ananya Khan,54,Thane,ananyakhan536207@gmail.com,Salary,45465.39,841
8918,Simran Shaikh,23,Mumbai,simranshaikh583447@gmail.com,Current,25468.34,688
8919,Karan Patil,52,Solapur,karanpatil598488@gmail.com,Salary,40716.64,802
8920,Rahul Khan,36,Aurangabad,rahulkhan971000@gmail.com,Savings,17302.45,776
8921,Neha Khan,61,Aurangabad,nehakhan599478@gmail.com,Salary,34037.14,778
8922,Isha Jadhav,51,Kolhapur,ishajadhav162330@gmail.com,Salary,1990.11,574
8923,Sahil Jadhav,59,Solapur,sahiljadhav98967@gmail.com,Current,37933.81,670
8924,Ananya Sharma,26,Pune,ananyasharma39669@gmail.com,Current,27558.54,713
8925,Rahul Jadhav,45,Ahmednagar,rahuljadhav482832@gmail.com,Current,19960.39,672
8926,Ananya Joshi,27,Pune,ananyajoshi373032@gmail.com,Savings,29198.11,711
8927,Neha Patil,21,Aurangabad,nehapatil163790@gmail.com,Salary,41571.39,716
8928,Akash Joshi,70,Solapur,akashjoshi145231@gmail.com,Salary,17007.88,609
8929,Neha Shaikh,37,Pune,nehashaikh277960@gmail.com,Salary,4862.57,664
8930,Pooja Patil,46,Thane,poojapatil385014@gmail.com,Current,12766.47,759
8931,Amit Gupta,26,Nashik,amitgupta932939@gmail.com,Current,14455.23,795
8932,Arjun Singh,59,Mumbai,arjunsingh610534@gmail.com,Salary,10028.22,567
8933,Riya Patil,25,Aurangabad,riyapatil262093@gmail.com,Salary,32643.6,650
8934,Simran Khan,70,Nagpur,simrankhan244412@gmail.com,Current,37793.93,634
8935,Aditya Verma,66,Kolhapur,adityaverma268791@gmail.com,Current,,798
8936,Rohan Jadhav,31,Ahmednagar,rohanjadhav850572@gmail.com,Savings,31376.1,732
8937,Simran Patil,20,Ahmednagar,simranpatil314989@gmail.com,Current,29186.47,720
8938,Ananya Verma,28,Nashik,ananyaverma96469@gmail.com,Current,33008.77,779
8939,Neha Gupta,70,Satara,nehagupta598299@gmail.com,Current,14411.68,758
8940,Aditya Shaikh,,Pune,adityashaikh419318@gmail.com,Current,17381.53,703
8941,Simran Verma,52,Pune,simranverma596807@gmail.com,Salary,46915.44,694
8942,Kavya Jadhav,43,Aurangabad,kavyajadhav962568@gmail.com,Savings,41464.44,770
8943,Akash Patil,59,Nagpur,akashpatil228099@gmail.com,Current,21956.44,553
8944,Kavya Pawar,29,Aurangabad,kavyapawar770033@gmail.com,Current,36274.8,554
8945,Akash Gupta,52,Kolhapur,akashgupta81051@gmail.com,Savings,12613.18,793
8946,Sneha Sharma,37,Mumbai,snehasharma758829@gmail.com,Salary,42385.75,563
8947,,41,Mumbai,,Salary,2720.55,594
8948,Arjun Joshi,64,Kolhapur,arjunjoshi340564@gmail.com,Savings,7472.28,771
8949,Riya Pawar,64,Nashik,riyapawar831520@gmail.com,Current,31978.41,575
8950,Rahul Singh,49,Pune,rahulsingh506072@gmail.com,Savings,13503.06,782
8951,Simran Verma,70,Satara,simranverma181401@gmail.com,Salary,30095.45,648
8952,Mohit Jadhav,57,Kolhapur,mohitjadhav512094@gmail.com,Savings,33901.25,694
8953,Ananya Shaikh,43,Mumbai,ananyashaikh865914@gmail.com,Salary,22434.36,609
8954,Sahil Joshi,69,Solapur,sahiljoshi942795@gmail.com,Current,6450.23,756
8955,Sahil Patil,,Aurangabad,sahilpatil723192@gmail.com,Salary,12255.19,828
8956,Akash Pawar,44,Aurangabad,akashpawar737089@gmail.com,Salary,17649.88,612
8957,Ayesha Singh,28,Nashik,ayeshasingh604323@gmail.com,Savings,37623.15,619
8958,Sneha Shaikh,66,Solapur,snehashaikh859424@gmail.com,Salary,7057.17,807
8959,Ananya Jadhav,59,Kolhapur,ananyajadhav951845@gmail.com,Salary,,741
8960,Kavya Shaikh,18,Ahmednagar,kavyashaikh100096@gmail.com,Current,48882.21,832
8961,Aditya Gupta,56,Ahmednagar,adityagupta624245@gmail.com,Savings,44822.03,651
8962,Simran Jadhav,24,Kolhapur,simranjadhav673552@gmail.com,Salary,12370.85,625
8963,Sneha Sharma,59,Pune,snehasharma315085@gmail.com,Savings,20824.22,564
8964,Ayesha Joshi,32,Solapur,ayeshajoshi39286@gmail.com,Salary,8239.77,614
8965,Mohit Khan,42,Aurangabad,mohitkhan766388@gmail.com,Salary,17432.7,598
8966,Arjun Shaikh,50,Pune,arjunshaikh847707@gmail.com,Salary,39419.98,833
8967,Pooja Sharma,61,Thane,poojasharma604377@gmail.com,Current,40562.57,724
8968,Amit Verma,27,Ahmednagar,amitverma400180@gmail.com,Current,26565.92,840
8969,Priya Jadhav,19,Aurangabad,priyajadhav82389@gmail.com,Savings,32678.93,691
8970,Rohan Gupta,69,Ahmednagar,rohangupta818117@gmail.com,Savings,40602.16,724
8971,Akash Sharma,54,Nagpur,akashsharma58739@gmail.com,Current,48721.65,604
8972,Rahul Khan,70,Aurangabad,rahulkhan966752@gmail.com,Current,38713.85,763
8973,Simran Gupta,26,Ahmednagar,simrangupta808448@gmail.com,Current,4648.22,764
8974,Amit Gupta,65,Ahmednagar,amitgupta350732@gmail.com,Salary,33418.65,820
8975,Ayesha Patil,32,Nagpur,ayeshapatil364931@gmail.com,Salary,24291.6,792
8976,Isha Verma,25,Pune,ishaverma922629@gmail.com,Current,35582.15,810
8977,Amit Pawar,39,Kolhapur,amitpawar856935@gmail.com,Current,27623.45,796
8978,Sneha Joshi,44,Satara,snehajoshi455501@gmail.com,Current,30167.71,630
8979,Amit Verma,28,Mumbai,amitverma436854@gmail.com,Current,23237.17,564
8980,Mohit Sharma,30,Pune,mohitsharma975533@gmail.com,Savings,7117.8,709
8981,Ananya Shaikh,47,Thane,ananyashaikh910086@gmail.com,Current,39472.98,814
8982,Neha Sharma,20,Kolhapur,nehasharma126495@gmail.com,Current,28322.04,719
8983,Amit Sharma,53,Satara,amitsharma912137@gmail.com,Savings,22981.64,633
8984,Ananya Verma,47,Nagpur,ananyaverma807912@gmail.com,Savings,38589.13,666
8985,Kavya Joshi,21,Mumbai,kavyajoshi237830@gmail.com,Current,37957.39,813
8986,Simran Patil,30,Solapur,simranpatil784097@gmail.com,Salary,39799.0,611
8987,Ayesha Verma,60,Mumbai,ayeshaverma684588@gmail.com,Savings,36092.05,823
8988,Kavya Singh,70,Kolhapur,kavyasingh890842@gmail.com,Savings,45011.99,807
8989,Isha Joshi,46,Nashik,ishajoshi631659@gmail.com,Salary,18900.72,759
8990,Pooja Gupta,,Kolhapur,poojagupta973863@gmail.com,Savings,39012.51,711
8991,Vijay Shaikh,68,Pune,vijayshaikh12089@gmail.com,Savings,5814.27,733
8992,Isha Shaikh,50,Nagpur,ishashaikh664778@gmail.com,Savings,31095.48,652
8993,Priya Khan,,Nagpur,priyakhan815282@gmail.com,Savings,47635.92,718
8994,Neha Shaikh,42,Thane,nehashaikh663003@gmail.com,,-45789.08,644
8995,Priya Singh,69,Satara,priyasingh401166@gmail.com,Current,1841.75,562
8996,Sahil Sharma,53,Thane,sahilsharma56857@gmail.com,Savings,38392.12,823
8997,Isha Gupta,28,Nagpur,ishagupta319688@gmail.com,Current,38634.4,648
8998,Ananya Khan,36,Pune,ananyakhan549955@gmail.com,,44947.89,647
8999,Amit Patil,,Solapur,amitpatil43282@gmail.com,Savings,16138.51,705
9000,Sneha Patil,46,Satara,snehapatil334927@gmail.com,Salary,7490.42,634
9001,,43,Mumbai,,Salary,30387.14,619
9002,Riya Khan,29,Satara,riyakhan566257@gmail.com,Savings,43934.84,731
9003,Kavya Gupta,61,Satara,kavyagupta592454@gmail.com,Savings,47554.33,835
9004,Rohan Sharma,43,Ahmednagar,rohansharma156946@gmail.com,Current,22061.23,773
9005,Vijay Joshi,65,Pune,vijayjoshi342807@gmail.com,Current,9054.42,740
9006,Karan Shaikh,54,Nashik,karanshaikh526906@gmail.com,Savings,45338.64,701
9007,Pooja Patil,46,Thane,poojapatil731763@gmail.com,Salary,34654.55,802
9008,Mohit Khan,25,Mumbai,mohitkhan231622@gmail.com,Current,,718
9009,Amit Pawar,31,Thane,amitpawar160739@gmail.com,Current,39701.28,720
9010,Riya Sharma,31,Nagpur,riyasharma53073@gmail.com,Salary,49140.31,774
9011,Ananya Patil,20,Nagpur,ananyapatil706457@gmail.com,Current,27444.53,713
9012,Priya Sharma,38,Nashik,priyasharma767215@gmail.com,Current,30963.12,798
9013,Sneha Patil,43,Nagpur,snehapatil412067@gmail.com,Current,23517.51,802
9014,Rohan Patil,49,Satara,rohanpatil467362@gmail.com,Salary,35924.59,586
9015,Aditya Sharma,46,Satara,adityasharma789510@gmail.com,Salary,20697.59,731
9016,Aditya Joshi,68,Pune,adityajoshi624141@gmail.com,Salary,1368.82,645
9017,Mohit Singh,30,Thane,mohitsingh603298@gmail.com,Salary,26856.78,726
9018,Sahil Joshi,66,Solapur,sahiljoshi529347@gmail.com,Current,25669.2,847
9019,Kavya Shaikh,53,Aurangabad,kavyashaikh94558@gmail.com,Salary,23314.01,770
9020,Arjun Shaikh,59,Aurangabad,arjunshaikh232973@gmail.com,Salary,12406.07,805
9021,Kavya Verma,54,Nashik,kavyaverma453017@gmail.com,Savings,45985.94,783
9022,Rohan Verma,52,Thane,rohanverma303959@gmail.com,Current,,782
9023,Priya Gupta,65,Solapur,priyagupta824666@gmail.com,Savings,44680.74,654
9024,Ayesha Sharma,64,Pune,ayeshasharma413577@gmail.com,Current,10349.91,785
9025,Mohit Khan,68,Aurangabad,mohitkhan155302@gmail.com,Current,37885.13,561
9026,Karan Khan,49,Mumbai,karankhan138710@gmail.com,Salary,32889.27,565
9027,Amit Patil,59,Aurangabad,amitpatil352597@gmail.com,Savings,48064.59,634
9028,Sneha Pawar,67,Solapur,snehapawar86654@gmail.com,Salary,36800.66,793
9029,Ayesha Joshi,0,Mumbai,ayeshajoshi499069@gmail.com,Current,25854.47,
9030,Arjun Gupta,33,Satara,arjungupta599298@gmail.com,Salary,5611.51,828
9031,Kavya Sharma,36,Thane,kavyasharma781619@gmail.com,Current,9950.68,710
9032,Isha Gupta,18,Solapur,ishagupta51806@gmail.com,Salary,6988.32,598
9033,Aditya Sharma,64,Aurangabad,adityasharma574879@gmail.com,Current,25301.34,
9034,Rahul Singh,47,Satara,rahulsingh418682@gmail.com,Savings,48329.61,600
9035,Kavya Singh,63,Mumbai,kavyasingh275411@gmail.com,Salary,4990.59,824
9036,Arjun Jadhav,56,Nashik,arjunjadhav89311@gmail.com,Current,20475.25,559
9037,Vijay Khan,35,Satara,vijaykhan417985@gmail.com,Salary,47459.94,556
9038,Rohan Pawar,32,Thane,rohanpawar526299@gmail.com,Salary,40990.91,775
9039,Ananya Pawar,33,Nagpur,ananyapawar455696@gmail.com,Savings,,762
9040,Arjun Sharma,63,Satara,arjunsharma811514@gmail.com,Savings,8825.91,693
9041,Mohit Shaikh,37,Kolhapur,mohitshaikh731870@gmail.com,Current,,840
9042,Riya Sharma,28,Nagpur,riyasharma136808@gmail.com,Current,11343.21,580
9043,Simran Jadhav,65,Mumbai,simranjadhav799149@gmail.com,Current,40014.71,
9044,Amit Patil,39,Kolhapur,amitpatil141522@gmail.com,Savings,17673.84,793
9045,Vijay Khan,23,Thane,vijaykhan504383@gmail.com,Current,27671.61,606
9046,Vijay Singh,26,Satara,vijaysingh586564@gmail.com,Savings,36544.62,708
9047,Pooja Gupta,29,Thane,poojagupta207831@gmail.com,Savings,,763
9048,Riya Singh,21,Pune,riyasingh511659@gmail.com,Current,41764.84,691
9049,Sahil Shaikh,29,,sahilshaikh414621@gmail.com,Current,20577.75,570
9050,Aditya Patil,66,Nashik,adityapatil684032@gmail.com,Current,30983.96,553
9051,Aditya Pawar,67,Thane,adityapawar599183@gmail.com,Savings,43559.0,803
9052,Amit Verma,37,Nashik,amitverma205725@gmail.com,Salary,20666.28,560
9053,Sneha Singh,24,Mumbai,snehasingh588526@gmail.com,Savings,12133.81,796
9054,Karan Sharma,62,Nagpur,karansharma646019@gmail.com,Salary,22295.57,602
9055,Riya Shaikh,35,Thane,riyashaikh771503@gmail.com,Savings,30766.37,634
9056,Arjun Sharma,32,Aurangabad,arjunsharma549813@gmail.com,Savings,16342.63,555
9057,Amit Gupta,56,Ahmednagar,amitgupta258307@gmail.com,Salary,44564.75,623
9058,Aditya Sharma,68,Kolhapur,adityasharma254185@gmail.com,Savings,38662.1,606
9059,Sneha Jadhav,48,Solapur,snehajadhav75224@gmail.com,Savings,36645.24,662
9060,Karan Singh,45,Nashik,karansingh279290@gmail.com,Savings,9639.12,580
9061,Ananya Pawar,57,Pune,ananyapawar814604@gmail.com,Current,34833.4,709
9062,Ayesha Patil,32,Nashik,ayeshapatil451056@gmail.com,Salary,42356.57,835
9063,Riya Pawar,53,Solapur,riyapawar339221@gmail.com,Salary,23375.49,848
9064,Simran Jadhav,52,Solapur,simranjadhav718099@gmail.com,Current,5714.5,815
9065,Akash Khan,23,Satara,akashkhan969129@gmail.com,Current,31548.66,730
9066,Pooja Singh,55,Ahmednagar,poojasingh604098@gmail.com,Salary,33843.01,641
9067,Sahil Pawar,21,Mumbai,sahilpawar94046@gmail.com,Savings,37068.77,576
9068,Priya Joshi,52,Mumbai,priyajoshi118096@gmail.com,Salary,11120.74,766
9069,Rahul Shaikh,37,Ahmednagar,rahulshaikh704478@gmail.com,Salary,36139.12,837
9070,Kavya Gupta,46,Nagpur,kavyagupta433772@gmail.com,Savings,,747
9071,Amit Sharma,53,Solapur,amitsharma444214@gmail.com,Salary,24565.11,574
9072,Riya Joshi,49,Satara,riyajoshi383110@gmail.com,Current,18322.14,840
9073,Priya Gupta,49,Pune,priyagupta365327@gmail.com,Savings,49773.16,743
9074,Riya Singh,35,Ahmednagar,riyasingh199842@gmail.com,Savings,39197.32,722
9075,Mohit Sharma,56,Ahmednagar,mohitsharma336418@gmail.com,Savings,23083.25,628
9076,Priya Singh,38,Mumbai,priyasingh361360@gmail.com,Savings,30224.98,793
9077,,37,Thane,,Salary,44492.14,709
9078,Aditya Shaikh,20,Nagpur,adityashaikh622825@gmail.com,Current,37124.51,649
9079,Pooja Pawar,33,Solapur,poojapawar687347@gmail.com,Savings,37741.79,721
9080,Ayesha Patil,48,Pune,ayeshapatil25482@gmail.com,Savings,44779.44,764
9081,Amit Sharma,63,Mumbai,amitsharma807169@gmail.com,Salary,40630.35,805
9082,Aditya Jadhav,58,Satara,adityajadhav319725@gmail.com,Savings,16389.03,565
9083,Neha Pawar,,Mumbai,nehapawar177577@gmail.com,Savings,49966.84,753
9084,Kavya Pawar,58,Nashik,kavyapawar366804@gmail.com,Savings,41702.52,780
9085,Simran Patil,45,Thane,simranpatil646254@gmail.com,Salary,34792.97,785
9086,Neha Shaikh,61,Nashik,nehashaikh861593@gmail.com,Current,36402.93,554
9087,Simran Sharma,32,Nashik,simransharma841892@gmail.com,Savings,3644.95,738
9088,Aditya Shaikh,51,Mumbai,adityashaikh463790@gmail.com,Current,1595.09,584
9089,Amit Jadhav,37,Kolhapur,amitjadhav653553@gmail.com,Salary,37002.12,701
9090,Amit Verma,61,Solapur,amitverma153001@gmail.com,Current,4964.6,713
9091,Mohit Sharma,30,Nashik,mohitsharma461959@gmail.com,Salary,1697.47,642
9092,Priya Joshi,69,Solapur,priyajoshi47157@gmail.com,Savings,15215.42,640
9093,Karan Jadhav,55,Satara,karanjadhav969207@gmail.com,Savings,19672.08,598
9094,Aditya Joshi,26,Thane,adityajoshi858015@gmail.com,Current,3913.35,761
9095,Riya Gupta,49,Nagpur,riyagupta244931@gmail.com,Savings,49631.81,716
9096,Rahul Pawar,58,Ahmednagar,rahulpawar209485@gmail.com,Savings,46081.05,577
9097,Sahil Khan,20,Nashik,sahilkhan718751@gmail.com,Current,33700.58,827
9098,Amit Pawar,29,Nagpur,amitpawar392079@gmail.com,Salary,17730.38,834
9099,Sneha Joshi,49,Nagpur,snehajoshi163668@gmail.com,Current,13383.94,652
9100,Karan Joshi,62,Pune,karanjoshi794641@gmail.com,Current,18467.29,550
9101,Akash Gupta,41,Ahmednagar,akashgupta763973@gmail.com,Current,29294.63,696
9102,Kavya Pawar,27,Aurangabad,kavyapawar894288@gmail.com,Savings,7581.42,702
9103,Rohan Shaikh,68,Satara,rohanshaikh90082@gmail.com,Salary,18131.24,685
9104,Sahil Pawar,20,,sahilpawar117930@gmail.com,Savings,6207.29,651
9105,Mohit Sharma,53,Aurangabad,mohitsharma775607@gmail.com,Savings,2824.69,562
9106,Vijay Sharma,41,Nagpur,vijaysharma57287@gmail.com,Savings,4430.55,613
9107,Pooja Joshi,56,,poojajoshi254954@gmail.com,Savings,37009.59,611
9108,Mohit Pawar,63,Aurangabad,mohitpawar995136@gmail.com,Salary,8862.12,789
9109,Amit Verma,40,Aurangabad,amitverma651268@gmail.com,Salary,32227.15,768
9110,Neha Sharma,23,Ahmednagar,nehasharma971846@gmail.com,Savings,35861.47,770
9111,Vijay Singh,,Nagpur,vijaysingh154950@gmail.com,Current,4165.14,781
9112,Sahil Patil,34,Ahmednagar,sahilpatil911052@gmail.com,Salary,39086.04,793
9113,Neha Gupta,20,Kolhapur,nehagupta872981@gmail.com,Current,21548.37,804
9114,,25,Thane,,Current,14566.84,610
9115,Sahil Pawar,31,Satara,sahilpawar860072@gmail.com,Salary,,828
9116,Arjun Shaikh,52,Thane,arjunshaikh301759@gmail.com,Savings,20104.3,650
9117,Rahul Pawar,40,Mumbai,rahulpawar14500@gmail.com,Salary,25466.34,840
9118,Kavya Gupta,,Kolhapur,kavyagupta360046@gmail.com,Salary,13239.33,683
9119,Sneha Joshi,30,Mumbai,snehajoshi727597@gmail.com,Salary,42319.93,691
9120,Priya Pawar,54,Nagpur,priyapawar843449@gmail.com,Savings,8403.32,778
9121,Priya Joshi,37,Pune,priyajoshi116783@gmail.com,Current,44946.1,802
9122,Rohan Singh,65,Nashik,rohansingh320039@gmail.com,Current,19620.86,648
9123,Aditya Shaikh,66,Thane,adityashaikh472023@gmail.com,Current,39827.72,
9124,Sneha Gupta,27,Solapur,snehagupta494178@gmail.com,Current,21320.78,738
9125,Rohan Khan,18,Aurangabad,rohankhan23953@gmail.com,Salary,33485.41,667
9126,Kavya Khan,50,Kolhapur,kavyakhan348097@gmail.com,Salary,3903.25,618
9127,Simran Jadhav,48,Thane,simranjadhav219262@gmail.com,Savings,14278.96,837
9128,Karan Singh,50,Satara,karansingh776059@gmail.com,Salary,45044.62,845
9129,Ananya Khan,43,Ahmednagar,ananyakhan564239@gmail.com,Salary,16682.79,727
9130,Aditya Pawar,54,Thane,adityapawar222267@gmail.com,Salary,36260.66,633
9131,Ayesha Pawar,27,Mumbai,ayeshapawar213801@gmail.com,Salary,3936.41,559
9132,Ayesha Joshi,35,Thane,ayeshajoshi573067@gmail.com,Current,22213.81,840
9133,Pooja Verma,62,Pune,poojaverma548784@gmail.com,Savings,,711
9134,Riya Patil,58,Satara,riyapatil786904@gmail.com,Salary,,727
9135,Mohit Patil,32,Kolhapur,mohitpatil271322@gmail.com,Salary,16422.34,769
9136,Ananya Patil,33,Nashik,ananyapatil575558@gmail.com,Salary,36748.16,688
9137,Karan Sharma,59,Kolhapur,karansharma506589@gmail.com,Current,43478.62,595
9138,Aditya Singh,55,Pune,adityasingh653406@gmail.com,Current,35773.06,710
9139,Mohit Singh,66,Aurangabad,mohitsingh765480@gmail.com,Savings,36666.47,749
9140,Rohan Khan,67,Mumbai,rohankhan148313@gmail.com,Savings,2983.63,721
9141,Ayesha Singh,28,,ayeshasingh728934@gmail.com,Salary,3582.46,824
9142,Neha Shaikh,,Nagpur,nehashaikh732797@gmail.com,Salary,17798.62,644
9143,Isha Joshi,24,Pune,ishajoshi700822@gmail.com,Salary,6072.62,687
9144,Amit Jadhav,53,Mumbai,amitjadhav19381@gmail.com,Salary,6776.56,573
9145,Riya Patil,50,Satara,riyapatil395000@gmail.com,Current,30942.24,826
9146,Amit Khan,42,Pune,amitkhan611424@gmail.com,Current,25505.11,684
9147,Neha Joshi,58,Nashik,nehajoshi950152@gmail.com,Savings,35256.43,843
9148,Neha Sharma,48,Satara,nehasharma695859@gmail.com,Current,840.45,732
9149,Simran Joshi,36,Nashik,simranjoshi552488@gmail.com,Current,36674.91,569
9150,Karan Sharma,33,Kolhapur,karansharma45694@gmail.com,Current,8289.74,820
9151,Pooja Khan,47,Aurangabad,poojakhan267965@gmail.com,Salary,1536.22,695
9152,Sneha Gupta,53,Mumbai,snehagupta178693@gmail.com,Salary,29855.1,752
9153,Arjun Sharma,43,Nashik,arjunsharma63129@gmail.com,Salary,40035.55,604
9154,Simran Khan,66,Mumbai,simrankhan297909@gmail.com,Savings,9137.5,659
9155,Rahul Pawar,19,Nagpur,rahulpawar210545@gmail.com,Salary,22339.01,790
9156,Priya Patil,33,Nashik,priyapatil827624@gmail.com,Salary,35822.85,554
9157,Priya Shaikh,61,,priyashaikh730461@gmail.com,Salary,4758.51,833
9158,Mohit Verma,39,Kolhapur,mohitverma648083@gmail.com,Current,13627.25,659
9159,Rohan Patil,28,Solapur,rohanpatil284559@gmail.com,Savings,24402.79,849
9160,Akash Pawar,,Solapur,akashpawar55763@gmail.com,Savings,38433.62,671
9161,Amit Verma,53,Ahmednagar,amitverma487646@gmail.com,Savings,5964.4,742
9162,Isha Patil,61,Nagpur,ishapatil686663@gmail.com,Current,4724.72,665
9163,Amit Khan,50,Ahmednagar,amitkhan991189@gmail.com,Savings,40248.29,734
9164,Sneha Patil,70,Ahmednagar,snehapatil8839@gmail.com,Current,17377.28,683
9165,Arjun Patil,37,Thane,arjunpatil69932@gmail.com,Current,5994.29,800
9166,Priya Patil,19,Nagpur,priyapatil407623@gmail.com,Savings,9735.03,777
9167,Rahul Sharma,,Aurangabad,rahulsharma692551@gmail.com,Current,29418.54,583
9168,Priya Patil,27,Solapur,priyapatil284589@gmail.com,Current,45433.27,787
9169,Akash Pawar,64,Pune,akashpawar695286@gmail.com,Salary,16175.56,813
9170,Amit Singh,59,Solapur,amitsingh893573@gmail.com,Savings,44080.0,614
9171,Priya Shaikh,58,Pune,priyashaikh957312@gmail.com,Savings,40469.35,821
9172,Vijay Singh,34,Thane,vijaysingh692265@gmail.com,Savings,8221.57,589
9173,Neha Joshi,,Ahmednagar,nehajoshi377817@gmail.com,Salary,5020.53,696
9174,Aditya Shaikh,70,Kolhapur,adityashaikh906365@gmail.com,Current,26624.2,697
9175,Isha Jadhav,43,Nashik,ishajadhav113232@gmail.com,Savings,40578.1,747
9176,Pooja Patil,35,Solapur,poojapatil20105@gmail.com,Savings,21179.04,687
9177,Simran Khan,,Aurangabad,simrankhan306803@gmail.com,Current,41214.65,839
9178,Rahul Shaikh,28,Ahmednagar,rahulshaikh909645@gmail.com,Current,48093.27,815
9179,Vijay Khan,24,Thane,vijaykhan926414@gmail.com,Savings,23812.06,764
9180,Rahul Khan,59,Kolhapur,rahulkhan681056@gmail.com,Savings,19586.7,737
9181,Vijay Gupta,69,Satara,vijaygupta405398@gmail.com,Savings,21757.24,619
9182,Arjun Patil,30,Aurangabad,arjunpatil242497@gmail.com,Salary,11998.11,559
9183,Amit Pawar,65,Ahmednagar,amitpawar399294@gmail.com,Current,41114.3,846
9184,Pooja Sharma,42,Thane,poojasharma533343@gmail.com,Current,26192.94,693
9185,Vijay Joshi,69,Aurangabad,vijayjoshi744262@gmail.com,Current,21590.7,841
9186,Sneha Sharma,23,Nashik,snehasharma104542@gmail.com,Current,27304.02,758
9187,Arjun Patil,57,Satara,arjunpatil947878@gmail.com,Salary,11712.59,583
9188,Isha Patil,32,Aurangabad,ishapatil330879@gmail.com,Salary,19628.56,764
9189,Priya Shaikh,,Aurangabad,priyashaikh508305@gmail.com,Current,42294.83,658
9190,Kavya Pawar,47,Mumbai,kavyapawar908977@gmail.com,Salary,48352.38,665
9191,Amit Shaikh,31,Thane,amitshaikh626211@gmail.com,Current,4242.37,602
9192,,35,Nashik,,Current,45517.09,767
9193,Ananya Pawar,52,Nagpur,ananyapawar557481@gmail.com,Savings,12286.94,651
9194,Sneha Khan,51,Solapur,snehakhan92396@gmail.com,Savings,45086.73,631
9195,Karan Shaikh,36,Nagpur,karanshaikh195572@gmail.com,Current,8613.89,709
9196,Amit Verma,64,Nashik,amitverma208635@gmail.com,Salary,29484.82,763
9197,Amit Pawar,38,Solapur,amitpawar525070@gmail.com,Current,17248.87,672
9198,Mohit Gupta,54,Satara,mohitgupta480333@gmail.com,Savings,29056.17,599
9199,Karan Verma,66,Mumbai,karanverma588023@gmail.com,Salary,30877.93,611
9200,Aditya Sharma,39,Kolhapur,adityasharma971448@gmail.com,Salary,33357.02,786
9201,Priya Joshi,64,Solapur,priyajoshi747178@gmail.com,Salary,3268.3,698
9202,Pooja Patil,47,Aurangabad,poojapatil22632@gmail.com,Salary,11876.19,613
9203,Neha Singh,25,Aurangabad,nehasingh41783@gmail.com,Current,48345.28,649
9204,Aditya Patil,56,Nashik,adityapatil259509@gmail.com,Current,40217.8,715
9205,Rahul Jadhav,58,Satara,rahuljadhav967170@gmail.com,Current,21641.41,824
9206,Isha Joshi,22,Solapur,ishajoshi555232@gmail.com,Current,16967.83,634
9207,Priya Singh,70,Thane,priyasingh319839@gmail.com,Savings,19816.42,712
9208,Mohit Shaikh,57,Nashik,mohitshaikh349873@gmail.com,Savings,,566
9209,Pooja Gupta,23,Mumbai,poojagupta513831@gmail.com,Savings,13334.93,763
9210,Pooja Jadhav,41,Pune,poojajadhav412609@gmail.com,Current,6055.82,664
9211,Arjun Patil,18,Satara,arjunpatil780650@gmail.com,Savings,27606.25,598
9212,Priya Verma,58,Pune,priyaverma164731@gmail.com,Salary,12558.69,727
9213,Mohit Khan,25,Kolhapur,mohitkhan19364@gmail.com,Savings,5605.66,587
9214,Simran Khan,69,Thane,simrankhan363725@gmail.com,Savings,20703.1,568
9215,Rahul Patil,26,Thane,rahulpatil717652@gmail.com,Savings,14868.75,664
9216,Sahil Sharma,37,Satara,sahilsharma369107@gmail.com,Salary,16423.15,740
9217,Riya Patil,22,Satara,riyapatil372740@gmail.com,,7378.38,768
9218,Karan Joshi,41,Ahmednagar,karanjoshi655702@gmail.com,Current,26626.17,552
9219,Pooja Singh,29,Solapur,poojasingh317112@gmail.com,Salary,35960.94,624
9220,Ananya Khan,51,Kolhapur,ananyakhan247778@gmail.com,Current,24575.9,767
9221,Akash Gupta,65,Pune,akashgupta525700@gmail.com,Savings,27679.07,649
9222,Vijay Verma,43,Thane,vijayverma289379@gmail.com,Savings,10932.56,774
9223,Vijay Shaikh,42,Nashik,vijayshaikh851431@gmail.com,Savings,38687.16,740
9224,Sahil Khan,53,Nashik,sahilkhan65121@gmail.com,Current,31305.37,831
9225,Rohan Sharma,59,Mumbai,rohansharma656290@gmail.com,Current,38297.72,759
9226,Riya Pawar,69,Ahmednagar,riyapawar270296@gmail.com,Current,6821.69,644
9227,Simran Verma,18,Aurangabad,simranverma921459@gmail.com,Savings,3283.05,585
9228,Amit Verma,54,Aurangabad,amitverma406077@gmail.com,Savings,27546.6,746
9229,Pooja Shaikh,29,Kolhapur,poojashaikh933754@gmail.com,Salary,38349.46,649
9230,Kavya Gupta,28,Pune,kavyagupta854541@gmail.com,Salary,16164.89,720
9231,Isha Pawar,28,Kolhapur,ishapawar30997@gmail.com,Current,47101.57,808
9232,Rahul Gupta,34,Kolhapur,rahulgupta990099@gmail.com,Savings,33561.37,661
9233,Karan Joshi,52,Thane,karanjoshi581996@gmail.com,Current,26943.38,572
9234,Rohan Singh,18,Satara,rohansingh995320@gmail.com,Salary,34728.83,735
9235,Pooja Pawar,39,Aurangabad,poojapawar293904@gmail.com,Current,46131.85,589
9236,Neha Gupta,43,Mumbai,nehagupta236640@gmail.com,Salary,13827.27,647
9237,Vijay Shaikh,69,Pune,vijayshaikh159177@gmail.com,Current,27260.9,782
9238,Arjun Jadhav,,,arjunjadhav358488@gmail.com,Current,49314.77,763
9239,Kavya Gupta,21,Aurangabad,kavyagupta940856@gmail.com,Current,12480.99,662
9240,Ananya Verma,28,Pune,ananyaverma412029@gmail.com,Savings,24016.47,799
9241,Simran Shaikh,43,Satara,simranshaikh688942@gmail.com,Current,38147.73,661
9242,Kavya Gupta,41,Mumbai,kavyagupta144028@gmail.com,Current,41659.33,761
9243,Vijay Verma,39,Satara,vijayverma92159@gmail.com,Salary,29760.36,658
9244,Mohit Joshi,26,Solapur,mohitjoshi765444@gmail.com,Salary,11275.92,685
9245,Pooja Sharma,69,Nashik,poojasharma400873@gmail.com,Salary,48961.1,750
9246,Karan Jadhav,31,Satara,karanjadhav546112@gmail.com,Current,10341.81,626
9247,Aditya Patil,51,Ahmednagar,adityapatil711029@gmail.com,Savings,38431.29,645
9248,Akash Shaikh,33,Aurangabad,akashshaikh642298@gmail.com,Current,41060.86,590
9249,Ananya Singh,32,Nashik,ananyasingh915193@gmail.com,Savings,26247.89,633
9250,Sneha Verma,58,Pune,snehaverma656010@gmail.com,Current,7558.27,626
9251,Aditya Joshi,18,Pune,adityajoshi719971@gmail.com,Current,42184.04,739
9252,Priya Shaikh,32,Mumbai,priyashaikh238575@gmail.com,Savings,37194.04,781
9253,Karan Verma,37,Kolhapur,karanverma437705@gmail.com,Salary,27061.54,583
9254,Karan Shaikh,40,Pune,karanshaikh252136@gmail.com,Current,13033.2,677
9255,Neha Patil,58,Nagpur,nehapatil600827@gmail.com,Current,21849.0,644
9256,Arjun Patil,28,Satara,arjunpatil160269@gmail.com,Salary,14665.67,715
9257,Ayesha Gupta,20,Pune,ayeshagupta447280@gmail.com,Savings,3227.47,663
9258,Kavya Verma,25,Aurangabad,kavyaverma327657@gmail.com,Savings,26243.57,570
9259,Neha Sharma,57,Nagpur,nehasharma954026@gmail.com,Salary,33632.07,583
9260,Riya Singh,24,Solapur,riyasingh634875@gmail.com,Current,18674.53,691
9261,Aditya Gupta,35,Nashik,adityagupta345380@gmail.com,Current,22943.65,661
9262,Mohit Gupta,28,Nagpur,mohitgupta471088@gmail.com,Current,44888.99,820
9263,Mohit Singh,27,Nagpur,mohitsingh568673@gmail.com,Current,34823.7,757
9264,Mohit Joshi,23,Satara,mohitjoshi138273@gmail.com,Salary,12674.66,664
9265,Simran Joshi,51,Mumbai,simranjoshi216900@gmail.com,Salary,23975.15,
9266,Amit Khan,61,Ahmednagar,amitkhan684267@gmail.com,Current,12710.36,742
9267,Kavya Verma,53,Kolhapur,kavyaverma145408@gmail.com,Savings,22457.74,715
9268,Kavya Gupta,39,Aurangabad,kavyagupta609354@gmail.com,Savings,4015.65,560
9269,Sneha Patil,70,Mumbai,snehapatil567750@gmail.com,Salary,15929.0,721
9270,Amit Sharma,64,Aurangabad,amitsharma717376@gmail.com,Salary,18124.98,643
9271,Riya Shaikh,62,Nashik,riyashaikh839070@gmail.com,Current,21236.76,800
9272,Pooja Verma,30,Kolhapur,poojaverma212237@gmail.com,Savings,43406.8,830
9273,Priya Patil,65,Solapur,priyapatil904588@gmail.com,Salary,16801.07,834
9274,Isha Verma,20,Mumbai,ishaverma144918@gmail.com,Salary,10423.02,719
9275,Sneha Patil,68,Aurangabad,snehapatil324108@gmail.com,Current,8007.75,657
9276,Akash Singh,27,Solapur,akashsingh722078@gmail.com,Salary,20315.93,575
9277,Riya Sharma,56,Nashik,riyasharma739489@gmail.com,Savings,47923.68,605
9278,Ananya Pawar,70,Nashik,ananyapawar942395@gmail.com,Savings,41123.64,791
9279,Akash Patil,28,Pune,akashpatil549349@gmail.com,Savings,32091.47,823
9280,Pooja Shaikh,37,Mumbai,poojashaikh953845@gmail.com,Salary,4490.38,811
9281,Riya Jadhav,23,Solapur,riyajadhav141922@gmail.com,Current,48733.77,668
9282,Sneha Gupta,67,Nagpur,snehagupta451055@gmail.com,Current,32229.16,820
9283,Priya Patil,35,Thane,priyapatil953257@gmail.com,Savings,30552.59,618
9284,Aditya Jadhav,59,Aurangabad,adityajadhav807555@gmail.com,Savings,10444.91,842
9285,Arjun Jadhav,22,Kolhapur,arjunjadhav152303@gmail.com,Salary,24881.68,606
9286,Rohan Joshi,67,Nagpur,rohanjoshi688208@gmail.com,Savings,6365.76,590
9287,Karan Jadhav,34,Thane,karanjadhav978452@gmail.com,Current,6719.23,752
9288,Aditya Jadhav,69,Nagpur,adityajadhav592382@gmail.com,Salary,30679.41,585
9289,Kavya Jadhav,33,Nagpur,kavyajadhav961761@gmail.com,Salary,20730.22,800
9290,Karan Shaikh,37,Aurangabad,karanshaikh165825@gmail.com,Current,35298.74,813
9291,Ananya Gupta,60,Nagpur,ananyagupta333018@gmail.com,Savings,,556
9292,Ayesha Verma,21,Mumbai,ayeshaverma71208@gmail.com,Savings,30685.12,838
9293,Ayesha Verma,67,Nagpur,ayeshaverma584513@gmail.com,Savings,15612.57,850
9294,Sahil Pawar,64,Ahmednagar,sahilpawar558950@gmail.com,Savings,26608.57,685
9295,Simran Khan,39,Thane,simrankhan994780@gmail.com,Savings,44142.8,667
9296,Pooja Khan,65,Satara,poojakhan754488@gmail.com,Current,31568.98,564
9297,Isha Patil,67,Solapur,ishapatil124238@gmail.com,Savings,33283.87,604
9298,Ananya Joshi,43,Solapur,ananyajoshi193179@gmail.com,Savings,31722.51,
9299,Sneha Joshi,45,Aurangabad,snehajoshi333125@gmail.com,Salary,16319.36,663
9300,Kavya Singh,46,Solapur,kavyasingh880403@gmail.com,Salary,44221.16,627
9301,Sahil Joshi,58,Mumbai,sahiljoshi922467@gmail.com,Savings,36099.77,617
9302,Sahil Sharma,59,Nagpur,sahilsharma152691@gmail.com,Salary,41645.84,681
9303,Vijay Singh,39,Kolhapur,vijaysingh762498@gmail.com,Current,43423.16,803
9304,Riya Shaikh,65,Solapur,riyashaikh31015@gmail.com,Savings,31076.87,837
9305,Vijay Sharma,39,Solapur,vijaysharma802716@gmail.com,Savings,5194.94,729
9306,Sahil Khan,35,Ahmednagar,sahilkhan334268@gmail.com,Savings,15022.5,591
9307,Sahil Gupta,24,Thane,sahilgupta922985@gmail.com,Current,10691.22,737
9308,Aditya Pawar,60,Ahmednagar,adityapawar434252@gmail.com,Current,13805.21,562
9309,Ananya Shaikh,33,Thane,ananyashaikh431328@gmail.com,Salary,6073.12,567
9310,Rahul Pawar,58,Kolhapur,rahulpawar318183@gmail.com,Savings,33517.66,767
9311,Simran Joshi,42,Pune,simranjoshi464623@gmail.com,Savings,6306.64,769
9312,Rahul Khan,70,Thane,rahulkhan781928@gmail.com,Current,40838.7,715
9313,Aditya Khan,46,Nagpur,adityakhan979227@gmail.com,Current,28471.16,725
9314,Kavya Joshi,54,Aurangabad,kavyajoshi861713@gmail.com,Savings,46073.3,822
9315,Karan Sharma,28,Solapur,karansharma937663@gmail.com,Salary,24993.39,772
9316,Simran Joshi,62,Solapur,simranjoshi667882@gmail.com,Salary,45922.62,
9317,Priya Gupta,30,Mumbai,priyagupta978683@gmail.com,Salary,11446.59,596
9318,Rohan Shaikh,51,Mumbai,rohanshaikh774305@gmail.com,Savings,13863.43,844
9319,Ayesha Singh,53,Thane,ayeshasingh287196@gmail.com,Salary,49299.01,780
9320,Riya Shaikh,27,Kolhapur,riyashaikh159438@gmail.com,Current,,843
9321,Ananya Pawar,47,Aurangabad,ananyapawar817053@gmail.com,Savings,26407.84,772
9322,Arjun Pawar,37,Mumbai,arjunpawar197162@gmail.com,Salary,5976.16,749
9323,Amit Jadhav,22,Ahmednagar,amitjadhav112057@gmail.com,Salary,34913.17,763
9324,Sahil Singh,21,Aurangabad,sahilsingh138035@gmail.com,Savings,42723.12,833
9325,Akash Gupta,26,Ahmednagar,akashgupta193820@gmail.com,Savings,21984.98,756
9326,Sahil Jadhav,50,Kolhapur,sahiljadhav27570@gmail.com,Salary,1211.87,567
9327,Akash Pawar,38,Nashik,akashpawar799584@gmail.com,Current,6610.64,592
9328,Riya Verma,30,Nashik,riyaverma641809@gmail.com,Salary,20315.09,673
9329,Priya Patil,57,Nagpur,priyapatil647015@gmail.com,Current,1719.87,814
9330,Rahul Khan,66,Mumbai,rahulkhan279925@gmail.com,Salary,24029.8,619
9331,Riya Singh,20,Nashik,riyasingh635122@gmail.com,Current,41614.83,827
9332,Sneha Gupta,64,Satara,snehagupta594687@gmail.com,Salary,12839.87,604
9333,Mohit Singh,66,Ahmednagar,mohitsingh642208@gmail.com,Salary,27404.6,755
9334,Vijay Joshi,35,Nashik,vijayjoshi242228@gmail.com,Current,38374.1,553
9335,Vijay Joshi,57,Ahmednagar,vijayjoshi625429@gmail.com,Current,26906.74,705
9336,Ananya Khan,29,Mumbai,ananyakhan243561@gmail.com,Savings,2829.48,675
9337,Kavya Sharma,38,Mumbai,kavyasharma242229@gmail.com,Savings,,656
9338,Akash Singh,46,Nashik,akashsingh720867@gmail.com,Current,43051.58,698
9339,Isha Khan,47,Kolhapur,ishakhan27451@gmail.com,Salary,30901.48,563
9340,Vijay Verma,34,Solapur,vijayverma376812@gmail.com,Salary,47314.99,798
9341,Mohit Singh,45,Nagpur,mohitsingh83436@gmail.com,Salary,28214.02,734
9342,Kavya Gupta,36,Aurangabad,kavyagupta721668@gmail.com,Current,19995.89,811
9343,Karan Joshi,20,Mumbai,karanjoshi817807@gmail.com,Current,41220.72,593
9344,,38,Pune,,Salary,13454.17,774
9345,Ananya Shaikh,70,Solapur,ananyashaikh499853@gmail.com,Salary,14763.24,826
9346,Simran Pawar,46,Solapur,simranpawar140700@gmail.com,Salary,16342.14,721
9347,Mohit Gupta,28,Nashik,mohitgupta526825@gmail.com,Current,36885.28,814
9348,Rohan Singh,,Nashik,rohansingh887340@gmail.com,Salary,16497.78,807
9349,Sneha Shaikh,29,Pune,snehashaikh634186@gmail.com,Salary,9722.49,598
9350,Amit Gupta,28,Nashik,amitgupta491634@gmail.com,Current,39873.98,657
9351,Sahil Patil,45,Satara,sahilpatil746706@gmail.com,Current,28910.52,565
9352,Karan Pawar,44,Nagpur,karanpawar681221@gmail.com,Salary,21160.62,761
9353,Pooja Verma,53,Nashik,poojaverma392224@gmail.com,Salary,19319.27,751
9354,,63,Kolhapur,,Savings,10346.83,573
9355,Neha Khan,18,Thane,nehakhan193013@gmail.com,Savings,1775.57,612
9356,Arjun Pawar,26,Solapur,arjunpawar893622@gmail.com,Salary,47901.81,663
9357,Sahil Gupta,,Nagpur,sahilgupta406381@gmail.com,Current,6255.43,802
9358,Akash Verma,54,Mumbai,akashverma515418@gmail.com,Savings,2873.86,641
9359,,25,Thane,,Savings,28241.25,632
9360,Sahil Sharma,33,Kolhapur,sahilsharma496964@gmail.com,Salary,46298.87,806
9361,Sahil Patil,27,Thane,sahilpatil144292@gmail.com,Current,45682.73,825
9362,Ayesha Patil,19,Ahmednagar,ayeshapatil171842@gmail.com,Salary,4752.48,849
9363,Pooja Jadhav,26,Pune,poojajadhav202747@gmail.com,Current,30056.68,736
9364,Rahul Patil,19,Nagpur,rahulpatil237364@gmail.com,Savings,29590.29,779
9365,Priya Shaikh,53,Mumbai,priyashaikh33895@gmail.com,Current,47348.65,757
9366,Karan Verma,51,Pune,karanverma428536@gmail.com,Current,35548.88,765
9367,Mohit Verma,37,Kolhapur,mohitverma801777@gmail.com,Savings,46439.21,626
9368,Amit Verma,47,Solapur,amitverma15843@gmail.com,Salary,41151.06,825
9369,Amit Pawar,23,Aurangabad,amitpawar970489@gmail.com,Salary,28061.11,
9370,Arjun Khan,34,Mumbai,arjunkhan283067@gmail.com,Current,2483.38,745
9371,Ayesha Singh,33,Nashik,ayeshasingh996454@gmail.com,Current,47311.95,809
9372,Isha Khan,34,Ahmednagar,ishakhan433208@gmail.com,Salary,39206.24,732
9373,Arjun Patil,53,Aurangabad,arjunpatil233465@gmail.com,Savings,4082.56,821
9374,Rohan Patil,58,Satara,rohanpatil778527@gmail.com,Salary,19849.46,837
9375,Riya Khan,23,Satara,riyakhan704050@gmail.com,Current,21547.64,699
9376,Riya Singh,59,Ahmednagar,riyasingh212786@gmail.com,Savings,10854.47,655
9377,Arjun Singh,52,Nashik,arjunsingh794686@gmail.com,Salary,25426.22,596
9378,Mohit Joshi,53,Ahmednagar,mohitjoshi214598@gmail.com,Current,27212.72,721
9379,Vijay Jadhav,30,Ahmednagar,vijayjadhav69448@gmail.com,Current,14485.96,777
9380,Neha Verma,64,Nashik,nehaverma185779@gmail.com,Salary,15512.11,658
9381,Simran Joshi,25,Ahmednagar,simranjoshi972238@gmail.com,Current,47970.74,646
9382,Amit Gupta,58,Satara,amitgupta460723@gmail.com,Salary,21662.89,840
9383,Sahil Patil,69,,sahilpatil909350@gmail.com,Salary,46611.04,764
9384,Sahil Sharma,68,Kolhapur,sahilsharma647133@gmail.com,Current,4828.51,613
9385,Neha Joshi,68,Ahmednagar,nehajoshi513842@gmail.com,Salary,,705
9386,Rahul Pawar,18,Aurangabad,rahulpawar721376@gmail.com,Savings,6893.26,809
9387,Amit Singh,69,Nashik,amitsingh340777@gmail.com,Salary,25067.48,
9388,Sahil Gupta,20,Nagpur,sahilgupta908979@gmail.com,Salary,39174.65,620
9389,Simran Pawar,52,Ahmednagar,simranpawar479870@gmail.com,Salary,13421.64,658
9390,Isha Verma,23,Satara,ishaverma930802@gmail.com,,35633.65,753
9391,Isha Sharma,68,Thane,ishasharma258871@gmail.com,Salary,48811.71,800
9392,Neha Joshi,46,Kolhapur,nehajoshi448424@gmail.com,Salary,47488.07,550
9393,Riya Pawar,68,Satara,riyapawar424633@gmail.com,Salary,8453.57,598
9394,Rahul Shaikh,29,Ahmednagar,rahulshaikh814020@gmail.com,Current,8845.48,654
9395,Neha Khan,52,Kolhapur,nehakhan43958@gmail.com,Savings,5236.57,586
9396,Neha Pawar,35,Solapur,nehapawar637560@gmail.com,Current,16729.93,822
9397,Vijay Khan,66,Satara,vijaykhan771151@gmail.com,Current,36399.53,754
9398,Aditya Shaikh,36,Ahmednagar,adityashaikh864471@gmail.com,Savings,26096.82,665
9399,Riya Patil,,Pune,riyapatil398951@gmail.com,Current,21357.74,827
9400,Aditya Singh,19,Kolhapur,adityasingh755285@gmail.com,Salary,2262.77,830
9401,Riya Pawar,58,Aurangabad,riyapawar328196@gmail.com,Savings,1338.89,760
9402,Ananya Patil,26,Nashik,ananyapatil413396@gmail.com,Salary,31212.83,592
9403,Arjun Sharma,54,Nagpur,arjunsharma641309@gmail.com,,34811.19,737
9404,Riya Pawar,29,Solapur,riyapawar984858@gmail.com,Salary,20636.43,769
9405,Kavya Sharma,54,Mumbai,kavyasharma778633@gmail.com,Savings,5671.77,831
9406,Mohit Shaikh,36,Mumbai,mohitshaikh599816@gmail.com,Savings,14073.26,754
9407,Ananya Shaikh,43,Aurangabad,ananyashaikh622750@gmail.com,Salary,38161.38,778
9408,Priya Khan,49,Pune,priyakhan562303@gmail.com,Salary,10425.77,709
9409,Isha Sharma,47,Aurangabad,ishasharma550844@gmail.com,Salary,35022.17,703
9410,Simran Verma,47,Aurangabad,simranverma672650@gmail.com,Savings,22771.76,586
9411,Sneha Shaikh,31,Ahmednagar,snehashaikh918425@gmail.com,Savings,49779.67,847
9412,Arjun Gupta,63,Ahmednagar,arjungupta738415@gmail.com,Current,44280.81,743
9413,Sahil Joshi,21,Satara,sahiljoshi825245@gmail.com,Savings,43136.95,709
9414,Karan Pawar,26,Nashik,karanpawar40482@gmail.com,Salary,36314.24,614
9415,Rohan Patil,,Kolhapur,rohanpatil546040@gmail.com,saving,43219.06,612
9416,Amit Shaikh,51,Kolhapur,amitshaikh114726@gmail.com,Salary,16179.39,618
9417,Pooja Khan,70,Nagpur,poojakhan473646@gmail.com,Current,17211.61,817
9418,Karan Pawar,39,Pune,karanpawar479194@gmail.com,Current,6504.38,763
9419,Pooja Khan,51,Kolhapur,poojakhan867282@gmail.com,Current,31856.54,724
9420,Arjun Gupta,53,Solapur,arjungupta920505@gmail.com,Savings,20208.95,633
9421,Rohan Verma,69,Kolhapur,rohanverma44576@gmail.com,Savings,29248.86,688
9422,Riya Singh,28,Kolhapur,riyasingh920518@gmail.com,Salary,30710.91,776
9423,Priya Shaikh,34,Solapur,priyashaikh257757@gmail.com,Savings,34836.58,553
9424,Karan Jadhav,44,Pune,karanjadhav543999@gmail.com,Salary,34393.51,707
9425,Sahil Joshi,57,Pune,sahiljoshi564096@gmail.com,Current,27953.16,670
9426,Kavya Singh,18,Nagpur,kavyasingh414928@gmail.com,Savings,15988.6,712
9427,Kavya Patil,39,Nagpur,kavyapatil770981@gmail.com,Salary,20252.1,657
9428,Akash Gupta,55,Ahmednagar,akashgupta41258@gmail.com,Salary,5011.21,637
9429,Ananya Shaikh,52,Satara,ananyashaikh584891@gmail.com,Salary,,747
9430,Priya Khan,69,Aurangabad,priyakhan406316@gmail.com,Salary,19364.09,594
9431,Vijay Patil,36,Solapur,vijaypatil541298@gmail.com,Salary,48185.37,728
9432,Amit Shaikh,36,Solapur,amitshaikh802428@gmail.com,Salary,5879.68,729
9433,Mohit Gupta,63,Kolhapur,mohitgupta661382@gmail.com,Savings,19894.25,753
9434,Priya Singh,50,Mumbai,priyasingh51790@gmail.com,Savings,40778.49,550
9435,Amit Sharma,48,Solapur,amitsharma199172@gmail.com,Current,36172.17,639
9436,Kavya Gupta,37,Nashik,kavyagupta305423@gmail.com,Current,,747
9437,Isha Pawar,31,Kolhapur,ishapawar461005@gmail.com,Salary,6852.0,838
9438,Akash Jadhav,34,Solapur,akashjadhav417475@gmail.com,Salary,1020.39,806
9439,Rahul Patil,33,Satara,rahulpatil927458@gmail.com,Current,9489.71,774
9440,Aditya Patil,25,Ahmednagar,adityapatil319448@gmail.com,Current,9957.38,788
9441,Priya Sharma,70,Nagpur,priyasharma811359@gmail.com,Savings,33184.32,617
9442,Ayesha Singh,43,Nagpur,ayeshasingh867923@gmail.com,Current,18068.42,837
9443,Sneha Sharma,18,Aurangabad,snehasharma299903@gmail.com,Salary,35848.18,555
9444,Aditya Shaikh,38,Ahmednagar,adityashaikh483857@gmail.com,Salary,46077.03,806
9445,Sahil Verma,25,Nashik,sahilverma174673@gmail.com,Savings,,742
9446,Arjun Khan,62,Solapur,arjunkhan443083@gmail.com,Salary,48804.35,722
9447,Sneha Jadhav,46,Mumbai,snehajadhav308821@gmail.com,Salary,6654.99,845
9448,Neha Shaikh,47,Ahmednagar,nehashaikh643017@gmail.com,Savings,43124.26,651
9449,Priya Jadhav,56,Kolhapur,priyajadhav963775@gmail.com,Savings,16487.12,834
9450,Amit Gupta,57,Ahmednagar,amitgupta57296@gmail.com,Current,33084.39,598
9451,Aditya Gupta,60,Satara,adityagupta723568@gmail.com,Savings,46485.6,821
9452,Sahil Singh,68,Satara,sahilsingh542181@gmail.com,Current,32652.37,773
9453,Arjun Shaikh,,Nagpur,arjunshaikh947672@gmail.com,Savings,3198.15,645
9454,Pooja Singh,19,Solapur,poojasingh149249@gmail.com,Current,35597.08,630
9455,Karan Khan,29,Aurangabad,karankhan486197@gmail.com,Savings,25665.59,569
9456,Arjun Gupta,70,Ahmednagar,arjungupta870306@gmail.com,Current,41855.44,686
9457,Isha Gupta,45,Kolhapur,ishagupta677586@gmail.com,Savings,18589.48,593
9458,Simran Patil,31,Pune,simranpatil473739@gmail.com,Salary,13836.98,702
9459,Amit Sharma,30,Nagpur,amitsharma94934@gmail.com,Current,29316.86,696
9460,Ayesha Verma,33,Kolhapur,ayeshaverma757850@gmail.com,Current,1581.39,824
9461,Neha Sharma,36,Nagpur,nehasharma525077@gmail.com,,28581.39,738
9462,Simran Khan,57,Mumbai,simrankhan118769@gmail.com,Savings,40230.68,704
9463,Aditya Khan,18,Kolhapur,adityakhan188603@gmail.com,Savings,38560.91,587
9464,Mohit Shaikh,49,Mumbai,mohitshaikh816658@gmail.com,Current,45762.48,743
9465,Aditya Sharma,53,Kolhapur,adityasharma613986@gmail.com,Savings,45325.41,727
9466,Priya Khan,67,Ahmednagar,priyakhan983499@gmail.com,Current,11568.1,706
9467,Rohan Gupta,20,Kolhapur,rohangupta937870@gmail.com,Savings,47414.15,603
9468,Akash Pawar,64,Ahmednagar,akashpawar730028@gmail.com,Current,5971.78,836
9469,Neha Verma,61,Ahmednagar,nehaverma573049@gmail.com,Current,42049.86,806
9470,Rahul Verma,65,Nagpur,rahulverma141979@gmail.com,Salary,14376.29,647
9471,Amit Sharma,29,Solapur,amitsharma412260@gmail.com,Savings,8296.12,816
9472,Kavya Gupta,64,Solapur,kavyagupta433748@gmail.com,Savings,48343.68,806
9473,Amit Joshi,65,Mumbai,amitjoshi339273@gmail.com,Current,11154.35,740
9474,Mohit Khan,54,Ahmednagar,mohitkhan472888@gmail.com,Salary,32733.64,849
9475,Rahul Jadhav,46,Thane,rahuljadhav26222@gmail.com,Salary,8806.65,635
9476,Akash Verma,44,Solapur,akashverma187667@gmail.com,Current,40345.05,553
9477,Riya Shaikh,49,Ahmednagar,riyashaikh475818@gmail.com,Current,-4119.68,763
9478,Vijay Singh,39,Nashik,vijaysingh619090@gmail.com,Salary,2496.49,790
9479,Kavya Khan,50,Ahmednagar,kavyakhan940271@gmail.com,Current,3238.9,672
9480,Aditya Singh,,Kolhapur,adityasingh747351@gmail.com,Current,7527.47,770
9481,Mohit Shaikh,49,Mumbai,mohitshaikh939409@gmail.com,Current,38528.77,682
9482,Sneha Verma,49,Nagpur,snehaverma211841@gmail.com,Salary,,604
9483,,28,Kolhapur,,Savings,46075.69,578
9484,Priya Pawar,42,Kolhapur,priyapawar925519@gmail.com,Current,7798.78,849
9485,Amit Jadhav,65,Pune,amitjadhav476869@gmail.com,Current,46462.57,788
9486,Sahil Singh,48,Solapur,sahilsingh94660@gmail.com,Current,25493.67,711
9487,Vijay Shaikh,27,Aurangabad,vijayshaikh262330@gmail.com,Salary,34899.48,795
9488,Sahil Gupta,23,Ahmednagar,sahilgupta339917@gmail.com,Savings,9978.54,622
9489,Simran Khan,35,Aurangabad,simrankhan725418@gmail.com,Salary,48874.57,737
9490,Akash Patil,64,Thane,akashpatil680181@gmail.com,Salary,23391.15,559
9491,,58,Ahmednagar,,Salary,19662.57,841
9492,Akash Singh,54,Solapur,akashsingh951328@gmail.com,Current,31348.29,700
9493,Rahul Sharma,36,Pune,rahulsharma746130@gmail.com,Salary,49068.05,759
9494,Priya Singh,,Ahmednagar,priyasingh835276@gmail.com,Current,48267.87,668
9495,Pooja Gupta,33,Nashik,poojagupta172060@gmail.com,Current,28889.11,585
9496,Arjun Jadhav,54,Ahmednagar,arjunjadhav753370@gmail.com,Salary,3449.5,842
9497,Ayesha Sharma,65,Ahmednagar,ayeshasharma768981@gmail.com,Salary,49372.15,751
9498,Riya Gupta,33,Nagpur,riyagupta129645@gmail.com,Savings,11082.95,770
9499,Sahil Pawar,23,Mumbai,sahilpawar95720@gmail.com,Salary,46299.67,619
9500,Ananya Patil,61,Satara,ananyapatil119810@gmail.com,Current,46571.56,794
9501,,49,Solapur,,,29831.53,591
9502,Pooja Khan,67,Mumbai,poojakhan740632@gmail.com,Savings,34085.92,610
9503,Kavya Patil,19,Nagpur,kavyapatil471328@gmail.com,Savings,28585.28,
9504,Akash Jadhav,37,Pune,akashjadhav664973@gmail.com,Savings,7012.47,711
9505,,35,Pune,,Current,44594.9,597
9506,Vijay Jadhav,25,Solapur,vijayjadhav380673@gmail.com,Salary,36745.04,773
9507,Sahil Patil,60,Kolhapur,sahilpatil89550@gmail.com,Salary,33486.5,610
9508,Priya Khan,62,Ahmednagar,priyakhan549362@gmail.com,Salary,47877.22,807
9509,Ananya Pawar,43,Kolhapur,ananyapawar741735@gmail.com,Salary,11602.3,743
9510,Arjun Verma,33,Nashik,arjunverma402844@gmail.com,Current,30018.56,596
9511,Ayesha Sharma,60,Kolhapur,ayeshasharma762282@gmail.com,Savings,30005.46,598
9512,Simran Khan,42,Ahmednagar,simrankhan829593@gmail.com,Savings,17423.97,850
9513,Aditya Sharma,50,Thane,adityasharma536621@gmail.com,Savings,47314.9,754
9514,Simran Gupta,52,Mumbai,simrangupta641904@gmail.com,Savings,37103.26,797
9515,Riya Sharma,19,Nagpur,riyasharma995989@gmail.com,Salary,16060.02,802
9516,Karan Sharma,33,Aurangabad,karansharma167766@gmail.com,Savings,16118.58,705
9517,Ananya Sharma,42,Thane,ananyasharma397173@gmail.com,Savings,4727.36,606
9518,Amit Singh,64,Solapur,amitsingh577179@gmail.com,Salary,8816.54,565
9519,Priya Patil,56,Aurangabad,priyapatil399195@gmail.com,Salary,11700.26,757
9520,Kavya Verma,26,Solapur,kavyaverma46138@gmail.com,Salary,,756
9521,Mohit Khan,61,Nashik,mohitkhan805679@gmail.com,Salary,48050.07,639
9522,Neha Sharma,20,Kolhapur,nehasharma179285@gmail.com,Current,28322.04,719
9523,Riya Pawar,48,Nagpur,riyapawar956666@gmail.com,Current,10423.29,678
9524,Aditya Patil,53,Nagpur,adityapatil351575@gmail.com,Savings,33463.72,833
9525,Rohan Khan,46,Ahmednagar,rohankhan593060@gmail.com,Savings,28494.53,579
9526,Kavya Jadhav,38,Satara,kavyajadhav913729@gmail.com,,35699.82,812
9527,Sahil Joshi,31,Solapur,sahiljoshi691667@gmail.com,,10480.35,592
9528,Kavya Shaikh,30,Nashik,kavyashaikh904677@gmail.com,Savings,36667.88,741
9529,Kavya Verma,39,Nashik,kavyaverma157480@gmail.com,Salary,49465.24,768
9530,Vijay Singh,66,Thane,vijaysingh170099@gmail.com,Salary,47554.1,831
9531,Isha Shaikh,60,Nagpur,ishashaikh911122@gmail.com,Current,34742.3,597
9532,Rahul Shaikh,69,Nagpur,rahulshaikh151731@gmail.com,Savings,43612.03,687
9533,Kavya Pawar,45,Kolhapur,kavyapawar187655@gmail.com,Savings,46031.93,630
9534,Mohit Patil,32,Solapur,mohitpatil806619@gmail.com,Savings,28253.01,747
9535,Simran Pawar,63,Nashik,simranpawar746735@gmail.com,Salary,13938.58,774
9536,Arjun Shaikh,35,Solapur,arjunshaikh53902@gmail.com,Current,2505.16,
9537,Priya Gupta,62,Satara,priyagupta440063@gmail.com,,9341.95,776
9538,Priya Khan,49,Satara,priyakhan323126@gmail.com,Current,16768.57,708
9539,,41,Ahmednagar,,Salary,49644.2,576
9540,Rohan Sharma,49,Mumbai,rohansharma324653@gmail.com,Current,36945.12,747
9541,Riya Shaikh,51,Solapur,riyashaikh765730@gmail.com,Savings,23464.14,589
9542,Sahil Joshi,62,Satara,sahiljoshi806067@gmail.com,Savings,43263.96,660
9543,Amit Patil,50,Nagpur,amitpatil468035@gmail.com,Salary,33266.8,624
9544,Akash Verma,41,Kolhapur,akashverma302908@gmail.com,Savings,10260.36,772
9545,Rahul Sharma,59,Kolhapur,rahulsharma656983@gmail.com,Current,2995.58,629
9546,Karan Verma,52,Pune,karanverma189573@gmail.com,Current,3570.99,746
9547,Arjun Verma,28,Thane,arjunverma123364@gmail.com,Current,37537.07,717
9548,Aditya Singh,25,Kolhapur,adityasingh942289@gmail.com,Savings,12319.23,610
9549,Sneha Pawar,65,Aurangabad,snehapawar138062@gmail.com,Savings,48927.58,767
9550,Arjun Patil,37,Ahmednagar,arjunpatil212805@gmail.com,Salary,7702.87,603
9551,123A,31,Aurangabad,123a3804@gmail.com,Savings,5239.74,
9552,Karan Joshi,59,Pune,karanjoshi652901@gmail.com,Savings,48363.97,627
9553,Riya Sharma,63,Mumbai,riyasharma802675@gmail.com,Salary,32962.47,684
9554,Mohit Singh,26,Satara,mohitsingh265506@gmail.com,Salary,,701
9555,Mohit Verma,58,Kolhapur,mohitverma12900@gmail.com,Salary,9695.77,663
9556,Sneha Sharma,42,Pune,snehasharma481021@gmail.com,Salary,28813.22,693
9557,Karan Patil,61,Thane,karanpatil521900@gmail.com,Savings,47817.03,730
9558,Vijay Verma,47,Nagpur,vijayverma897063@gmail.com,Savings,45965.9,766
9559,Aditya Khan,61,Thane,adityakhan522964@gmail.com,Current,24609.08,682
9560,Arjun Pawar,22,Nagpur,arjunpawar570002@gmail.com,Current,37622.29,811
9561,Rohan Patil,56,Satara,rohanpatil846777@gmail.com,Savings,39005.74,684
9562,Vijay Singh,38,Satara,vijaysingh6129@gmail.com,Current,49004.78,758
9563,Akash Singh,58,Pune,akashsingh637617@gmail.com,Savings,22679.78,816
9564,Isha Gupta,52,Kolhapur,ishagupta925681@gmail.com,Savings,39176.35,780
9565,Sneha Sharma,24,Mumbai,snehasharma517537@gmail.com,Salary,18899.97,645
9566,Kavya Shaikh,30,Ahmednagar,kavyashaikh249533@gmail.com,Savings,3590.29,702
9567,Ananya Jadhav,28,Solapur,ananyajadhav227508@gmail.com,Salary,9743.1,604
9568,Rohan Pawar,65,Nagpur,rohanpawar617566@gmail.com,Current,34503.46,757
9569,Amit Patil,23,Pune,amitpatil691605@gmail.com,Salary,19078.46,839
9570,Sneha Sharma,60,Satara,snehasharma498920@gmail.com,Salary,3091.13,815
9571,Priya Gupta,54,Nagpur,priyagupta475879@gmail.com,Current,32667.61,563
9572,Aditya Pawar,36,Aurangabad,adityapawar430174@gmail.com,Salary,18249.28,598
9573,Arjun Jadhav,,Satara,arjunjadhav463439@gmail.com,Salary,37960.31,727
9574,Sneha Patil,37,Kolhapur,snehapatil83362@gmail.com,Salary,31526.1,667
9575,Kavya Patil,23,Nagpur,kavyapatil630521@gmail.com,Current,41713.45,562
9576,Pooja Patil,55,Nagpur,poojapatil629352@gmail.com,Current,34658.04,565
9577,Riya Sharma,62,Satara,riyasharma6992@gmail.com,Salary,10144.41,612
9578,Priya Patil,50,Pune,priyapatil256700@gmail.com,Savings,39812.63,681
9579,Ayesha Verma,26,Thane,ayeshaverma925120@gmail.com,Current,18877.54,694
9580,Amit Joshi,53,Solapur,amitjoshi574029@gmail.com,Savings,27268.75,589
9581,Rahul Joshi,42,Ahmednagar,rahuljoshi291722@gmail.com,Savings,46939.03,824
9582,Arjun Sharma,42,Solapur,arjunsharma649971@gmail.com,Current,17631.96,822
9583,Pooja Joshi,67,Nashik,poojajoshi659272@gmail.com,Salary,31308.85,814
9584,Karan Sharma,46,Thane,karansharma584732@gmail.com,Savings,45244.77,558
9585,Mohit Pawar,50,Satara,mohitpawar860059@gmail.com,Savings,48681.47,762
9586,Riya Pawar,56,Nagpur,riyapawar865439@gmail.com,Savings,34899.38,645
9587,Ayesha Pawar,64,Kolhapur,ayeshapawar217823@gmail.com,Salary,48480.46,585
9588,Riya Khan,33,Pune,riyakhan51395@gmail.com,Salary,33489.25,715
9589,Mohit Khan,65,Pune,mohitkhan193918@gmail.com,Salary,39028.63,730
9590,Neha Joshi,120,Satara,nehajoshi155557@gmail.com,Salary,17856.46,840
9591,Arjun Joshi,48,Thane,arjunjoshi57838@gmail.com,Current,23226.76,608
9592,,20,Mumbai,,Savings,16553.98,789
9593,Aditya Gupta,49,Thane,adityagupta685110@gmail.com,Current,8245.44,659
9594,Arjun Sharma,61,Aurangabad,arjunsharma366073@gmail.com,Current,18498.4,818
9595,Arjun Shaikh,19,Kolhapur,arjunshaikh38604@gmail.com,Current,36366.89,754
9596,Rohan Pawar,35,Aurangabad,rohanpawar152536@gmail.com,Savings,31204.7,583
9597,Rahul Khan,39,Pune,rahulkhan895404@gmail.com,Current,33235.8,605
9598,Vijay Verma,34,Nashik,vijayverma34107@gmail.com,Salary,-12328.97,606
9599,Vijay Pawar,50,Satara,vijaypawar699496@gmail.com,Salary,46669.13,586
9600,Pooja Pawar,54,Solapur,poojapawar606274@gmail.com,Current,4925.76,788
9601,Sneha Sharma,70,Nashik,snehasharma878821@gmail.com,Salary,49610.83,755
9602,Aditya Verma,40,Nashik,adityaverma632690@gmail.com,Current,46674.96,790
9603,Mohit Joshi,47,Mumbai,mohitjoshi313038@gmail.com,Current,28292.93,552
9604,Isha Verma,45,Solapur,ishaverma347295@gmail.com,Savings,2852.08,596
9605,Isha Jadhav,22,Nagpur,ishajadhav965193@gmail.com,Current,35563.26,
9606,Isha Shaikh,50,Mumbai,ishashaikh92062@gmail.com,Savings,,623
9607,Sahil Shaikh,36,Aurangabad,sahilshaikh51513@gmail.com,Salary,41358.45,799
9608,Arjun Gupta,50,Kolhapur,arjungupta114276@gmail.com,Salary,21212.83,778
9609,Kavya Khan,47,Thane,kavyakhan437311@gmail.com,Salary,8980.39,698
9610,Aditya Khan,62,Aurangabad,adityakhan187006@gmail.com,Savings,25355.01,710
9611,Simran Jadhav,58,Solapur,simranjadhav169272@gmail.com,Current,4791.89,579
9612,Amit Pawar,49,Nagpur,amitpawar704837@gmail.com,Current,11617.71,705
9613,Aditya Khan,40,Nagpur,adityakhan298294@gmail.com,Current,13898.12,588
9614,Akash Khan,68,Nagpur,akashkhan640874@gmail.com,Current,33940.87,769
9615,Isha Gupta,43,Nagpur,ishagupta693129@gmail.com,Salary,32473.95,822
9616,Vijay Patil,50,Nagpur,vijaypatil725204@gmail.com,Current,22646.46,551
9617,Riya Gupta,34,Aurangabad,riyagupta733942@gmail.com,Current,20101.65,748
9618,Arjun Shaikh,28,Satara,arjunshaikh623970@gmail.com,Current,26576.92,756
9619,Mohit Jadhav,53,Solapur,mohitjadhav600181@gmail.com,Savings,22936.0,570
9620,Aditya Jadhav,46,Thane,adityajadhav825651@gmail.com,Current,37044.89,744
9621,Sneha Pawar,50,,snehapawar589585@gmail.com,Savings,42205.61,793
9622,Pooja Jadhav,43,Satara,poojajadhav186137@gmail.com,Salary,5173.64,683
9623,Arjun Shaikh,27,Nagpur,arjunshaikh477556@gmail.com,Salary,49222.95,725
9624,Sneha Pawar,51,Ahmednagar,snehapawar785834@gmail.com,Current,33968.34,760
9625,Pooja Shaikh,19,Aurangabad,poojashaikh607190@gmail.com,Savings,35939.91,552
9626,Simran Gupta,48,Kolhapur,simrangupta377785@gmail.com,Savings,40811.19,564
9627,Vijay Jadhav,36,Satara,vijayjadhav976827@gmail.com,Current,22914.38,732
9628,Riya Sharma,57,Ahmednagar,riyasharma37681@gmail.com,Salary,8816.82,559
9629,,67,Pune,,Salary,8222.77,701
9630,Priya Khan,58,Kolhapur,priyakhan97749@gmail.com,Savings,24409.98,792
9631,Aditya Joshi,36,Solapur,adityajoshi805943@gmail.com,Savings,8259.48,818
9632,Aditya Joshi,34,Kolhapur,adityajoshi313933@gmail.com,Salary,36769.57,605
9633,Pooja Patil,61,Satara,poojapatil338603@gmail.com,Salary,10559.34,612
9634,Vijay Singh,47,Kolhapur,vijaysingh386573@gmail.com,Salary,33257.34,827
9635,Arjun Gupta,18,,arjungupta941228@gmail.com,Salary,15736.74,658
9636,Rohan Patil,61,Nashik,rohanpatil397446@gmail.com,Current,46556.28,756
9637,Arjun Sharma,19,Ahmednagar,arjunsharma860209@gmail.com,Savings,20582.46,647
9638,Rohan Sharma,30,Aurangabad,rohansharma71053@gmail.com,Salary,27313.85,589
9639,Mohit Patil,30,Pune,mohitpatil795384@gmail.com,Current,42602.95,633
9640,Sahil Joshi,43,Thane,sahiljoshi448181@gmail.com,Savings,43186.14,550
9641,Ayesha Patil,68,Kolhapur,ayeshapatil884374@gmail.com,Salary,6270.75,599
9642,Simran Verma,50,Ahmednagar,simranverma577310@gmail.com,Savings,5619.89,597
9643,Arjun Sharma,23,Satara,arjunsharma68179@gmail.com,Savings,44952.79,652
9644,Amit Shaikh,51,Satara,amitshaikh307157@gmail.com,Salary,29496.93,784
9645,Riya Jadhav,49,Satara,riyajadhav493787@gmail.com,Salary,42789.27,648
9646,Akash Jadhav,22,Aurangabad,akashjadhav141181@gmail.com,Current,5541.34,803
9647,Vijay Shaikh,27,Ahmednagar,vijayshaikh128050@gmail.com,Current,43682.66,568
9648,Simran Verma,26,Nagpur,simranverma728461@gmail.com,Savings,18743.47,719
9649,Simran Patil,61,Thane,simranpatil901254@gmail.com,Current,30699.73,740
9650,Rahul Shaikh,29,Solapur,rahulshaikh287848@gmail.com,Savings,15273.01,646
9651,Rahul Singh,28,Kolhapur,rahulsingh345300@gmail.com,Savings,21189.02,775
9652,Rahul Sharma,53,Nashik,rahulsharma552754@gmail.com,Current,17486.44,767
9653,Karan Gupta,48,Solapur,karangupta433956@gmail.com,Salary,3875.17,828
9654,Aditya Verma,28,Pune,adityaverma550231@gmail.com,Savings,14063.31,789
9655,Aditya Khan,59,Mumbai,adityakhan220138@gmail.com,Salary,41460.74,837
9656,Ananya Gupta,50,Thane,ananyagupta729730@gmail.com,Savings,42263.73,749
9657,Aditya Shaikh,31,Pune,adityashaikh219305@gmail.com,Current,30282.89,800
9658,Aditya Gupta,32,Thane,adityagupta641884@gmail.com,Current,26508.36,830
9659,Kavya Gupta,53,Solapur,kavyagupta61110@gmail.com,Current,21887.37,593
9660,Kavya Singh,66,Pune,kavyasingh114711@gmail.com,Savings,28558.93,798
9661,Aditya Verma,28,Nagpur,adityaverma599221@gmail.com,Savings,12743.48,631
9662,Arjun Singh,,Ahmednagar,arjunsingh765275@gmail.com,Savings,37986.1,736
9663,Rahul Joshi,49,Nagpur,rahuljoshi659631@gmail.com,Salary,5457.57,682
9664,Sneha Pawar,27,Mumbai,snehapawar554740@gmail.com,Current,18086.2,722
9665,Neha Verma,21,Mumbai,nehaverma92028@gmail.com,Savings,13011.66,786
9666,Akash Khan,61,Kolhapur,akashkhan507257@gmail.com,Savings,24720.99,809
9667,Mohit Sharma,61,Kolhapur,mohitsharma759346@gmail.com,Current,36907.54,644
9668,Kavya Khan,48,Solapur,kavyakhan722206@gmail.com,Current,4610.34,659
9669,Sneha Jadhav,67,Kolhapur,snehajadhav634255@gmail.com,Salary,9488.91,793
9670,Simran Khan,48,Thane,simrankhan979356@gmail.com,Current,43478.56,682
9671,Simran Khan,66,Thane,simrankhan826571@gmail.com,Savings,49288.71,761
9672,Simran Khan,19,Mumbai,simrankhan741239@gmail.com,Current,36112.55,588
9673,Sneha Shaikh,21,Thane,snehashaikh301237@gmail.com,Current,3065.82,800
9674,Pooja Sharma,63,Pune,poojasharma447898@gmail.com,Salary,46175.56,551
9675,Priya Jadhav,34,Mumbai,priyajadhav638519@gmail.com,Salary,32253.83,658
9676,Amit Shaikh,41,Aurangabad,amitshaikh889080@gmail.com,Savings,49944.78,670
9677,Sahil Patil,31,Nagpur,sahilpatil331962@gmail.com,Current,13138.9,781
9678,Vijay Patil,52,Nashik,vijaypatil272373@gmail.com,Salary,47909.64,829
9679,Vijay Jadhav,69,Ahmednagar,vijayjadhav551012@gmail.com,Salary,36786.3,827
9680,Isha Jadhav,36,Aurangabad,ishajadhav603180@gmail.com,Savings,7121.88,664
9681,Sahil Pawar,64,Nagpur,sahilpawar653618@gmail.com,Current,17738.3,
9682,Priya Shaikh,61,Pune,priyashaikh371142@gmail.com,Savings,45211.14,831
9683,Karan Verma,29,Mumbai,karanverma972240@gmail.com,Salary,20634.89,757
9684,Simran Gupta,26,Mumbai,simrangupta136114@gmail.com,Salary,15124.22,591
9685,Akash Khan,46,Kolhapur,akashkhan644229@gmail.com,Current,25001.15,651
9686,Arjun Jadhav,31,Solapur,arjunjadhav590064@gmail.com,Current,45096.66,707
9687,Akash Gupta,23,Nashik,akashgupta520609@gmail.com,Salary,26140.88,719
9688,Rohan Joshi,45,Solapur,rohanjoshi545051@gmail.com,Savings,15943.75,840
9689,Karan Gupta,67,Pune,karangupta764705@gmail.com,Current,16301.33,747
9690,Simran Singh,33,Thane,simransingh662650@gmail.com,Salary,1747.05,813
9691,Vijay Jadhav,,Kolhapur,vijayjadhav522019@gmail.com,Current,17044.74,774
9692,Pooja Jadhav,51,Ahmednagar,poojajadhav516528@gmail.com,Salary,5108.49,787
9693,Ananya Gupta,32,Nagpur,ananyagupta847328@gmail.com,Current,38405.56,563
9694,Priya Singh,27,Thane,priyasingh188746@gmail.com,Savings,29051.42,801
9695,Isha Shaikh,68,Satara,ishashaikh926688@gmail.com,Salary,24315.95,712
9696,Rahul Khan,55,Aurangabad,rahulkhan639108@gmail.com,Salary,28987.68,604
9697,Isha Singh,57,Ahmednagar,ishasingh244126@gmail.com,Current,10713.31,566
9698,Kavya Sharma,36,Thane,kavyasharma743107@gmail.com,Savings,26801.52,834
9699,Akash Jadhav,18,Nashik,akashjadhav304698@gmail.com,Savings,38334.73,617
9700,Pooja Pawar,23,Aurangabad,poojapawar203057@gmail.com,Savings,28213.66,779
9701,Rahul Sharma,45,Satara,rahulsharma1757@gmail.com,Savings,43746.14,744
9702,Simran Joshi,37,Ahmednagar,simranjoshi124049@gmail.com,Current,49064.36,595
9703,Vijay Joshi,18,Thane,vijayjoshi25251@gmail.com,Savings,14718.04,694
9704,Vijay Gupta,44,Aurangabad,vijaygupta487567@gmail.com,Savings,45943.87,743
9705,Ananya Sharma,47,Kolhapur,ananyasharma655943@gmail.com,Salary,15168.93,551
9706,Simran Pawar,21,Mumbai,simranpawar835534@gmail.com,Savings,26913.5,715
9707,Isha Sharma,54,Nashik,ishasharma123754@gmail.com,Salary,15617.66,776
9708,Simran Joshi,44,Mumbai,simranjoshi773391@gmail.com,Savings,3144.96,720
9709,Riya Pawar,51,Thane,riyapawar889365@gmail.com,Savings,42995.21,716
9710,Amit Shaikh,36,Nashik,amitshaikh217502@gmail.com,Savings,24379.49,
9711,Aditya Pawar,57,Pune,adityapawar838503@gmail.com,Current,29121.8,816
9712,Arjun Gupta,68,Aurangabad,arjungupta645297@gmail.com,Salary,10870.99,682
9713,Riya Shaikh,40,Solapur,riyashaikh434873@gmail.com,Savings,13772.82,612
9714,Isha Joshi,54,Satara,ishajoshi434253@gmail.com,Savings,25108.62,599
9715,Sneha Singh,24,Nashik,snehasingh47802@gmail.com,Salary,47998.85,693
9716,Vijay Patil,53,Nagpur,vijaypatil350106@gmail.com,Current,12419.55,574
9717,Riya Pawar,,Pune,riyapawar366734@gmail.com,Salary,12577.24,579
9718,Priya Singh,46,Satara,priyasingh587738@gmail.com,Current,9801.87,558
9719,Vijay Gupta,65,Nagpur,vijaygupta845297@gmail.com,Savings,12667.77,744
9720,Sneha Shaikh,55,Solapur,snehashaikh668570@gmail.com,Current,47911.89,757
9721,Ananya Jadhav,21,Aurangabad,ananyajadhav222752@gmail.com,Salary,11829.11,805
9722,Mohit Patil,58,Pune,mohitpatil11946@gmail.com,Salary,7745.37,730
9723,Rohan Joshi,34,Satara,rohanjoshi671836@gmail.com,Current,19486.2,835
9724,Priya Verma,51,Solapur,priyaverma211060@gmail.com,Salary,30984.61,695
9725,Sahil Khan,62,Aurangabad,sahilkhan723635@gmail.com,Current,40317.69,613
9726,Neha Jadhav,39,Aurangabad,nehajadhav295407@gmail.com,Savings,6801.81,748
9727,Pooja Khan,46,Solapur,poojakhan266876@gmail.com,Salary,18078.67,596
9728,Sahil Patil,,Thane,sahilpatil828680@gmail.com,Current,30364.01,608
9729,,52,Aurangabad,,Current,6397.34,759
9730,Amit Pawar,63,Nagpur,amitpawar71231@gmail.com,Savings,24664.31,657
9731,Akash Jadhav,59,Mumbai,akashjadhav322822@gmail.com,Current,32897.65,759
9732,Mohit Pawar,23,Nashik,mohitpawar314970@gmail.com,Salary,37796.29,807
9733,Simran Joshi,44,Pune,simranjoshi531402@gmail.com,Savings,36063.06,770
9734,Vijay Sharma,67,Satara,vijaysharma576810@gmail.com,Current,22777.45,659
9735,Akash Shaikh,33,Satara,akashshaikh339758@gmail.com,Salary,27922.11,743
9736,Simran Singh,40,Mumbai,simransingh804391@gmail.com,Current,17749.31,826
9737,Aditya Pawar,28,Thane,adityapawar6529@gmail.com,Salary,39913.26,556
9738,Ayesha Patil,44,Solapur,ayeshapatil119466@gmail.com,Current,28532.42,662
9739,Vijay Jadhav,27,Ahmednagar,vijayjadhav719250@gmail.com,Savings,14966.03,846
9740,Simran Singh,56,Pune,simransingh349572@gmail.com,Current,42694.87,710
9741,Vijay Joshi,26,Nashik,vijayjoshi358043@gmail.com,Current,26185.91,779
9742,Vijay Shaikh,55,Pune,vijayshaikh415387@gmail.com,Savings,17975.64,714
9743,Vijay Shaikh,64,Pune,vijayshaikh759684@gmail.com,Salary,46159.57,566
9744,Amit Patil,47,Nashik,amitpatil596657@gmail.com,Current,35509.6,585
9745,Akash Jadhav,58,Kolhapur,akashjadhav646015@gmail.com,Salary,17594.08,813
9746,Aditya Khan,25,Nagpur,adityakhan30631@gmail.com,Current,48850.64,681
9747,Ananya Verma,55,Mumbai,ananyaverma872560@gmail.com,Salary,1758.22,807
9748,Mohit Shaikh,48,Ahmednagar,mohitshaikh184260@gmail.com,Salary,25436.28,747
9749,Neha Verma,57,Aurangabad,nehaverma203540@gmail.com,Current,15328.2,830
9750,Pooja Joshi,40,Aurangabad,poojajoshi346669@gmail.com,Current,34610.21,830
9751,Isha Verma,,Nashik,ishaverma874429@gmail.com,Salary,31046.13,581
9752,Simran Khan,24,Nagpur,simrankhan354452@gmail.com,Current,1416.95,784
9753,Sneha Gupta,27,Nagpur,snehagupta967180@gmail.com,Savings,23628.95,705
9754,Riya Singh,38,Kolhapur,riyasingh705239@gmail.com,Savings,39209.61,775
9755,Simran Gupta,25,Solapur,simrangupta502481@gmail.com,Salary,42187.75,608
9756,Rohan Khan,63,Kolhapur,rohankhan960766@gmail.com,Savings,44121.03,846
9757,Priya Gupta,46,Solapur,priyagupta497649@gmail.com,Current,21245.0,569
9758,Rahul Joshi,46,Satara,rahuljoshi836081@gmail.com,Salary,31120.64,695
9759,Sahil Sharma,62,Nashik,sahilsharma37385@gmail.com,Savings,28802.16,684
9760,Aditya Joshi,33,Thane,adityajoshi677115@gmail.com,Savings,32930.44,606
9761,Riya Khan,40,Ahmednagar,riyakhan142448@gmail.com,Salary,15233.39,789
9762,Riya Joshi,57,Kolhapur,riyajoshi504984@gmail.com,Salary,16064.17,600
9763,Isha Joshi,32,Pune,ishajoshi163034@gmail.com,Salary,29677.38,618
9764,Rahul Gupta,60,Satara,rahulgupta657767@gmail.com,Savings,33608.72,749
9765,Rahul Verma,69,Nagpur,rahulverma483092@gmail.com,Current,20849.7,823
9766,Isha Verma,31,Thane,ishaverma935490@gmail.com,Current,4545.32,657
9767,Kavya Singh,41,Satara,kavyasingh907353@gmail.com,Current,39698.58,777
9768,Kavya Joshi,66,Nagpur,kavyajoshi563151@gmail.com,Current,35610.35,550
9769,Isha Singh,47,Solapur,ishasingh939549@gmail.com,Savings,32443.96,699
9770,Sneha Khan,35,Aurangabad,snehakhan351487@gmail.com,Savings,,849
9771,Sahil Patil,45,Satara,sahilpatil485035@gmail.com,Salary,10910.56,653
9772,Ananya Gupta,64,Satara,ananyagupta822172@gmail.com,Salary,8585.88,774
9773,Kavya Patil,52,Mumbai,kavyapatil853815@gmail.com,Current,10383.45,634
9774,Mohit Shaikh,55,Aurangabad,mohitshaikh434161@gmail.com,Current,14854.09,822
9775,Akash Jadhav,40,Aurangabad,akashjadhav972958@gmail.com,Salary,9471.71,653
9776,Riya Gupta,60,Solapur,riyagupta778756@gmail.com,Current,17985.59,589
9777,Sahil Joshi,20,Mumbai,sahiljoshi58843@gmail.com,Salary,25862.93,567
9778,Isha Patil,36,Ahmednagar,ishapatil875771@gmail.com,Savings,29318.26,601
9779,Rohan Singh,22,Pune,rohansingh546484@gmail.com,Salary,28312.35,843
9780,Kavya Sharma,59,Solapur,kavyasharma313984@gmail.com,Current,15863.05,606
9781,Vijay Sharma,27,Pune,vijaysharma592485@gmail.com,Current,39388.97,729
9782,Vijay Khan,29,Nagpur,vijaykhan760280@gmail.com,Savings,42029.53,808
9783,Sneha Sharma,18,Ahmednagar,snehasharma711241@gmail.com,Savings,957.45,754
9784,Vijay Joshi,45,Thane,vijayjoshi330928@gmail.com,Current,30839.9,765
9785,Ananya Pawar,44,Kolhapur,ananyapawar582245@gmail.com,Salary,6970.03,779
9786,Vijay Pawar,56,Satara,vijaypawar562016@gmail.com,Savings,572.95,765
9787,Akash Pawar,24,Mumbai,akashpawar19727@gmail.com,Salary,23399.19,799
9788,Pooja Sharma,21,Thane,poojasharma218479@gmail.com,Salary,36532.27,742
9789,Riya Patil,30,Kolhapur,riyapatil605545@gmail.com,Savings,4077.38,624
9790,Karan Singh,55,Solapur,karansingh718891@gmail.com,Salary,28176.71,807
9791,Neha Sharma,29,Solapur,nehasharma347932@gmail.com,Savings,12213.1,733
9792,Priya Gupta,36,Aurangabad,priyagupta838473@gmail.com,Savings,32209.81,626
9793,Neha Patil,55,Kolhapur,nehapatil960791@gmail.com,Salary,28752.96,735
9794,Sneha Patil,63,Thane,snehapatil931266@gmail.com,Salary,44230.62,581
9795,Rahul Khan,47,Thane,rahulkhan834538@gmail.com,Savings,10836.92,721
9796,Ananya Joshi,40,Solapur,ananyajoshi370871@gmail.com,Salary,23317.53,722
9797,Aditya Verma,70,Satara,adityaverma69529@gmail.com,Salary,38298.19,656
9798,Kavya Patil,64,Mumbai,kavyapatil156657@gmail.com,Salary,21889.32,622
9799,Ananya Singh,23,Pune,ananyasingh294183@gmail.com,Salary,29208.62,642
9800,Isha Jadhav,47,Mumbai,ishajadhav881678@gmail.com,Salary,24358.27,739
9801,Arjun Verma,22,Pune,arjunverma32787@gmail.com,Salary,44906.06,673
9802,Rohan Khan,67,Aurangabad,rohankhan355727@gmail.com,Current,40262.77,567
9803,Ayesha Shaikh,43,Solapur,ayeshashaikh393568@gmail.com,Current,33219.54,554
9804,Kavya Patil,60,Mumbai,kavyapatil657044@gmail.com,Savings,28638.81,757
9805,Rahul Singh,34,Nagpur,rahulsingh560326@gmail.com,Current,577.47,683
9806,Akash Joshi,34,Nashik,akashjoshi883426@gmail.com,Savings,2681.22,824
9807,Karan Verma,39,Satara,karanverma174131@gmail.com,Savings,30654.56,634
9808,,65,Solapur,,Savings,34620.18,808
9809,Mohit Joshi,55,Mumbai,mohitjoshi598817@gmail.com,Salary,8500.46,705
9810,Pooja Jadhav,47,Nagpur,poojajadhav635211@gmail.com,Salary,17095.98,722
9811,Isha Joshi,33,Ahmednagar,ishajoshi408589@gmail.com,Salary,17435.22,822
9812,Mohit Jadhav,23,Solapur,mohitjadhav196581@gmail.com,Salary,5663.39,
9813,Rahul Pawar,54,Solapur,rahulpawar624203@gmail.com,Savings,33310.9,773
9814,Riya Sharma,49,Kolhapur,riyasharma122620@gmail.com,Salary,11193.67,583
9815,Pooja Shaikh,41,Solapur,poojashaikh906692@gmail.com,Savings,1539.93,788
9816,Vijay Pawar,56,Kolhapur,vijaypawar820447@gmail.com,Savings,24017.39,804
9817,Sneha Sharma,45,Solapur,snehasharma788147@gmail.com,Savings,18585.29,723
9818,Arjun Pawar,49,Ahmednagar,arjunpawar323356@gmail.com,Savings,29758.63,590
9819,Mohit Shaikh,43,Pune,mohitshaikh739625@gmail.com,Savings,38236.12,
9820,Kavya Joshi,24,Kolhapur,kavyajoshi899588@gmail.com,Salary,19127.06,623
9821,Simran Verma,29,Aurangabad,simranverma329876@gmail.com,,10654.21,
9822,Isha Sharma,48,Nagpur,ishasharma744421@gmail.com,Current,17766.83,644
9823,Mohit Verma,51,Mumbai,mohitverma33264@gmail.com,Current,8140.8,554
9824,Ananya Sharma,32,Ahmednagar,ananyasharma284785@gmail.com,Current,48092.91,807
9825,Ananya Sharma,44,Nagpur,ananyasharma434073@gmail.com,Salary,20265.74,849
9826,Ayesha Singh,59,Aurangabad,ayeshasingh91114@gmail.com,Salary,28729.9,555
9827,Rahul Pawar,22,Pune,rahulpawar521299@gmail.com,Current,31713.51,618
9828,Riya Verma,34,Kolhapur,riyaverma919752@gmail.com,Savings,41991.57,645
9829,Ananya Khan,21,Pune,ananyakhan249285@gmail.com,Savings,7069.3,576
9830,Simran Patil,43,Kolhapur,simranpatil389733@gmail.com,Current,20809.62,728
9831,Rahul Khan,28,Aurangabad,rahulkhan473958@gmail.com,Salary,42401.61,640
9832,Sneha Shaikh,33,Kolhapur,snehashaikh869849@gmail.com,Current,35203.63,680
9833,Rohan Gupta,20,Ahmednagar,rohangupta997009@gmail.com,Salary,14753.01,800
9834,Rohan Joshi,58,Satara,rohanjoshi317429@gmail.com,Savings,11395.29,812
9835,Sneha Joshi,37,Solapur,snehajoshi226739@gmail.com,Salary,33575.87,686
9836,Sneha Khan,30,Thane,snehakhan550707@gmail.com,Current,6281.69,791
9837,Mohit Singh,51,Satara,mohitsingh317103@gmail.com,Savings,3324.15,746
9838,Priya Sharma,41,Mumbai,priyasharma183614@gmail.com,Salary,12242.49,766
9839,Rahul Verma,70,Pune,rahulverma117783@gmail.com,Salary,20418.71,558
9840,Kavya Gupta,46,Nagpur,kavyagupta392493@gmail.com,Current,32269.42,750
9841,Priya Pawar,31,Kolhapur,priyapawar823173@gmail.com,Salary,27498.14,577
9842,Sahil Shaikh,51,Satara,sahilshaikh39311@gmail.com,Savings,6853.19,795
9843,Mohit Joshi,34,Kolhapur,mohitjoshi815672@gmail.com,Current,45672.01,666
9844,Amit Joshi,58,Pune,amitjoshi212015@gmail.com,Salary,29475.5,758
9845,Rahul Jadhav,31,Aurangabad,rahuljadhav957820@gmail.com,Current,45949.64,583
9846,Rahul Gupta,35,Aurangabad,rahulgupta97202@gmail.com,Savings,36043.66,603
9847,Rahul Jadhav,70,Aurangabad,rahuljadhav465430@gmail.com,Salary,36970.59,621
9848,Ananya Sharma,26,Satara,ananyasharma530673@gmail.com,Salary,35846.59,811
9849,Kavya Jadhav,37,Ahmednagar,kavyajadhav26246@gmail.com,Salary,40607.02,580
9850,Riya Shaikh,65,Nagpur,riyashaikh837938@gmail.com,Current,3769.67,821
9851,Amit Shaikh,58,Nagpur,amitshaikh506209@gmail.com,Savings,23384.8,666
9852,Isha Shaikh,42,Solapur,ishashaikh949014@gmail.com,Current,25099.2,787
9853,Simran Gupta,39,Kolhapur,simrangupta524444@gmail.com,Salary,14841.25,704
9854,Rohan Singh,43,Aurangabad,rohansingh161662@gmail.com,Current,8726.76,671
9855,Sahil Joshi,48,Nagpur,sahiljoshi199551@gmail.com,Savings,43597.25,685
9856,Ananya Singh,39,Mumbai,ananyasingh356737@gmail.com,Salary,23472.25,741
9857,Mohit Joshi,59,Mumbai,mohitjoshi968603@gmail.com,Savings,1490.56,772
9858,Neha Singh,20,Mumbai,nehasingh507057@gmail.com,Current,4668.46,573
9859,Rahul Jadhav,67,Mumbai,rahuljadhav768120@gmail.com,Current,3668.25,664
9860,Vijay Gupta,66,Kolhapur,vijaygupta916428@gmail.com,Salary,8022.87,647
9861,Isha Shaikh,,Nashik,ishashaikh549163@gmail.com,Savings,31560.89,
9862,Vijay Pawar,39,Nashik,vijaypawar325534@gmail.com,Salary,16776.39,785
9863,Riya Patil,40,Nagpur,riyapatil813305@gmail.com,Current,27274.26,762
9864,Ananya Sharma,30,Solapur,ananyasharma343338@gmail.com,Savings,9089.29,642
9865,Mohit Jadhav,53,Satara,mohitjadhav150355@gmail.com,Savings,46534.34,697
9866,Pooja Shaikh,54,Nashik,poojashaikh806959@gmail.com,Current,10862.54,829
9867,Priya Verma,42,Ahmednagar,priyaverma914247@gmail.com,Salary,913.55,786
9868,Sahil Gupta,50,Kolhapur,sahilgupta103124@gmail.com,Current,24648.29,713
9869,Aditya Pawar,22,Pune,adityapawar862174@gmail.com,Current,4928.83,609
9870,Isha Patil,29,Nashik,ishapatil983689@gmail.com,Current,23054.2,821
9871,Sahil Verma,30,Mumbai,sahilverma541318@gmail.com,Salary,42802.71,657
9872,Ananya Gupta,41,Kolhapur,ananyagupta709689@gmail.com,Current,9197.73,834
9873,Ayesha Singh,66,Ahmednagar,ayeshasingh139264@gmail.com,Savings,35729.57,626
9874,Mohit Jadhav,51,Ahmednagar,mohitjadhav215254@gmail.com,Salary,22317.32,617
9875,Ananya Shaikh,28,Thane,ananyashaikh759867@gmail.com,,7250.23,606
9876,Mohit Khan,31,Nagpur,mohitkhan38428@gmail.com,Savings,16566.67,704
9877,Kavya Khan,27,Mumbai,kavyakhan481782@gmail.com,Current,41887.04,554
9878,Arjun Verma,52,Thane,arjunverma406515@gmail.com,Savings,46575.3,685
9879,Ayesha Verma,,Ahmednagar,ayeshaverma748444@gmail.com,Salary,7920.36,701
9880,Sneha Shaikh,33,Pune,snehashaikh906919@gmail.com,Salary,48201.45,689
9881,Aditya Pawar,,Mumbai,adityapawar547818@gmail.com,Savings,,660
9882,Rohan Gupta,46,Satara,rohangupta121562@gmail.com,Current,39119.75,843
9883,Kavya Verma,65,Thane,kavyaverma4409@gmail.com,Salary,25147.96,771
9884,Rohan Khan,57,Pune,rohankhan326187@gmail.com,Current,38855.96,631
9885,Arjun Jadhav,53,Nagpur,arjunjadhav977726@gmail.com,Current,,787
9886,Rohan Sharma,33,Kolhapur,rohansharma46268@gmail.com,Current,15821.31,849
9887,Akash Patil,38,Pune,akashpatil720526@gmail.com,Savings,16607.88,625
9888,Kavya Shaikh,50,Nashik,kavyashaikh889422@gmail.com,Current,16295.15,557
9889,Ananya Patil,63,Ahmednagar,ananyapatil623255@gmail.com,Salary,26812.29,754
9890,Ananya Joshi,18,Pune,ananyajoshi914327@gmail.com,Current,25230.61,561
9891,Neha Jadhav,22,Nashik,nehajadhav91405@gmail.com,Current,22166.55,663
9892,Arjun Pawar,65,Satara,arjunpawar349579@gmail.com,Salary,48556.31,643
9893,Ayesha Jadhav,35,Ahmednagar,ayeshajadhav489654@gmail.com,Current,39855.31,649
9894,Isha Jadhav,62,,ishajadhav932478@gmail.com,Savings,23953.11,671
9895,Sneha Jadhav,59,Mumbai,snehajadhav48481@gmail.com,Salary,8685.67,751
9896,Rohan Pawar,19,Kolhapur,rohanpawar108211@gmail.com,Savings,-6077.91,762
9897,Rohan Sharma,45,Nashik,rohansharma545965@gmail.com,Salary,30776.34,604
9898,Mohit Gupta,50,Pune,mohitgupta803498@gmail.com,Savings,13305.97,722
9899,Aditya Khan,33,Kolhapur,adityakhan691095@gmail.com,Savings,47981.19,781
9900,Arjun Verma,26,Aurangabad,arjunverma781870@gmail.com,Savings,42261.34,799
9901,Mohit Patil,55,Kolhapur,mohitpatil327759@gmail.com,Savings,21961.91,820
9902,Sneha Gupta,31,Satara,snehagupta23672@gmail.com,Savings,1588.08,688
9903,Priya Shaikh,40,Nagpur,priyashaikh605715@gmail.com,Savings,41207.05,750
9904,Kavya Patil,45,Solapur,kavyapatil795438@gmail.com,Current,24871.68,588
9905,Akash Sharma,63,Thane,akashsharma327405@gmail.com,Savings,20924.16,836
9906,Kavya Khan,57,Satara,kavyakhan669983@gmail.com,Salary,47215.88,824
9907,,37,Ahmednagar,,Salary,,680
9908,Mohit Singh,48,Nagpur,mohitsingh935571@gmail.com,Current,21149.21,637
9909,Amit Patil,32,Solapur,amitpatil220139@gmail.com,Savings,15252.81,781
9910,Sahil Joshi,29,Pune,sahiljoshi336567@gmail.com,Current,26191.58,558
9911,Amit Joshi,45,Solapur,amitjoshi210397@gmail.com,Current,13203.78,638
9912,Karan Pawar,30,Nagpur,karanpawar201998@gmail.com,Savings,16186.44,699
9913,Riya Gupta,38,Pune,riyagupta300587@gmail.com,Savings,40271.59,719
9914,Mohit Joshi,35,Pune,mohitjoshi290188@gmail.com,Current,37947.9,843
9915,Vijay Verma,53,Nashik,vijayverma558231@gmail.com,Current,14405.98,817
9916,Sahil Jadhav,47,Aurangabad,sahiljadhav334752@gmail.com,Current,40416.17,646
9917,Mohit Verma,18,Mumbai,mohitverma810426@gmail.com,Savings,8725.99,721
9918,Amit Joshi,31,Ahmednagar,amitjoshi462643@gmail.com,Current,19466.26,685
9919,Pooja Shaikh,55,Aurangabad,poojashaikh703824@gmail.com,Savings,17177.3,828
9920,Rohan Joshi,44,Solapur,rohanjoshi123465@gmail.com,Current,19693.95,781
9921,Simran Singh,42,Pune,simransingh285998@gmail.com,Current,35999.76,766
9922,Sneha Verma,26,Aurangabad,snehaverma156674@gmail.com,Savings,44428.83,709
9923,Simran Joshi,29,Solapur,simranjoshi165246@gmail.com,Savings,34350.89,625
9924,Karan Khan,38,Solapur,karankhan287029@gmail.com,Current,7727.69,802
9925,Sneha Khan,48,Mumbai,snehakhan120120@gmail.com,Savings,1841.22,581
9926,Kavya Verma,53,Mumbai,kavyaverma16097@gmail.com,Current,31939.64,787
9927,Amit Joshi,40,Thane,amitjoshi653305@gmail.com,Savings,34188.18,775
9928,Simran Joshi,37,Pune,simranjoshi586910@gmail.com,Current,4346.69,622
9929,Mohit Shaikh,48,Ahmednagar,mohitshaikh539131@gmail.com,Savings,40180.51,606
9930,Isha Gupta,47,Kolhapur,ishagupta107448@gmail.com,Savings,26711.38,632
9931,Isha Pawar,32,Nashik,ishapawar216712@gmail.com,Salary,918.34,781
9932,Aditya Patil,64,Kolhapur,adityapatil568982@gmail.com,Savings,9438.3,591
9933,Neha Verma,27,Kolhapur,nehaverma367435@gmail.com,Salary,45507.71,771
9934,Aditya Patil,34,Thane,adityapatil576151@gmail.com,Salary,37657.37,828
9935,Simran Shaikh,21,Pune,simranshaikh334055@gmail.com,Savings,5033.22,819
9936,Isha Khan,25,Mumbai,ishakhan284318@gmail.com,Salary,7996.4,592
9937,Simran Sharma,36,Solapur,simransharma148533@gmail.com,Salary,31798.51,819
9938,Simran Patil,65,Thane,simranpatil989198@gmail.com,Salary,2154.43,667
9939,Rahul Sharma,23,Ahmednagar,rahulsharma738668@gmail.com,Salary,17340.7,784
9940,Vijay Sharma,66,Aurangabad,vijaysharma843158@gmail.com,Savings,19970.57,749
9941,Simran Singh,53,Pune,simransingh297127@gmail.com,Current,42010.94,819
9942,Pooja Singh,40,Satara,poojasingh602069@gmail.com,Current,20683.12,776
9943,Sahil Singh,,Aurangabad,sahilsingh256817@gmail.com,Current,15218.48,826
9944,Kavya Pawar,35,Nagpur,kavyapawar179694@gmail.com,Savings,13918.99,662
9945,Riya Gupta,20,Pune,riyagupta74803@gmail.com,Current,22754.7,665
9946,Isha Pawar,33,Aurangabad,ishapawar326603@gmail.com,Savings,19958.25,757
9947,Neha Patil,58,Thane,nehapatil643152@gmail.com,Current,7253.63,779
9948,,34,Solapur,,Savings,35419.61,739
9949,Isha Jadhav,64,Aurangabad,ishajadhav935684@gmail.com,Salary,18297.03,761
9950,Priya Pawar,43,Solapur,priyapawar355293@gmail.com,Savings,7920.76,638
9951,Mohit Shaikh,63,Mumbai,mohitshaikh566936@gmail.com,Savings,23037.81,729
9952,Riya Jadhav,33,Nagpur,riyajadhav465298@gmail.com,Current,44541.69,764
9953,Ayesha Shaikh,50,Mumbai,ayeshashaikh53290@gmail.com,Current,11645.25,705
9954,Vijay Khan,38,Satara,vijaykhan136492@gmail.com,Current,42234.83,730
9955,,68,Nagpur,,Savings,41422.19,803
9956,Sahil Jadhav,51,Kolhapur,sahiljadhav30501@gmail.com,Savings,20042.57,617
9957,Mohit Khan,33,Satara,mohitkhan493702@gmail.com,Savings,12717.53,829
9958,Rahul Shaikh,55,Nashik,rahulshaikh947270@gmail.com,Current,6086.37,697
9959,Amit Gupta,30,Thane,amitgupta708408@gmail.com,Current,43189.63,773
9960,Sahil Sharma,19,Kolhapur,sahilsharma53006@gmail.com,Salary,7462.2,592
9961,Pooja Patil,20,Aurangabad,poojapatil111172@gmail.com,Savings,29363.15,775
9962,Amit Sharma,50,Nagpur,amitsharma402333@gmail.com,Savings,46048.83,564
9963,Pooja Sharma,69,Thane,poojasharma56513@gmail.com,Current,37742.94,649
9964,Akash Verma,51,Satara,akashverma90402@gmail.com,Salary,14044.93,618
9965,Ananya Sharma,42,Solapur,ananyasharma447281@gmail.com,Current,40248.98,840
9966,Ananya Sharma,21,Satara,ananyasharma411054@gmail.com,Current,24256.49,608
9967,Simran Singh,63,Kolhapur,simransingh187777@gmail.com,Current,4834.85,767
9968,Arjun Verma,53,Nashik,arjunverma739008@gmail.com,Salary,39296.91,665
9969,,40,Mumbai,,Salary,9865.0,694
9970,Priya Shaikh,58,Satara,priyashaikh625178@gmail.com,Current,41724.27,805
9971,Amit Shaikh,67,Nashik,amitshaikh934670@gmail.com,Current,47163.91,655
9972,Rohan Verma,47,Aurangabad,rohanverma621649@gmail.com,Current,12471.45,624
9973,Mohit Jadhav,35,Pune,mohitjadhav660147@gmail.com,Savings,9023.44,749
9974,Arjun Singh,58,Solapur,arjunsingh876892@gmail.com,Salary,7774.51,745
9975,Riya Gupta,19,Kolhapur,riyagupta723748@gmail.com,Salary,35537.13,766
9976,Akash Joshi,70,Nashik,akashjoshi733437@gmail.com,Salary,1175.16,795
9977,Aditya Pawar,51,Pune,adityapawar467593@gmail.com,Current,4304.6,846
9978,Simran Gupta,61,Nashik,simrangupta646353@gmail.com,Current,36113.06,719
9979,Riya Singh,33,Ahmednagar,riyasingh372999@gmail.com,Savings,35497.34,814
9980,Vijay Sharma,65,Satara,vijaysharma327717@gmail.com,Current,25159.87,779
9981,Karan Singh,53,Nagpur,karansingh348575@gmail.com,Salary,44018.82,637
9982,Sneha Verma,33,Nashik,snehaverma857250@gmail.com,Savings,28446.67,623
9983,Priya Shaikh,57,Nashik,priyashaikh207872@gmail.com,Savings,5574.13,595
9984,Ananya Sharma,43,Nashik,ananyasharma747628@gmail.com,Current,49423.35,639
9985,Riya Verma,53,Satara,riyaverma795342@gmail.com,Current,40355.33,817
9986,Ananya Singh,37,Thane,ananyasingh703558@gmail.com,Savings,30945.34,633
9987,Akash Verma,44,Thane,akashverma848712@gmail.com,Salary,14775.78,604
9988,Mohit Shaikh,40,Kolhapur,mohitshaikh559499@gmail.com,Salary,1496.01,592
9989,Sahil Gupta,68,Nagpur,sahilgupta82461@gmail.com,Current,41151.42,677
9990,Kavya Sharma,52,Thane,kavyasharma967709@gmail.com,Savings,43168.85,727
9991,Rohan Shaikh,66,Nashik,rohanshaikh792553@gmail.com,Salary,10700.45,698
9992,Ananya Sharma,24,Nashik,ananyasharma801661@gmail.com,Savings,45634.11,730
9993,Ananya Sharma,23,Nagpur,ananyasharma488416@gmail.com,Salary,12227.5,668
9994,Mohit Patil,62,Mumbai,mohitpatil595470@gmail.com,Savings,14642.46,762
9995,Akash Joshi,20,Aurangabad,akashjoshi138297@gmail.com,Salary,25292.89,587
9996,Arjun Verma,30,Thane,arjunverma97529@gmail.com,Salary,34016.97,663
9997,Arjun Singh,53,Solapur,arjunsingh852436@gmail.com,Savings,35189.32,800
9998,Vijay Singh,65,Nagpur,vijaysingh841425@gmail.com,Current,7402.65,833
9999,Karan Khan,23,Nagpur,karankhan964463@gmail.com,Salary,38887.84,648
10000,Vijay Singh,51,Nagpur,vijaysingh732634@gmail.com,Current,16374.93,553
